"cycle_id","values","FPA","Accuracy","failures_25%_opt","failures_25%","exec_time_25%_opt","exec_time_25%","failures_50%_opt","failures_50%","exec_time_50%_opt","exec_time_50%","failures_75%_opt","failures_75%","exec_time_75%_opt","exec_time_75%"
"ce0c082898e3551d313fb5b73763f399232b3fd5",11,0.9142951251646902,1,0,0,0.006,0.006,0,0,0.102,0.593,0,0,0.7939999999999997,1.2686999999999995
"5b98a73e4db8d0cb1f29138b2f14319df7840ce1",14.999999999999998,0.7915860215053767,0.8666666666666666,0,0,0.004,0.2589666666666667,0,0,0.08,0.8547999999999999,0,0,0.7539999999999999,3.310066666666667
"1d1883f0e20215720eb583fd43eee088808c616b",85.00000000000001,0.8124186206510348,0.6156862745098041,0,0,0,0.26736666666666664,0,0,0.024,2.6483000000000003,0,0,0.18899999999999995,6.568866666666667
"bd9adbb637a8a4aa5eb61c6fde2c576d0ab3c4fa",11,0.8013175230566535,1,0,0,0.003,0.003,0,0,0.11199999999999999,1.4016666666666668,0,0,0.8299999999999998,2.314233333333333
"0fe9685c8a78ba2d780a3ec1e1a323990dc6d218",2,1,1,0,0,0,0,0,0,0,0,0,0,0,0
"3899cc6570bd9176c84ad2d5d14febc6c0ddd964",1,1,0.03333333333333334,0,0,0.045999999999999985,0.045999999999999985,0,0,0.045999999999999985,0.045999999999999985,0,0,0.045999999999999985,0.045999999999999985
"697329630f16ee37cab30004aab5b0831fc9ecc3",11,0.8206192358366273,0.909090909090909,0,0,0.003,0.003,0,0,0.086,1.4233666666666667,0,0,0.7969999999999999,2.3095999999999997
"009e33bb5d2950ad46d80f0b84ac77f075378859",1,1,1,0,0,0.11400000000000002,0.11400000000000002,0,0,0.11400000000000002,0.11400000000000002,0,0,0.11400000000000002,0.11400000000000002
"0223a4d4cd127a1e209a04d8e1eff3296c0ed8c1",3,0.7857142857142854,0.6666666666666666,0,0,0.015000000000000001,0.04099999999999998,0,0,0.015000000000000001,0.04099999999999998,0,0,0.05599999999999999,0.115
"aa31bc6c313789c344d715b7c1aeea0cd8de47e2",6.999999999999997,0.8580952380952385,0.4285714285714285,0,0,0.006,0.096,0,0,0.024,0.13806666666666664,0,0,0.14200000000000002,0.23299999999999998
"7e85d1cf54b1e467607a0019b56f91577ebe2e4f",57.00000000000001,0.9172524264183699,0.8520467836257309,0,0,0,0.0205,0,0,0.029000000000000005,0.05716666666666667,0,0,0.178,1.9430999999999998
"13cd4e0ac3ab76a4dc091eda457f9a111727cba2",6,0.9747252747252747,1,0,0,0.001,0.002,0,0,0.006,0.006,0,0,0.027999999999999997,0.04853333333333333
"648eebba22d6398a01b0924975bedced8469ac80",57.00000000000001,0.9523396196638526,0.9157894736842107,0,0,0,0.0038,0,0,0.03,0.047700000000000006,0,0,0.17400000000000004,2.215133333333335
"eaa9269ac80c2a957cabed0c46173149a4137c24",57.00000000000001,0.9465725032220733,0.933333333333333,0,0,0,0.002566666666666667,0,0,0.024999999999999994,0.0251,0,0,0.181,2.1653
"4a26a86d0c0d9a72a0505ceedc7f1e39b984c302",45,0.9339162286988374,0.8177777777777778,0,0,0.005999999999999999,0.03143333333333334,0,0,0.068,0.08433333333333334,0,0,0.20399999999999996,0.3858666666666667
"e4b7ee81c1773eeb0bb71ca53bf722f046c16a16",6.999999999999997,0.889047619047619,0.857142857142857,0,0,0.006,0.008533333333333334,0,0,0.030000000000000002,1.1649999999999998,0,0,0.13200000000000003,1.285033333333333
"fbb5d31a581c24e925c442a7754358d2b62a669d",38,0.8927756454072246,0.8692982456140351,0,0,0,0.013,0,0,0.022999999999999993,0.07999999999999997,0,0,0.134,1.2599666666666667
"ec2fa6bd5695b36435cc66ca4cdd8183d077a0cf",1,1,1,0,0,0.12300000000000001,0.12300000000000001,0,0,0.12300000000000001,0.12300000000000001,0,0,0.12300000000000001,0.12300000000000001
"a06c99b9c094d66f0d33bd69e15fe01ba52a8b05",1,1,1,0,0,0.126,0.126,0,0,0.126,0.126,0,0,0.126,0.126
"b2c1afce7eb13ea44fc7d25562cc3bb83cc91b2f",19,0.7866126855600538,0.8140350877192981,0,0,0.006,0.012,0,0,0.04399999999999999,0.21263333333333334,0,0,0.122,0.7768666666666667
"c7c85ee39892df3ca007c6596c41654865be7e43",8.999999999999998,0.7716959064327487,0.6666666666666666,0,0,0,0.08813333333333331,0,0,0.002,0.10453333333333335,0,0,0.010999999999999998,0.105
"1f56bd103d53c8c6ba7502c6586c26be01bfdb80",45,0.9081881403620534,0.9318518518518518,0,0,0.009999999999999997,0.0153,0,0,0.07,0.2544333333333333,0,0,0.21699999999999994,0.7102333333333329
"2d61e349dbd3e2e81450c9ac531218220b7e422d",23,0.8799337033610852,0.9521739130434782,0,0,0,0.01096666666666667,0,0,0.004999999999999998,0.013633333333333332,0,0,0.033000000000000015,2.3410000000000006
"c503d742f094dc2048b72c3f78f5e2e6070a44e1",21.000000000000007,0.8477801268498942,0.7841269841269839,0,0,0.009,0.05893333333333334,0,0,0.04499999999999998,0.3025333333333333,0,0,0.13299999999999998,0.519433333333333
"a2d41db55aa46bd4fedb215c978f03e282cf1ffb",21.000000000000007,0.8976341487969397,0.9238095238095236,0,0,0.004999999999999998,0.004999999999999998,0,0,0.036,0.46093333333333325,0,0,0.119,0.5592333333333332
"71d9e00d42b278ce9d216b33bf1a9c8606fbcb49",21.000000000000007,0.9249270109735226,0.876190476190476,0,0,0.006999999999999999,0.008399999999999998,0,0,0.045999999999999985,0.3657,0,0,0.143,0.5168333333333333
"0b11c6043467e9d06880a069bba68d90fbcbb018",1,1,1,0,0,0.08900000000000001,0.08900000000000001,0,0,0.08900000000000001,0.08900000000000001,0,0,0.08900000000000001,0.08900000000000001
"a81791c093ffb27150c98585aa3bebeabd3586d5",3,0.8047619047619047,0.6666666666666666,0,0,0.013000000000000003,0.020999999999999998,0,0,0.013000000000000003,0.020999999999999998,0,0,0.034,0.09639999999999999
"291eaf16bf208e1012dc5da722a53fb5870c3035",2,0.7999999999999998,0.016666666666666666,0,0,0.065,0.106,0,0,0.065,0.106,0,0,0.065,0.106
"d772e171d64c9dc617f16cbb8475d13792538e15",6,0.873260073260073,0.7277777777777779,0,0,0.009,0.011766666666666665,0,0,0.03300000000000001,0.06949999999999999,0,0,0.05300000000000001,0.1343666666666666
"d0049e1ac38c11d10431b2b9f76d03f3a62ab44b",22,0.8306719367588934,0.8893939393939392,0,0,0.006999999999999999,0.011999999999999999,0,0,0.043,0.4467,0,0,0.13200000000000003,0.7198666666666668
"ab60f735c721103ac888d8d7b801055921336687",3,0.7904761904761902,1,0,0,0.013999999999999997,0.05500000000000001,0,0,0.013999999999999997,0.05500000000000001,0,0,0.06899999999999999,0.1299
"ecf6de89ba1a6542c68194e95d14ea944b6c92b7",1,1,1,0,0,0.09199999999999997,0.09199999999999997,0,0,0.09199999999999997,0.09199999999999997,0,0,0.09199999999999997,0.09199999999999997
"a2660687980b36003a612eb89b40d6fdecb4b153",1,1,1,0,0,0.11800000000000001,0.11800000000000001,0,0,0.11800000000000001,0.11800000000000001,0,0,0.11800000000000001,0.11800000000000001
"b3c31a379e9ad7cd22cb7f0669b82361ced84992",21.000000000000007,0.8608980167119703,0.9015873015873012,0,0,0.004,0.011999999999999999,0,0,0.035,0.6292666666666665,0,0,0.144,0.7722
"4ff5974c4ab78f82ab43ff6e518fab72b366c1f6",2,1,1,0,0,0.001,0.001,0,0,0.001,0.001,0,0,0.001,0.001
"204ed0048f4812201ef65c9a0c44fa54a7d1e04f",1,1,1,0,0,0.11100000000000002,0.11100000000000002,0,0,0.11100000000000002,0.11100000000000002,0,0,0.11100000000000002,0.11100000000000002
"ae91ab56ac68bdb2a42b694167c8e6d77026210a",4,0.9099999999999999,1,0,0,0.006,0.006,0,0,0.024,0.3512,0,0,0.34199999999999997,0.6616000000000002
"be21e8fc35f564abe742026bc234d3bc59e84bf4",11,0.7636363636363636,0.909090909090909,0,0,0.006,0.5880000000000001,0,0,0.10400000000000001,1.3503666666666667,0,0,0.8389999999999999,2.246033333333333
"05a6beba76b3195b26f2b15919d4f3a95b22c580",10.000000000000002,0.7697835497835498,0.8999999999999996,0,0,0.002,0.004999999999999998,0,0,0.21699999999999994,2.229366666666667,0,0,0.7909999999999997,2.761433333333334
"e64b51c70fa9f5e2795e91e6729ebd895f7f3c01",21.000000000000007,0.8835598510017114,0.9523809523809523,0,0,0.004999999999999998,0.004999999999999998,0,0,0.041999999999999996,0.6083999999999999,0,0,0.13799999999999998,0.717
"dad86bc0a29689fd29bf03b382a39621718e8b05",101.99999999999999,0.8792075144052411,0.8058823529411765,0,0,0,0.0050333333333333315,0,0,0.023999999999999997,2.9119,0,0,0.20299999999999996,7.0254666666666665
"9c506279188a90dbbe124386cc52016682d17b5c",24,0.7705306122448978,0.9208333333333332,0,0,0.009999999999999995,4.369066666666665,0,0,0.07,5.526333333333335,0,0,0.2290000000000001,6.154833333333334
"b9f04d9be3e7ff300520da194fe29ed5c1861787",32,0.8927942890442893,0.8072916666666666,0,0,0,0.03403333333333333,0,0,0.020999999999999998,0.0361,0,0,0.13499999999999995,0.8075666666666664
"ad1b72b7ece0166c5fbe0c6136213589eeed9945",113.00000000000003,0.9016366107268485,0.8607669616519174,0,0,0,0.007000000000000001,0,0,0.016,0.0387,0,0,0.15400000000000005,8.223833333333333
"8eace0187ea2c0c1a6e3a5b5e24e701f6e23ae94",33,0.8966876845717935,0.8818181818181816,0,0,0.004999999999999998,0.024766666666666666,0,0,0.024999999999999994,0.03313333333333334,0,0,0.12000000000000004,0.8600666666666664
"72bbbbc559992e5e6bf17279d8194aaa80c62e85",14.999999999999998,0.8711559139784948,0.9666666666666666,0,0,0.004,0.0042000000000000015,0,0,0.082,1.745066666666666,0,0,0.7229999999999995,2.8147666666666664
"42f2058c83f256d8654b349d5249d6f59920f88b",107.99999999999999,0.915867770277359,0.9194444444444443,0,0,0,0.01879999999999999,0,0,0.032,0.05286666666666667,0,0,0.21099999999999997,8.608600000000003
"d5293751676da9816a415dbc8a3cf703ff13205d",2,1,1,0,0,0,0,0,0,0,0,0,0,0,0
"feb7ba55120feb5e3ad3f526fae7dee1b5189d9e",1,1,1,0,0,0.09999999999999998,0.09999999999999998,0,0,0.09999999999999998,0.09999999999999998,0,0,0.09999999999999998,0.09999999999999998
"ff2672a57816d75a740813f8d26d830bd2f9b7cf",1,1,1,0,0,0.9259999999999996,0.9259999999999996,0,0,0.9259999999999996,0.9259999999999996,0,0,0.9259999999999996,0.9259999999999996
"bdb074610c87a210ea4c0d91d579cb4558f4b19f",1,1,1,0,0,0.89,0.89,0,0,0.89,0.89,0,0,0.89,0.89
"64d820bffae723b9c8669301b246ae199db61b5c",1,1,1,0,0,0.9190000000000002,0.9190000000000002,0,0,0.9190000000000002,0.9190000000000002,0,0,0.9190000000000002,0.9190000000000002
"09686fad46d49016057bae8f02dc79f409b7bd10",24,0.8515510204081633,0.8749999999999997,0,0,0.008,0.009999999999999995,0,0,0.06899999999999999,6.328733333333335,0,0,0.22799999999999998,7.252666666666667
"0807eedad6aa9544d90b2e7cec103fb9c40b714d",57.00000000000001,0.9103406191641025,0.8859649122807015,0,0,0.008,0.013799999999999998,0,0,0.07000000000000002,0.33393333333333336,0,0,0.26200000000000007,2.8478333333333334
"d58d64ddb1f205a54c7eb57fe0cbec9c59cad8d6",4,0.7722222222222221,1,0,0,0.031000000000000003,4.627900000000001,0,0,0.07399999999999997,4.6705,0,0,0.134,4.859999999999999
"d962a2b31c9a7216c2df557eaed3e475b13939f1",3,0.7928571428571427,1,0,0,0.010999999999999998,0.040299999999999996,0,0,0.010999999999999998,0.040299999999999996,0,0,0.051,0.08646666666666666
"3421e6adb4a3a4fadae79feb0f180e78e2698374",24,0.8397074829931972,0.9347222222222222,0,0,0.009999999999999995,0.010999999999999998,0,0,0.077,6.831733333333332,0,0,0.256,7.329766666666664
"9c5b6cdc7108eb071785b0c4edd205650cdf1ca4",40.00000000000001,0.9227582053598313,0.9591666666666665,0,0,0.008,0.015499999999999996,0,0,0.047999999999999994,1.0043333333333337,0,0,0.15699999999999995,6.799733333333335
"31d02f6806e4d2e9ca86706af33acca334bf2eef",4,0.7944444444444442,1,0,0,0.032,3.9905,0,0,0.07500000000000002,4.031666666666667,0,0,0.13,4.855
"db6f7c1d74ba64211221a69cfa9fe7171a9199e8",14.999999999999998,0.8347580645161287,1,0,0,0.004,0.0059,0,0,0.094,3.0897666666666663,0,0,0.748,4.2241333333333335
"78c373d7bc23e81c82cac6feb66a9f6b9472f8ab",2,1,1,0,0,0,0,0,0,0,0,0,0,0,0
"8c99b8299df8f5af5136e4ad53ea5111f953db92",2,1,1,0,0,0.001,0.001,0,0,0.001,0.001,0,0,0.001,0.001
"1eecfc948bf6f4cbb9a2481313ca7368ec653056",5.000000000000001,0.9236363636363635,0.6000000000000002,0,0,0.006999999999999998,0.008633333333333337,0,0,0.020999999999999998,0.020999999999999998,0,0,0.05099999999999998,0.4510000000000002
"ac5a216f767c6defa4da720c6ecb3baa05e30254",1,1,1,0,0,0.278,0.278,0,0,0.278,0.278,0,0,0.278,0.278
"cac7a60abf0a4451a5c80ef57343a14ea1ba443f",113.00000000000003,0.9088680924173127,0.8920353982300884,0,0,0,0.009366666666666667,0,0,0.010999999999999998,0.030199999999999998,0,0,0.164,10.538533333333337
"d9a2c69a9d1db6072e1d7b7ea4fcbd5c15d20b5d",5.000000000000001,0.9436363636363637,0.7999999999999998,0,0,0.004,0.004,0,0,0.016,0.016,0,0,0.03999999999999998,0.566
"a3b74d9c230a85df8ebeef3169fc1cd0439c9a87",111.00000000000001,0.9174369917643461,0.8912912912912914,0,0,0,0.010699999999999998,0,0,0.019000000000000003,0.03743333333333334,0,0,0.179,12.441533333333332
"d0f6be9886afaee6080cd4b7cd5d165c767b71f0",1,1,0,0,0,0.060000000000000005,0.060000000000000005,0,0,0.060000000000000005,0.060000000000000005,0,0,0.060000000000000005,0.060000000000000005
"8ac857c41ec8ae02e57eb0c1c1a012525e7e14b9",1,1,1,0,0,0.335,0.335,0,0,0.335,0.335,0,0,0.335,0.335
"10d2363fcdd6e15568f765ba0dfd5f0cfa0b04eb",1,1,0,0,0,0.04399999999999999,0.04399999999999999,0,0,0.04399999999999999,0.04399999999999999,0,0,0.04399999999999999,0.04399999999999999
"5f4249e2ec8cccb17b27a7ffd032c4fc237a6927",1,1,0.5999999999999999,0,0,0.05200000000000001,0.05200000000000001,0,0,0.05200000000000001,0.05200000000000001,0,0,0.05200000000000001,0.05200000000000001
"8232c096cef785a2ba88a7324b882a7badb0af44",1,1,0.9666666666666665,0,0,0.053,0.053,0,0,0.053,0.053,0,0,0.053,0.053
"c6a410adf832e0e6eeee824365b1c5799bfc1391",1,1,1,0,0,0.07799999999999997,0.07799999999999997,0,0,0.07799999999999997,0.07799999999999997,0,0,0.07799999999999997,0.07799999999999997
"b10d58ece8657de1b132cbe2c766bc25f1fd2986",1,1,1,0,0,0.05800000000000001,0.05800000000000001,0,0,0.05800000000000001,0.05800000000000001,0,0,0.05800000000000001,0.05800000000000001
"a04151819758fceb7f0cb855d279c9d46b2e9851",1,1,1,0,0,0.05800000000000001,0.05800000000000001,0,0,0.05800000000000001,0.05800000000000001,0,0,0.05800000000000001,0.05800000000000001
"86a59601b570585dcb7a1ce3d1ccc8e16008f53a",4,0.9044444444444444,1,0,0,0,0,0,0,0.063,0.13233333333333333,0,0,0.15399999999999997,0.2264333333333333
"33bb9fe25b9200e75cc4bf2483b17a35df960034",57.999999999999986,0.9111375863567563,0.8965517241379309,0,0,0.002,0.018233333333333338,0,0,0.031000000000000003,0.04853333333333333,0,0,0.18299999999999997,4.898633333333334
"809e2bed22f02264e0ac58bba070f6d84386cfc5",1,1,1,0,0,1.232,1.232,0,0,1.232,1.232,0,0,1.232,1.232
"5acf310d08b2bc5182cf936616ef70938cb2c499",55.99999999999998,0.9263107991216982,0.9714285714285714,0,0,0,0.010833333333333332,0,0,0.029000000000000005,0.03189999999999999,0,0,0.198,7.05303333333333
"38140a5d8dffec88f7c88da73ce3989770e086e6",55.99999999999998,0.9283840131301706,0.9922619047619047,0,0,0,0.011266666666666664,0,0,0.03300000000000001,0.03396666666666668,0,0,0.21500000000000002,7.1042
"4a32861c326696e82efd3947384bd6d949faab28",45,0.9378053830227746,0.8562962962962962,0,0,0.004999999999999998,0.01786666666666666,0,0,0.062000000000000006,0.07066666666666666,0,0,0.21399999999999997,0.758933333333333
"103b64a373256feae6ca85f2bf220e7694e48fa4",55.99999999999998,0.9083616119945883,0.9470238095238093,0,0,0.006,0.026099999999999998,0,0,0.05700000000000001,0.06,0,0,0.24599999999999994,7.169333333333333
"6423a7665516d738ae50d272e3b4ca72cdb89a9d",55.99999999999998,0.9213803313593718,0.9107142857142857,0,0,0,0.01233333333333333,0,0,0.036,0.04216666666666666,0,0,0.22200000000000006,7.053266666666663
"91d6bd74fa358fdc8d7cb7681c76c509fd9a8e7d",17.999999999999996,0.8299826141931406,0.7148148148148147,0,0,0.017,0.024333333333333318,0,0,0.063,0.6624666666666665,0,0,0.16100000000000003,0.9130666666666665
"8f9271399aca64a6f5afe36d3eec365eb68e310e",25,0.9037043740573151,0.9786666666666665,0,0,0.006,0.010666666666666665,0,0,0.036,0.8333,0,0,0.12000000000000001,1.3106999999999995
"8274993e293a79fc75829df398233915a6387a4b",1,1,1,0,0,0.08999999999999996,0.08999999999999996,0,0,0.08999999999999996,0.08999999999999996,0,0,0.08999999999999996,0.08999999999999996
"e2dbe55d56bd6c1209276050f527d36717e33e1d",3,0.8523809523809522,1,0,0,0.010999999999999998,0.041999999999999996,0,0,0.010999999999999998,0.041999999999999996,0,0,0.05300000000000001,0.07966666666666665
"10325422e5a4735aa87a4d47bdb377e09fe963d2",6,0.7472527472527472,0.5555555555555556,0,0,0.012,0.04399999999999999,0,0,0.047,0.089,0,0,0.071,0.13033333333333333
"a945ecbbdda782b51d5c2c670345fbf4dffacab7",55.99999999999998,0.891414376649589,0.8952380952380953,0,0,0,0.019033333333333333,0,0,0.029000000000000005,0.045099999999999994,0,0,0.19399999999999998,6.971299999999997
"e4c72a5522aabfa6a660088aa9262d849756e464",1,1,0,0,0,0.04499999999999998,0.04499999999999998,0,0,0.04499999999999998,0.04499999999999998,0,0,0.04499999999999998,0.04499999999999998
"8c5335e6c67f88568099622cf37667d69db06524",55.99999999999998,0.9253082928560338,0.9285714285714286,0,0,0,0.012866666666666662,0,0,0.038000000000000006,0.04543333333333333,0,0,0.22299999999999998,7.044166666666668
"4f82195afdc4279c05826fc20f8642bfdaaafec3",111.00000000000001,0.9062482325374702,0.8603603603603605,0,0,0,0.005133333333333335,0,0,0.015,0.03670000000000001,0,0,0.23200000000000004,11.3899
"607e3447c92754d871a3f2eb8c472e45afed6c1c",36.999999999999986,0.8995846372688479,0.8918918918918918,0,0,0,0.006033333333333332,0,0,0.009,0.08290000000000003,0,0,0.08399999999999999,1.885033333333333
"aadb9a31ed969fc72cc87d486ec02383faa5bd06",98,0.9117846861864263,0.9306122448979592,0,0,0,0.007533333333333332,0,0,0.031000000000000003,0.041066666666666654,0,0,0.24000000000000007,13.248566666666665
"eb2b89efbe15ab0b70fd94f0ecd0aa03866fb4d2",101.99999999999999,0.9164808959340307,0.9562091503267972,0,0,0,0.010766666666666667,0,0,0.019000000000000003,0.03463333333333334,0,0,0.198,11.52806666666667
"151f2cd3d80c006f4ec228cdf610c3a35feb195d",6.999999999999997,0.8449999999999998,0.7142857142857142,0,0,0.006,0.011466666666666668,0,0,0.026000000000000006,0.09800000000000002,0,0,0.13,1.2225000000000006
"33884b226454324f27700f9069f4702b44ef8ced",6.999999999999997,0.8783333333333334,0.6761904761904761,0,0,0.009,0.011766666666666668,0,0,0.034,0.7777333333333334,0,0,0.14600000000000007,1.2984666666666667
"23108b1bd90de315aed37fa3fc1f38f8a56ab9ba",4,0.7666666666666663,1,0,0,0.006999999999999998,0.09999999999999998,0,0,0.05700000000000001,0.15000000000000008,0,0,0.136,0.157
"d6644e4fbe3d125eed2d85e58fc7133466042f10",55.99999999999998,0.9105651296382553,0.918452380952381,0,0,0,0.017299999999999992,0,0,0.029000000000000005,0.04116666666666665,0,0,0.22200000000000003,7.128433333333334
"96c8ea2fb3719e2f6e3d7a4d7b46718f26515a86",66,0.9224979001098406,0.8939393939393939,0,0,0.002,0.0282,0,0,0.041,0.05056666666666668,0,0,0.20900000000000007,3.5318333333333336
"dc53e49b4afa5d59c533cf2b4918402c37411fbd",1,1,0.6999999999999998,0,0,0.036,0.036,0,0,0.036,0.036,0,0,0.036,0.036
"f9cab271b3bc8c2fb6e2c51449ad3bc07e62e174",6.999999999999997,0.8761904761904762,0.8190476190476189,0,0,0.006,0.0076,0,0,0.027000000000000007,0.8929999999999997,0,0,0.13,1.3213999999999997
"383bc8eefae7e17d0bb0349ab2300488c655ec42",6.999999999999997,0.8947619047619046,0.8095238095238094,0,0,0.006,0.0069,0,0,0.027000000000000007,0.07533333333333328,0,0,0.068,0.21199999999999997
"eafeca43268f16aa9d4a179e44b9e7747699c1eb",1,1,1,0,0,0.053,0.053,0,0,0.053,0.053,0,0,0.053,0.053
"61bc7f27b498d919d0a534d00de2aa6d0ebf7447",44,0.9137090001134945,0.9545454545454546,0,0,0,0.02273333333333333,0,0,0.019000000000000003,0.02693333333333333,0,0,0.126,3.222333333333333
"9b481a97010a19e375cf423ffe25dda1b40e0e47",55.99999999999998,0.9213038126289173,0.9244047619047621,0,0,0.006999999999999999,0.026166666666666668,0,0,0.053,0.059,0,0,0.255,6.881433333333333
"cfdc3f767c0063224622af168e78c6b2d2c77388",20.000000000000004,0.9068292682926828,0.7316666666666668,0,0,0.004999999999999998,0.015399999999999997,0,0,0.026000000000000002,0.04639999999999998,0,0,0.09199999999999997,0.1785666666666667
"4733cb5b798cd72aed82a9118648b4a86c91539f",6.999999999999997,0.9269047619047618,1,0,0,0,0.0007000000000000001,0,0,0.009,0.009,0,0,0.05900000000000002,0.766
"3f103f8c9b72ef6ada41684c122ef7bd3cc90d22",1,1,1,0,0,0.11000000000000001,0.11000000000000001,0,0,0.11000000000000001,0.11000000000000001,0,0,0.11000000000000001,0.11000000000000001
"1f73bbeb67683e8852f889e8f11c8fb1b4d963a2",1,1,1,0,0,0.059000000000000004,0.059000000000000004,0,0,0.059000000000000004,0.059000000000000004,0,0,0.059000000000000004,0.059000000000000004
"1e5c2b87792b58f45fd3b33f1373925ebfe879a0",6,0.8315018315018317,0.5,0,0,0.013000000000000003,0.039466666666666664,0,0,0.04700000000000001,0.077,0,0,0.07300000000000004,0.10300000000000001
"a40b2a907a69e51675d7d0502b2608833c4da343",55.99999999999998,0.9245791469825004,0.9666666666666665,0,0,0.004,0.019966666666666667,0,0,0.041999999999999996,0.04939999999999999,0,0,0.22899999999999995,7.2451333333333325
"c37a911d3a1541adc25c8d76f717015b2266d123",55.99999999999998,0.9263612571251137,0.9285714285714286,0,0,0,0.011900000000000003,0,0,0.03500000000000001,0.03596666666666665,0,0,0.2249999999999999,7.074700000000001
"2dd459003e19e4bbc2811b10d38337f295fc5a19",1,1,0,0,0,0.05099999999999999,0.05099999999999999,0,0,0.05099999999999999,0.05099999999999999,0,0,0.05099999999999999,0.05099999999999999
"a069c490e8119189fa2b43d3b597b79b3d42a367",55.99999999999998,0.9181077694235591,0.9505952380952379,0,0,0.002,0.015266666666666668,0,0,0.03999999999999999,0.04309999999999999,0,0,0.22399999999999998,7.444833333333334
"d79e43216faba4b3e73536915bfddc550cc0f20f",55.99999999999998,0.9303158338323685,0.9577380952380953,0,0,0,0.009299999999999998,0,0,0.03500000000000001,0.036866666666666666,0,0,0.22000000000000003,6.9282666666666675
"ff4497aff8cc9de4e0b2c6e5e23e5b6550f76f29",55.99999999999998,0.9145624015791692,0.9410714285714289,0,0,0,0.011799999999999998,0,0,0.031000000000000003,0.031000000000000003,0,0,0.20499999999999996,7.060366666666663
"ea666d523021a3c33294030e7c6ac49a77be543a",1,1,1,0,0,0.086,0.086,0,0,0.086,0.086,0,0,0.086,0.086
"05647d46e9ac2bf674b320e8467616aa72954f3e",55.99999999999998,0.9033463082484972,0.9648809523809525,0,0,0.001,0.018800000000000004,0,0,0.031000000000000003,0.033000000000000015,0,0,0.21699999999999994,7.240866666666669
"8d95ae41975a2307501aa0f4a7eba296c59edce9",45,0.9374666879014705,0.9222222222222222,0,0,0.004999999999999998,0.013133333333333332,0,0,0.05700000000000001,0.0701666666666667,0,0,0.186,0.9359333333333335
"8d601ab71228f7c3dff950540e7ee6e4043e9053",45,0.9308754047884481,0.89037037037037,0,0,0.006,0.01103333333333333,0,0,0.05599999999999999,0.07729999999999998,0,0,0.1809999999999999,0.6577333333333336
"0095d8adf26b9469115b1be0358cb09d1fcb5fd4",17.999999999999996,0.8458511142721669,0.8888888888888888,0,0,0.008,0.03523333333333332,0,0,0.05200000000000001,0.6420000000000001,0,0,0.128,0.7570000000000001
"0f6a292a29fedd49741310cd517ac4ba907bf8d4",17.999999999999996,0.8044570886676154,0.9185185185185185,0,0,0.009999999999999997,0.009999999999999997,0,0,0.05400000000000001,0.6447333333333335,0,0,0.13899999999999996,0.7680666666666667
"c14890f08b9bb47ab8ad27f4dd4c714e32961d0d",14.999999999999998,0.7844892473118279,0.9177777777777776,0,0,0.003,0.003,0,0,0.079,4.0295999999999985,0,0,0.743,5.2058
"f3d2d55ab9b783af65f2050272cd0318a9ad23a2",14.999999999999998,0.8308333333333331,0.9977777777777778,0,0,0.0049999999999999975,0.0049999999999999975,0,0,0.08999999999999996,3.7478,0,0,0.842,4.7798
"efdff37fbacefe35c6f459b6f8a7483d3da85f8c",11,0.7885375494071147,1,0,0,0.006,0.006,0,0,0.10400000000000001,1.9499999999999997,0,0,0.9459999999999997,2.525233333333334
"33c104e1b4aee768558c63b2a43a88132ff93f6b",13.999999999999995,0.7864367816091951,1,0,0,0.004,0.004,0,0,0.179,4.616633333333334,0,0,0.821,5.235333333333335
"c0771cbc3c445a9d1d2a43ac4ce3c0edbc806957",1,1,1,0,0,1.177,1.177,0,0,1.177,1.177,0,0,1.177,1.177
"3aface95813003ff75505e2ed7d75b072228d3f8",1,1,1,0,0,0.207,0.207,0,0,0.207,0.207,0,0,0.207,0.207
"2c437a12bbc578442daaef85ab486d1e55763853",1,1,0,0,0,0.14600000000000007,0.14600000000000007,0,0,0.14600000000000007,0.14600000000000007,0,0,0.14600000000000007,0.14600000000000007
"ec700cf69db225654aadce932dc000bdab302ccd",14.999999999999998,0.7445967741935481,0.9333333333333332,0,0,0.004,0.006999999999999999,0,0,0.08399999999999999,4.461399999999999,0,0,0.7640000000000003,5.1678999999999995
"ab0570e63aae3027239dcd5d22caab95111a5de8",14.999999999999998,0.8188440860215053,0.9844444444444442,0,0,0.004,0.004,0,0,0.08600000000000001,4.0648,0,0,0.787,4.957333333333334
"f015fb2b31a5621689a57ce9d2d300e5f32357e1",1,1,1,0,0,0.083,0.083,0,0,0.083,0.083,0,0,0.083,0.083
"0f87dceb80b432b434dbd81ed4f1ab97c740efc1",64,0.9375398777579009,0.9281250000000001,0,0,0.001,0.0089,0,0,0.036999999999999984,0.044099999999999986,0,0,0.22000000000000003,6.7005
"c9a5e54a7c0b4c0be46940d136677a2c9f052ed7",55.99999999999998,0.9125063765608713,0.9494047619047619,0,0,0.004999999999999998,0.024966666666666675,0,0,0.043,0.044,0,0,0.21899999999999997,7.1174
"23c706ff915c4be7d371d3098fc8de2cc3aa2b67",5.000000000000001,0.8472727272727272,0.6000000000000002,0,0,0,0.019600000000000003,0,0,0.018,0.041999999999999996,0,0,0.04999999999999999,0.07399999999999997
"71a1c49eb3610984173728751b1a5e78ddf40c6f",1,1,0,0,0,0.09500000000000001,0.09500000000000001,0,0,0.09500000000000001,0.09500000000000001,0,0,0.09500000000000001,0.09500000000000001
"cf950e7365848130c5c2d57c871652e6f83e96a8",1,1,1,0,0,0.6550000000000001,0.6550000000000001,0,0,0.6550000000000001,0.6550000000000001,0,0,0.6550000000000001,0.6550000000000001
"b836907ddbc53d8c47d2e2a6a36a690faa2d82e6",53.99999999999999,0.9000568374880299,0.9259259259259259,0,0,0,0.004799999999999999,0,0,0.024,0.8053666666666667,0,0,0.1910000000000001,6.5964333333333345
"46c42fcdaa16542b0f167ea429b613fd653e6fc8",1,1,1,0,0,1.2539999999999998,1.2539999999999998,0,0,1.2539999999999998,1.2539999999999998,0,0,1.2539999999999998,1.2539999999999998
"e6b830bf95f712672cb9e77cd852606cd134c5fc",11,0.764756258234519,1,0,0,0.008,0.008,0,0,0.11399999999999999,1.986033333333333,0,0,0.895,2.7446666666666664
"050b67d4f88d60e03a57fa5cf2177088b8224092",10.000000000000002,0.7922077922077921,1,0,0,0.004999999999999998,0.004999999999999998,0,0,0.234,2.101866666666667,0,0,0.8220000000000001,2.6222333333333334
"5df67bf13af9a044f3bf7d8df3bd2daa763843a7",10.000000000000002,0.789004329004329,1,0,0,0.006,0.006,0,0,0.28199999999999986,2.264666666666666,0,0,0.8630000000000001,2.8068333333333326
"695342cb1cef42f30fd1a8496f181c92b21ae82d",1,1,1,0,0,0.15699999999999997,0.15699999999999997,0,0,0.15699999999999997,0.15699999999999997,0,0,0.15699999999999997,0.15699999999999997
"b6d35656f4b0dde16c2e6e5a04c1487e244708a8",55.99999999999998,0.9192877104265087,0.9255952380952381,0,0,0,0.008266666666666665,0,0,0.027000000000000007,0.035500000000000004,0,0,0.204,6.9829
"09c52410e62b0e1e221d413d7ab18feefcca6bf7",13.999999999999995,0.9049589490968798,0.9285714285714286,0,0,0,0.005633333333333331,0,0,0.018,0.018,0,0,0.08500000000000002,0.7889999999999998
"429c847b24d2c4adb0b9768d1e38bf05e5bafb7b",55.99999999999998,0.9122136092443501,0.9869047619047618,0,0,0.003,0.01886666666666666,0,0,0.037,0.037,0,0,0.2249999999999999,6.8715
"9dcd87f9c46786f3da54af7ac1ba4696840dffa8",13.999999999999995,0.9215435139573067,0.9285714285714286,0,0,0.001,0.005866666666666666,0,0,0.020999999999999998,0.020999999999999998,0,0,0.105,0.8119999999999999
"f55530a2ffd3c481f6554d98e9d73f2e8c62ec8d",13.999999999999995,0.9288669950738916,0.857142857142857,0,0,0.002,0.00723333333333333,0,0,0.031000000000000003,0.031,0,0,0.12099999999999998,0.8399666666666666
"dfd69e038cc7035031d1807c4ade870d2a7e2ece",25,0.8815927601809954,0.8413333333333334,0,0,0.004,0.07773333333333331,0,0,0.038000000000000006,0.102,0,0,0.139,1.517266666666667
"7d54a14a75b55568a59760382a0a56e8cd3428f3",1,1,1,0,0,0.9039999999999998,0.9039999999999998,0,0,0.9039999999999998,0.9039999999999998,0,0,0.9039999999999998,0.9039999999999998
"db12f89ad2e153d8494a92ee3a50a23faeb14912",46,0.9226791202888605,0.8521739130434779,0,0,0.010999999999999998,0.021899999999999996,0,0,0.071,0.09730000000000004,0,0,0.20299999999999996,0.8926999999999998
"a49ea7a65b7990b3e6e625bc8bfff7396ee49300",2,0.7999999999999998,1,0,0,0.013999999999999997,0.07000000000000002,0,0,0.013999999999999997,0.07000000000000002,0,0,0.013999999999999997,0.07000000000000002
"aa75c23b2e51c8d42730c8b410e6a7148a7bb094",25.999999999999996,0.7951835725420631,0.8807692307692303,0,0,0.009999999999999997,0.07753333333333333,0,0,0.06299999999999997,1.1244000000000005,0,0,0.20800000000000005,1.6486333333333327
"2d6dea18b08caf615329eef0032f16911c5388d0",47.00000000000001,0.9111944755505785,0.8773049645390071,0,0,0.009999999999999997,0.026866666666666664,0,0,0.07399999999999997,0.19376666666666667,0,0,0.23,0.8895333333333333
"41bc4cd029fc486b5570ec344cdeae049bbca860",1,1,0,0,0,0.074,0.074,0,0,0.074,0.074,0,0,0.074,0.074
"51b2cabf2c3737de06fc889b39d40240d1b134c2",1,1,1,0,0,0.12000000000000001,0.12000000000000001,0,0,0.12000000000000001,0.12000000000000001,0,0,0.12000000000000001,0.12000000000000001
"8a05e0b0f640289c32f2f261f35450532cc2a1aa",1,1,1,0,0,0.08700000000000002,0.08700000000000002,0,0,0.08700000000000002,0.08700000000000002,0,0,0.08700000000000002,0.08700000000000002
"82d76aca8b4d845ed7bc5c74280f089c35447637",55.99999999999998,0.9189699913500564,0.9547619047619046,0,0,0,0.007233333333333334,0,0,0.03300000000000001,1.1491,0,0,0.2119999999999999,6.337866666666664
"1b362986bc99c04941d046ebb36e19c370435b1f",55.99999999999998,0.8919721871049304,0.9422619047619045,0,0,0,0.0133,0,0,0.027000000000000007,0.032999999999999995,0,0,0.19000000000000003,7.1331666666666695
"a08ec31dbf212a033953dc6916a743dccbb93e37",2,1,1,0,0,0,0,0,0,0,0,0,0,0,0
"0136218fa363560cba9b2378d979f64a35e9b425",2,1,1,0,0,0,0,0,0,0,0,0,0,0,0
"795fe5d869594bde53f8490d75eedef6185b6c37",47.00000000000001,0.8954451287793954,0.8744680851063829,0,0,0.006,0.027133333333333332,0,0,0.06000000000000001,0.099,0,0,0.24700000000000003,1.1412666666666667
"5556118ad13fbb80a56d7b8de6f960e9ff8255b8",2,1,0.5,0,0,0.05400000000000001,0.05400000000000001,0,0,0.05400000000000001,0.05400000000000001,0,0,0.05400000000000001,0.05400000000000001
"31fcd3bd8b3f0a9cd203d1e0767985e366ccfe28",1,1,1,0,0,0.13100000000000003,0.13100000000000003,0,0,0.13100000000000003,0.13100000000000003,0,0,0.13100000000000003,0.13100000000000003
"f13d18cff3f0932e727dda04bf80008fc2fbbc70",20.000000000000004,0.8542973286875726,0.8599999999999998,0,0,0.004999999999999998,0.04606666666666667,0,0,0.043,0.6287,0,0,0.126,0.7912333333333333
"35c27d025beba1c1a26c6a4a101ef4e4602274cd",57.00000000000001,0.906069070727794,0.9631578947368421,0,0,0,0.013599999999999998,0,0,0.026000000000000002,0.030066666666666672,0,0,0.21399999999999997,7.106733333333335
"f643b4fa939e89348618ddffae20a804f4461363",1,1,1,0,0,0.162,0.162,0,0,0.162,0.162,0,0,0.162,0.162
"7f7fa03eac02850550cb28f370a4d2adbb2295fb",57.00000000000001,0.9099308240616532,0.9567251461988305,0,0,0.003,0.014933333333333331,0,0,0.027999999999999997,0.02803333333333333,0,0,0.178,7.119133333333333
"cdfb2aa1e1ae3029e5d73cb3b5ca90c7df222c8a",1,1,1,0,0,0.15900000000000003,0.15900000000000003,0,0,0.15900000000000003,0.15900000000000003,0,0,0.15900000000000003,0.15900000000000003
"bd5cc81ed7f91865aee7a5a7febeb237220d0c5a",33,0.9109266501716017,0.9414141414141415,0,0,0,0.010800000000000002,0,0.033333333333333326,0.010999999999999998,0.018633333333333335,0.9999999999999991,0.9999999999999991,0.10300000000000001,0.8776333333333333
"a9f350eb94eb9f165bb5dd13912fbde3eced2dbc",33,0.9215526644850611,0.9696969696969697,0,0,0.003,0.013200000000000002,0,0,0.027000000000000007,0.027000000000000007,0.9999999999999991,0.9999999999999991,0.11699999999999998,0.9147333333333333
"8c7687b9ffa8e95492a5b1c62618f8cfad34299d",1,1,0,0,0,0.05099999999999999,0.05099999999999999,0,0,0.05099999999999999,0.05099999999999999,0,0,0.05099999999999999,0.05099999999999999
"657704627b297a19a693645cf03c5c70ccd9a8bd",6,0.821245421245421,0.5,0,0,0.019000000000000003,0.04499999999999998,0,0,0.062000000000000006,0.08500000000000002,0,0,0.089,0.162
"855a5238558d87dd70c6195e12f167b5848808bb",57.00000000000001,0.9102717062521372,0.9432748538011695,0,0,0.002,0.016100000000000003,0,0,0.04,0.043933333333333324,0,0,0.20600000000000004,7.000666666666665
"600eb9eb99dc5c03b047e3c81b49ee4769787c6a",57.00000000000001,0.9028959204608221,0.9280701754385967,0,0,0.003,0.029333333333333336,0,0,0.045999999999999985,0.04999999999999999,0,0,0.22799999999999998,7.162633333333333
"363cbf7908cfcc6a538126bcccf5c955afda6aa1",1,1,0.33333333333333337,0,0,0.059000000000000004,0.059000000000000004,0,0,0.059000000000000004,0.059000000000000004,0,0,0.059000000000000004,0.059000000000000004
"c636539836ecb541d9ef71f2d347772cf9f6bc52",1,1,1,0,0,0.6229999999999997,0.6229999999999997,0,0,0.6229999999999997,0.6229999999999997,0,0,0.6229999999999997,0.6229999999999997
"7cf5e01c2a152a0b612cb19e02213879a57c14d2",1,1,1,0,0,0.272,0.272,0,0,0.272,0.272,0,0,0.272,0.272
"e8d861359ade336badcac3211e5aa447097479a6",1,1,1,0,0,0.068,0.068,0,0,0.068,0.068,0,0,0.068,0.068
"d0e2bfc46659025e6262b2e5de984a8359c9dada",50,0.919629586488061,0.8659999999999998,0,0,0.001,0.011700000000000002,0,0,0.029000000000000005,0.04290000000000001,0,0,0.14099999999999996,1.0890333333333333
"7e605378202fe4e6c9f4aa6a10201b4205238710",47.00000000000001,0.913100037327361,0.868085106382979,0,0,0.004,0.012433333333333334,0,0,0.048,0.1270666666666667,0,0,0.19700000000000004,0.9164666666666664
"928e74f73f62f241c986f6ff609575e1d833413d",47.00000000000001,0.9025569242254573,0.924113475177305,0,0,0.004999999999999998,0.018033333333333325,0,0,0.05500000000000001,0.5599,0,0,0.22200000000000003,0.9568666666666669
"044367419dd317eb9f9935d8360280b8b8695462",35.99999999999999,0.9045045045045044,0.9277777777777781,0,0,0,0.018933333333333333,0,0,0.012,0.024933333333333342,0,0,0.10199999999999998,1.2342666666666666
"bd7788b384a87024ddd6bbe6a9bd9a167cf2ec12",35.99999999999999,0.9116376650623225,0.9203703703703702,0,0,0.002,0.0189,0,0,0.017,0.021999999999999995,0,0,0.115,1.149833333333333
"86a082e8be8c51f07079ded82d6d125c9efc1791",1,1,0,0,0,0.04900000000000001,0.04900000000000001,0,0,0.04900000000000001,0.04900000000000001,0,0,0.04900000000000001,0.04900000000000001
"00bf35cdd92813881274a355a33e7e659f5eddaa",4,0.8888888888888887,0.75,0,0,0.04900000000000001,0.04900000000000001,0,0,0.10300000000000001,0.1603333333333333,0,0,0.18399999999999994,0.30199999999999994
"ab25f67348d4885620df86497889c1826f013a73",1,1,1,0,0,0.065,0.065,0,0,0.065,0.065,0,0,0.065,0.065
"ebcef2d16a81bfe1a818a362fd03cb5063640003",59,0.8983819968665431,0.9096045197740112,0,0,0.004999999999999998,0.020100000000000007,0,0,0.059,0.9102666666666667,0,0,0.2249999999999999,1.880833333333333
"04a2a4b456c8448b9e63edbf5479d1fe745917ab",6.999999999999997,0.8990476190476189,0.9952380952380951,0,0,0,0.004199999999999999,0,0,0.018,0.3877999999999999,0,0,0.2710000000000001,1.2174000000000005
"07811434b773b6e1737fe7dd3775aeab8afb18b8",1,1,1,0,0,0.10499999999999998,0.10499999999999998,0,0,0.10499999999999998,0.10499999999999998,0,0,0.10499999999999998,0.10499999999999998
"b715d18f09591c510dded3a447a3ad1aacfa2173",4,0.677777777777778,1,0,0,0.048,0.13766666666666666,0,0,0.099,0.24700000000000003,0,0,0.17999999999999997,0.298
"aaeb4c621a88facc673949003713d259ac67f0dd",1,1,1,0,0,0.16799999999999998,0.16799999999999998,0,0,0.16799999999999998,0.16799999999999998,0,0,0.16799999999999998,0.16799999999999998
"5bdf0a938adb384bfdb6cc494a2781e2ac33b0ea",1,1,1,0,0,0.16399999999999992,0.16399999999999992,0,0,0.16399999999999992,0.16399999999999992,0,0,0.16399999999999992,0.16399999999999992
"ce1bd5785d05d3df324e1169aab4abd45f4281f7",33,0.8161279165668981,0.8070707070707069,0,0,0.009999999999999997,0.022399999999999996,0,0,0.068,0.4411666666666667,0,0,0.20800000000000002,0.5870666666666664
"30c85ad05363767deeefee577063c2c432b971d4",2,0.9733333333333333,1,0,0,0.08199999999999996,0.08826666666666663,0,0,0.08199999999999996,0.08826666666666663,0,0,0.08199999999999996,0.08826666666666663
"1661e5519c4836a5a940b13b7797263443156fc9",6,0.9450549450549447,0.8333333333333333,0,0,0,0.006,0,0,0.013000000000000001,0.013000000000000001,0,0,0.03999999999999999,0.147
"954ade4c1ae2adc0aaac3a1dbe800495c519520c",2,0.7999999999999998,1,0,0,0.013000000000000003,0.13499999999999995,0,0,0.013000000000000003,0.13499999999999995,0,0,0.013000000000000003,0.13499999999999995
"a64153a3710c5035988690f0acf57dd61b711cf4",25,0.8250437405731522,0.852,0,0,0.006,0.033266666666666674,0,0,0.062000000000000006,3.1565000000000003,0,0,0.20500000000000002,5.907299999999998
"a6443e146f825291308319c6a0f2eb82aa34f8c3",2,0.8066666666666665,1,0,0,0.016,0.06916666666666665,0,0,0.016,0.06916666666666665,0,0,0.016,0.06916666666666665
"4bd982d1a1df87724682c17c39bf27b5cbe389be",8.999999999999998,0.7843274853801169,0.8888888888888888,0,0,0.003,0.006,0,0,0.027000000000000007,1.7387000000000004,0,0,0.22299999999999998,1.9957666666666671
"8767cd4f1a6af07093c1e6c422dae8e574be7e5e",14.999999999999998,0.7501344086021505,0.882222222222222,0,0,0.004999999999999998,0.8310666666666666,0,0,0.091,2.2924000000000007,0,0,0.8530000000000001,5.028533333333335
"914844e1b226a1ac7ba45626ecfdfb56e7b2e263",1,1,1,0,0,0.07799999999999997,0.07799999999999997,0,0,0.07799999999999997,0.07799999999999997,0,0,0.07799999999999997,0.07799999999999997
"36b00f803a0b307c30f79378cd758323c242cc65",1,1,0.7999999999999999,0,0,0.053,0.053,0,0,0.053,0.053,0,0,0.053,0.053
"44516f77ecd06aa818263ec31e150bab3edd956b",55.99999999999998,0.8914016235278462,0.9285714285714286,0,0,0.001,0.0097,0,0,0.03500000000000001,5.759600000000001,0,0,0.20500000000000002,6.894100000000001
"98fa164cd88d126d0f137f5bcb4a1d180e0c2fc4",1,1,1,0,0,0.3400000000000001,0.3400000000000001,0,0,0.3400000000000001,0.3400000000000001,0,0,0.3400000000000001,0.3400000000000001
"c79e6fb8f95bb07d2394221b29b75fcc016f4900",1,1,1,0,0,0.047,0.047,0,0,0.047,0.047,0,0,0.047,0.047
"4670a941be92a55fbaaa3b4055d444e07ffcadb0",2,0.7999999999999998,1,0,0,0.036,0.13799999999999998,0,0,0.036,0.13799999999999998,0,0,0.036,0.13799999999999998
"6597c196521af500feef7a02610727eafa7ec1dc",4,0.8333333333333333,0.5,0,0,0.001,0.04999999999999999,0,0,0.020999999999999998,0.051,0,0,0.07100000000000001,0.11399999999999999
"cde4c529034e182a982fd842252ec410d213c34c",12.999999999999998,0.8861619861619863,0.91025641025641,0,0,0.004,0.013799999999999996,0,0,0.019999999999999993,0.021999999999999995,0,0,0.059000000000000004,0.24516666666666673
"b5f5449cf338376d12404d0190054525987f4276",12.999999999999998,0.9202686202686199,0.8461538461538458,0,0,0.003,0.0071333333333333335,0,0,0.019000000000000003,0.020999999999999998,0,0,0.05500000000000001,0.22019999999999995
"721a6e59f7e4f5c0f3196d3eb0e81cab5e41d065",1,1,0.19999999999999998,0,0,0.04399999999999999,0.04399999999999999,0,0,0.04399999999999999,0.04399999999999999,0,0,0.04399999999999999,0.04399999999999999
"c7c424fb9c3a39b6ea036242e44cdca324f7d104",1,1,0,0,0,0.05200000000000001,0.05200000000000001,0,0,0.05200000000000001,0.05200000000000001,0,0,0.05200000000000001,0.05200000000000001
"a0f9db28319f45feb56982d21239fed451b6c3ef",47.00000000000001,0.911892497200448,0.9553191489361704,0,0,0.008,0.02213333333333333,0,0,0.061,0.07100000000000001,0,0,0.21199999999999997,0.927633333333333
"0f5c769e0c27a5f31a3451aa7372048bed08e9f7",54.99999999999999,0.9061898911898914,0.947272727272727,0,0,0.002,0.010999999999999996,0,0,0.03300000000000001,3.0446666666666657,0,0,0.19600000000000004,6.460833333333333
"7337507a796ed6717feb87f4e9829467872c1741",1,1,0,0,0,0.071,0.071,0,0,0.071,0.071,0,0,0.071,0.071
"a8f41ec97d139f5d0d7cf161e8484f2bb809facc",12.999999999999998,0.8738705738705738,0.7692307692307693,0,0,0.001,0.016,0,0,0.018,0.019999999999999993,0,0,0.05400000000000001,0.2748666666666667
"0181c8059c081d144cad36d003379bd50fcd9da7",1,1,1,0,0,0.07600000000000001,0.07600000000000001,0,0,0.07600000000000001,0.07600000000000001,0,0,0.07600000000000001,0.07600000000000001
"66f8569ecc8173d61b7d182f4da0223ae7dbda38",1,1,0,0,0,0.03999999999999999,0.03999999999999999,0,0,0.03999999999999999,0.03999999999999999,0,0,0.03999999999999999,0.03999999999999999
"12e597a78cbf9d82414b944a5b285d81a2e27e51",12.999999999999998,0.9298738298738302,0.923076923076923,0,0,0.004999999999999998,0.005099999999999999,0,0,0.024,0.024,0,0,0.065,0.2805999999999999
"b45435c950e6f6864671bdffde29e26cdc8ce15b",12.999999999999998,0.921204721204721,0.8461538461538458,0,0,0.003,0.010999999999999998,0,0,0.027000000000000007,0.030000000000000002,0,0,0.072,0.31420000000000003
"05bf337fc0095d2557368b481f332245f5754b03",54.99999999999999,0.902102492102492,0.9212121212121214,0,0,0,0.010466666666666664,0,0,0.024999999999999994,2.3576333333333332,0,0,0.17800000000000002,6.678333333333334
"5482ce61b003726a9476c76a4337e043af4318c0",1,1,1,0,0,0.074,0.074,0,0,0.074,0.074,0,0,0.074,0.074
"31a9fa0cce769c976d74cdcb6e6ce8831793db7b",1,1,1,0,0,0.08799999999999998,0.08799999999999998,0,0,0.08799999999999998,0.08799999999999998,0,0,0.08799999999999998,0.08799999999999998
"6b9c3315885f8f9e4be19db9ef05257035b97bca",54.99999999999999,0.9001778401778403,0.9199999999999997,0,0,0,0.020333333333333328,0,0,0.034,0.0389,0,0,0.192,6.827533333333332
"3ce7f9eecfacbf3de716a8338ad4929371a66ca2",54.99999999999999,0.9211372411372414,0.9909090909090909,0,0,0.003,0.00976666666666667,0,0,0.036999999999999984,0.037,0,0,0.22200000000000006,6.250333333333333
"4282efae5f4ab456cef3acac5574f13f4f450b9e",54.99999999999999,0.9043518193518195,0.981212121212121,0,0,0,0.008233333333333336,0,0,0.024999999999999994,0.024999999999999994,0,0,0.20199999999999996,6.507800000000001
"ba7c788042ce0f4e156b6900d3d698e47aef5a4d",6,0.6201465201465202,0.6666666666666666,0,0,0.006,0.165,0,0,0.024,0.20299999999999999,0,0,0.034,0.213
"4259a706ab8641f408afc3ce224b1c0ba5a43d17",5.000000000000001,0.9284848484848485,1,0,0,0.004999999999999998,0.004999999999999998,0,0,0.009999999999999997,0.009999999999999997,0,0,0.03999999999999998,0.5689999999999997
"e9610ccf30f657e247997242af68e113cc4ba231",12.999999999999998,0.8987789987789992,0.8461538461538458,0,0,0.006,0.015800000000000005,0,0,0.027999999999999994,0.027999999999999997,0,0,0.06899999999999999,0.2990666666666666
"9fe11e688e3562264350dcdd02730276ea233ed4",54.99999999999999,0.9070100620100618,0.9248484848484848,0,0,0.002,0.01173333333333333,0,0,0.024,0.0282,0,0,0.17200000000000001,6.605433333333332
"b521820b23c45fd068618d10955eceed48801eff",12.999999999999998,0.9002035002035,0.923076923076923,0,0,0.003,0.01226666666666667,0,0,0.018,0.018,0,0,0.051,0.2647333333333333
"bf80b9e2803aa277047951a7251267bfb7097c3b",54.99999999999999,0.9044775944775942,0.9454545454545454,0,0,0,0.013366666666666669,0,0,0.03000000000000001,0.030000000000000006,0,0,0.20299999999999999,6.7319666666666675
"661d16d190708a1a396d8b75ba10738e4574c11d",25,0.8582383107088989,0.9600000000000001,0,0,0,0.01743333333333334,0,0,0.006,0.021133333333333334,0,0,0.029000000000000005,0.04399999999999999
"3c2673e82d33b6c9bef3005a896e5b0d52b108dd",1,1,0,0,0,0.04499999999999998,0.04499999999999998,0,0,0.04499999999999998,0.04499999999999998,0,0,0.04499999999999998,0.04499999999999998
"e423b0bc2dea4167ad98fffc1afd9243ba73aad6",1,1,0.6666666666666667,0,0,0.05800000000000001,0.05800000000000001,0,0,0.05800000000000001,0.05800000000000001,0,0,0.05800000000000001,0.05800000000000001
"6bc8650ed456810d600feea4b80a665fb5895832",25.999999999999996,0.8494705155082513,0.7602564102564103,0,0,0.003,0.03516666666666667,0,0,0.027000000000000007,0.07053333333333332,0,0,0.07799999999999997,0.24973333333333336
"1731949116a7278f2b729cbb9e505580c8f56980",1,1,1,0,0,0.11100000000000002,0.11100000000000002,0,0,0.11100000000000002,0.11100000000000002,0,0,0.11100000000000002,0.11100000000000002
"99900ae089cf996bc969f0673349c06c2e6fbf1d",1,1,1,0,0,0.08399999999999999,0.08399999999999999,0,0,0.08399999999999999,0.08399999999999999,0,0,0.08399999999999999,0.08399999999999999
"844cd4298e46027ba1201df4eceb2dcaa5c1bb26",67.99999999999999,0.8964387278237221,0.9142156862745097,0,0,0,0.004766666666666665,0,0,0.006999999999999998,0.010666666666666668,0,0,0.13299999999999998,7.745066666666667
"f4ee399e31eb61741f5f2167d6af8f49c0e991b6",54.99999999999999,0.9165426465426465,0.9430303030303031,0,0,0,0.007466666666666666,0,0,0.022999999999999993,0.023499999999999997,0,0,0.19199999999999998,6.8994
"811dbe7226ba0ede04c2062c2dba8f72a1c03e58",54.99999999999999,0.9026693576693582,0.9121212121212119,0,0,0.001,0.022899999999999993,0,0,0.036999999999999984,0.03999999999999999,0,0,0.193,6.81656666666667
"1a20867d01ef8ee5b32b0620125b7c38a10b80c5",3,0.9285714285714286,1,0,0,0.009,0.020999999999999998,0,0,0.009,0.020999999999999998,0,0,0.030000000000000006,0.030000000000000006
"4a300fee2ef1c03902d0fb25ceb02aa01d0fab46",1,1,0,0,0,0.04999999999999999,0.04999999999999999,0,0,0.04999999999999999,0.04999999999999999,0,0,0.04999999999999999,0.04999999999999999
"54c3daaf17f90b273cfd3dc17dac91c9e65d7b17",54.99999999999999,0.9156306306306304,0.946060606060606,0,0,0,0.01466666666666667,0,0,0.027999999999999997,0.02903333333333333,0,0,0.19600000000000006,7.135299999999999
"b06f13ff0ef8655de1a4f9976f7a9ccf2ca76724",70,0.8984868073690366,0.8838095238095238,0,0,0,0.01703333333333333,0,0,0.019999999999999993,0.03159999999999999,0,0,0.144,7.200966666666666
"30d4070af9fc623cf9723510bb46d1a19fcb5930",70,0.9126951781611655,0.909047619047619,0,0,0,0.011766666666666667,0,0,0.020999999999999998,0.028266666666666666,0,0,0.15099999999999997,7.347199999999999
"3c89994355f3574078c832b2dcacba0e65e87ed1",8.999999999999998,0.9212865497076024,1,0,0,0.006,0.006,0,0,0.029000000000000005,0.9811000000000001,0,0,0.256,1.4224999999999997
"d547412bbd2a1ca56769a2bfa13b7ed9547310ca",8.999999999999998,0.9173099415204677,1,0,0,0.002,0.0022,0,0,0.024,0.9736666666666663,0,0,0.28700000000000003,1.2835999999999999
"d3146a545612422d3f8078f10afa00342b327199",8.999999999999998,0.9105263157894739,1,0,0,0.006,0.006633333333333333,0,0,0.032,1.049,0,0,0.31300000000000006,1.6665333333333336
"8f54030347e31e0b1492fe874a1f1b67b89b836a",8.999999999999998,0.8905263157894737,1,0,0,0.008,0.008,0,0,0.034,1.0440000000000003,0,0,0.291,1.9404000000000003
"f059e5f7fa1ac4a906b5d2e18d72d410bf28fa2d",8.999999999999998,0.8858479532163742,1,0,0,0.004999999999999998,0.004999999999999998,0,0,0.026000000000000006,1.1239999999999999,0,0,0.22799999999999998,1.8452666666666666
"dfecbe970917754511a081f8b86efac211e624f6",8.999999999999998,0.8846783625730991,1,0,0,0.006,0.006500000000000001,0,0,0.026000000000000006,1.1940000000000002,0,0,0.20900000000000007,2.1839333333333335
"fb4803623b8f089a8dfd265a68461f4283e7ffad",8.999999999999998,0.8856140350877193,1,0,0,0.004999999999999998,0.004999999999999998,0,0,0.027999999999999994,1.021,0,0,0.2669999999999999,2.0225333333333335
"c82b1f062af2a1a376e514020707597f6ed1f82d",4,0.7666666666666663,1,0,0,0.013000000000000003,0.10800000000000003,0,0,0.055000000000000014,0.15000000000000008,0,0,0.11600000000000002,0.16300000000000003
"5a52446090a67b9b04b67a0b7aec94e73bd21930",1,1,1,0,0,0.15599999999999994,0.15599999999999994,0,0,0.15599999999999994,0.15599999999999994,0,0,0.15599999999999994,0.15599999999999994
"9f7d03f09172afcf0a7be40e3262d151ef053b3c",14.999999999999998,0.8060215053763439,0.7999999999999998,0,0,0.003,0.8689999999999999,0,0,0.08100000000000003,1.7240333333333338,0,0,0.7759999999999999,2.1804666666666663
"82cc24437f43d07880d8883229477735431e5d02",47.00000000000001,0.9132624113475175,0.8312056737588651,0,0,0.005999999999999999,0.029999999999999992,0,0,0.06899999999999999,0.08766666666666666,0,0,0.25100000000000006,1.202433333333333
"52d6e24d19465e6f468839650c969d5931f66d65",59.99999999999999,0.8994074876936282,0.9383333333333332,0,0,0.003,0.012066666666666668,0,0,0.041,6.6794666666666656,0,0,0.259,8.831766666666667
"ff6b0ada72106d67aef1ee21d51bacac2f3af7ac",79.00000000000001,0.9083225857813867,0.9033755274261602,0,0,0,0.016633333333333333,0,0,0.037,0.04210000000000001,0,0,0.19900000000000004,4.097533333333333
"8147cc5b3de5fa7a3a3e8116355efa44367dc3c5",25,0.8514328808446453,0.8800000000000001,0,0,0.001,0.01603333333333333,0,0,0.008,0.019133333333333325,0,0,0.029000000000000005,0.04299999999999999
"859224ffadb79147088840732236c1fad341d842",25,0.8734177978883859,0.8386666666666667,0,0,0,0.027366666666666668,0,0,0.0049999999999999975,0.028199999999999992,0,0,0.041999999999999996,0.05640000000000001
"46007c151e4cd79891eed4d289ff372ba39d5b8c",5.000000000000001,0.9012121212121211,0.7999999999999998,0,0,0,0.0188,0,0,0.016,0.03500000000000001,0,0,0.03500000000000001,0.056
"314b6b56bec4af56dba667d66a25c1613f4bc800",3,0.9595238095238093,0.6666666666666666,2,2,0.05599999999999999,0.05599999999999999,2,2,0.05599999999999999,0.05599999999999999,2,2,0.067,0.09136666666666668
"8cafd87c83f4197f7e8d14de8cba453c844266c0",3,0.869047619047619,1,0,0,0.009,0.026766666666666668,0,0,0.009,0.026766666666666668,0,0,0.051,0.05873333333333333
"d5be24a12668a94712247d31f06ef7d416b8118c",4,0.7988888888888888,0.5,0,0,0.017,0.09500000000000001,0,0,0.064,0.11199999999999999,0,0,0.158,0.16056666666666664
"a060733e63a9cc476342ca190d04ad027a241d33",3,0.7499999999999999,0.6666666666666666,0,0,0.027999999999999994,0.05400000000000001,0,0,0.027999999999999994,0.05400000000000001,0,0,0.061,0.0845
"ece2f255eed8ad9eff6e236152de65e804c6adb5",1,1,1,0,0,0.11100000000000002,0.11100000000000002,0,0,0.11100000000000002,0.11100000000000002,0,0,0.11100000000000002,0.11100000000000002
"9766e22b42b7b3f3923cb9c2502dfc2dd5d0a5b0",1,1,1,0,0,0.10300000000000001,0.10300000000000001,0,0,0.10300000000000001,0.10300000000000001,0,0,0.10300000000000001,0.10300000000000001
"6d74e8f83e96f536cbbad98cd4fe6fbd1cd67663",54.99999999999999,0.9213074763074764,0.964848484848485,0,0,0.001,0.008000000000000004,0,0,0.027000000000000007,0.02993333333333333,0,0,0.17800000000000002,6.253266666666666
"9b3257e4d1a63e0a4d971a331eaf7b9a08d98040",54.99999999999999,0.9082356382356384,0.9442424242424242,0,0,0.002,0.020000000000000004,0,0,0.036,0.036,0,0,0.22100000000000006,6.888333333333334
"610caab590fe224c02c8f509431f6428fe8e1063",54.99999999999999,0.9186129636129633,0.9678787878787878,0,0,0,0.009200000000000002,0,0,0.019999999999999993,0.020966666666666665,0,0,0.166,7.199933333333333
"af323712479ba1e2a5b8e519030d021915228c48",1,1,1,0,0,0.10300000000000001,0.10300000000000001,0,0,0.10300000000000001,0.10300000000000001,0,0,0.10300000000000001,0.10300000000000001
"7ddfc8ae1c4d712b0e52d2595b36743700940873",54.99999999999999,0.9135749385749383,0.8963636363636364,0,0,0,0.0219,0,0,0.038999999999999986,0.048,0,0,0.22000000000000003,6.9707
"1375e931d7c7e6de8b297378fc296029d476d7e8",5.000000000000001,0.9442424242424242,0.6000000000000002,0,0,0.015000000000000001,0.01566666666666667,0,0,0.034,0.034,0,0,0.05400000000000001,0.13459999999999991
"776b86e99a1ce18a5093db457109807b766d49c1",8.999999999999998,0.9134502923976608,0.7518518518518518,0,0,0,0.005399999999999999,0,0,0.010999999999999998,0.013000000000000003,0,0,0.03899999999999999,0.1216666666666666
"e1bc286245ce5f798b5312d65bba64c71921a3f4",8.999999999999998,0.9553216374269008,0.8555555555555554,0,0,0.002,0.0033333333333333335,0,0,0.016,0.019999999999999993,0,0,0.04900000000000001,0.061
"585b1cb97b4b9e81b55d68e04b6c1e1195058a8f",3,0.8571428571428571,0.6666666666666666,0,0,0.002,0.006,0,0,0.002,0.006,0,0,0.008,0.072
"5a87fa172eb1368fe413af34511d1eb3f2674a9f",12,0.9038461538461537,0.7527777777777779,0,0,0.001,0.006999999999999998,0,0,0.009999999999999995,0.021999999999999995,0,0,0.052000000000000005,0.11100000000000002
"7587431987258e94748d5f2fda1e6ca049a21600",1,1,0,0,0,0.06600000000000002,0.06600000000000002,0,0,0.06600000000000002,0.06600000000000002,0,0,0.06600000000000002,0.06600000000000002
"53def501409cd1f9e20ac43edba6f2949bb366c8",1,1,1,0,0,0.059000000000000004,0.059000000000000004,0,0,0.059000000000000004,0.059000000000000004,0,0,0.059000000000000004,0.059000000000000004
"7c19a1ff4c217f03c0be62baf1169d689f566825",1,1,0,0,0,0.047,0.047,0,0,0.047,0.047,0,0,0.047,0.047
"8019416d8197df8881788f889edfcf2ad45c4bf8",21.000000000000007,0.8451424544447801,1,0,0,0,0.016833333333333336,0,0,0.003,0.019033333333333333,0,0,0.020999999999999998,0.020999999999999998
"ebe7bb58a541bf397333f466d412e617266ee5aa",3,0.9285714285714285,1,0,0,0,0,0,0,0,0,0,0,0.079,0.12000000000000001
"ef3015cc99f7bd51862c1d95014e8332d24c2341",54.99999999999999,0.9241020241020241,0.9727272727272727,0,0,0,0.007933333333333334,0,0,0.019000000000000003,0.02056666666666667,0,0,0.16299999999999998,7.064500000000002
"6a688cf36e23aded8c9796b786e92144cb4a5830",25.999999999999996,0.9160457990646669,0.8397435897435896,0,0,0.003,0.013099999999999997,0,0,0.03300000000000001,0.08939999999999998,0,0,0.109,0.289
"8cfc1b1207577943d412789765a3a2085f1b3036",1,1,1,0,0,0.04099999999999998,0.04099999999999998,0,0,0.04099999999999998,0.04099999999999998,0,0,0.04099999999999998,0.04099999999999998
"577f7b3b5462fdf84c0956a3bec5296bf7821677",1,1,0.06666666666666667,0,0,0.037,0.037,0,0,0.037,0.037,0,0,0.037,0.037
"65b08c4f91a4e5d78eb645b46d06d7a46f8c62dd",1,1,1,0,0,0.09800000000000002,0.09800000000000002,0,0,0.09800000000000002,0.09800000000000002,0,0,0.09800000000000002,0.09800000000000002
"fa91c1b28647bd4217b0c325249aff9638fbeb6a",3,0.8428571428571429,0.6666666666666666,0,0,0,0.028800000000000003,0,0,0,0.028800000000000003,0,0,0.017,0.048
"1da8ccdbfe2faa3e6801fe44eaf3c336aab48bec",138.00000000000003,0.8659571040389478,0.7850241545893718,0,0,0,0.012566666666666672,0,0,0.010999999999999998,0.04596666666666666,0,0,0.10899999999999996,10.080700000000002
"8a8b8ec8d244b18eeaf651d0ea6e84db579e7d92",24,0.8535374149659866,0.934722222222222,0,0,0.004,0.004200000000000001,0,0,0.038999999999999986,2.1407,0,0,0.525,5.667966666666666
"3a818ed6a833f083a2db9bb6804c1bdb43b9b0ec",73,0.9053054172427949,0.9082191780821918,0,0,0,0.007100000000000001,0,0,0.036999999999999984,3.615966666666667,0,0,0.263,5.651266666666669
"309b34f0573d0ec593c17008e8ef4151dfc35a12",82.99999999999997,0.9213698248941015,0.9224899598393574,0,0,0,0.013966666666666669,0,0,0.036999999999999984,0.05073333333333333,0,0,0.29200000000000015,5.842766666666667
"0344ca3f2d43e3732bf16370262303be8761a523",1,1,1,0,0,0.13100000000000003,0.13100000000000003,0,0,0.13100000000000003,0.13100000000000003,0,0,0.13100000000000003,0.13100000000000003
"c68285bb3392665827595ac408a5fad828b0351f",1,1,1,0,0,0.13299999999999998,0.13299999999999998,0,0,0.13299999999999998,0.13299999999999998,0,0,0.13299999999999998,0.13299999999999998
"21bab1d3a0b48c37592686fed7e1b2025fbf78aa",142.00000000000003,0.8891418144494494,0.8929577464788733,0,0,0,0.009666666666666667,0,0,0.001,0.030999999999999993,0,0,0.089,6.023466666666665
"ad648cf8a8a90bdee129266ca7b686a5b9a87561",59.99999999999999,0.9182974303391594,0.9316666666666663,0,0,0.001,0.02390000000000001,0,0,0.030000000000000002,0.039099999999999996,0,0,0.18500000000000005,3.0634333333333337
"18e692478dcf91fdceb9b9fdca7c61a1111d63aa",1,1,0,0,0,0.04099999999999998,0.04099999999999998,0,0,0.04099999999999998,0.04099999999999998,0,0,0.04099999999999998,0.04099999999999998
"5ffb662019501692112fbebf15d92d01c17f1322",1,1,0.6666666666666665,0,0,0.067,0.067,0,0,0.067,0.067,0,0,0.067,0.067
"a37d19eb45d76cd6ab4e2c8fa9fc156bf7be97db",6,0.8637362637362637,0.3611111111111111,0,0,0.009999999999999997,0.05036666666666666,0,0,0.036,0.20466666666666664,0,0,0.05200000000000001,0.22089999999999996
"1571050a196198f336ae487ee3b6df629d3ee9da",107.99999999999999,0.9156281953115334,0.8935185185185185,0,0,0,0.006966666666666666,0,0,0.016,0.03660000000000001,0,0,0.18800000000000003,9.432866666666671
"f2d8493ac44995170ff84bb895e3a73e0127cc68",1,1,1,0,0,0.14000000000000004,0.14000000000000004,0,0,0.14000000000000004,0.14000000000000004,0,0,0.14000000000000004,0.14000000000000004
"daeed97201c060563c9509e7d63b23094cb31664",1,1,1,0,0,0.12400000000000001,0.12400000000000001,0,0,0.12400000000000001,0.12400000000000001,0,0,0.12400000000000001,0.12400000000000001
"cc94767e7eabdfcf9d1cab1d8d1d8556864394c6",5.000000000000001,0.7642424242424241,0.9733333333333333,0,0,0.015000000000000001,3.3584333333333323,0,0,0.03999999999999999,4.027900000000001,0,0,0.08500000000000002,4.528999999999998
"d6ad3f01574b839670d4ea5cf82a601eee7e0c16",8,0.9362745098039214,0.37916666666666665,0,0,0.019000000000000003,0.019000000000000003,0,0,0.055000000000000014,0.11523333333333333,0,0,0.19500000000000003,1.2654666666666665
"3e08af573f8b50da5202f55df62c925f88a47f3d",19,0.8940350877192981,0.7526315789473685,0,0,0.003,0.009699999999999995,0,0,0.041,0.13416666666666666,0,0,0.13799999999999998,0.32133333333333336
"a2dce32cdab108e7e281dfc27dd0a394e1419ce1",1,1,1,0,0,0.10699999999999998,0.10699999999999998,0,0,0.10699999999999998,0.10699999999999998,0,0,0.10699999999999998,0.10699999999999998
"fdf05fa29babe21e64f9a5b268dc8406d449d4f1",1,1,1,0,0,0.07500000000000002,0.07500000000000002,0,0,0.07500000000000002,0.07500000000000002,0,0,0.07500000000000002,0.07500000000000002
"ff4967536b75fb18d048cc2a505f68835987d155",25.999999999999996,0.8944041283663924,0.7833333333333332,0,0,0.016,0.03126666666666667,0,0,0.08999999999999996,0.9406666666666663,0,0,0.24000000000000002,1.3716666666666664
"7076b7408f06bc8a277f58e7bb6c2ec3372d5d6f",2,1,1,0,0,0.004,0.004,0,0,0.004,0.004,0,0,0.004,0.004
"c7554151d3f695718a5bd431e22c7f4c39a0b261",1,1,0,0,0,0.072,0.072,0,0,0.072,0.072,0,0,0.072,0.072
"ae862ae116f2056421ab8d6e997e7b64a95828a5",1,1,1,0,0,0.081,0.081,0,0,0.081,0.081,0,0,0.081,0.081
"d65b9d2bed09847ef28b9ceb30c9f8a96e0c12fe",1,1,1,0,0,0.05099999999999999,0.05099999999999999,0,0,0.05099999999999999,0.05099999999999999,0,0,0.05099999999999999,0.05099999999999999
"36217ee164239391c672fdfc8f5bd080beab5c4b",1,1,1,0,0,0.7789999999999999,0.7789999999999999,0,0,0.7789999999999999,0.7789999999999999,0,0,0.7789999999999999,0.7789999999999999
"cc6beb2d05347fba64d933906ae2b712b1a43302",6.999999999999997,0.9197619047619047,1,0,0,0,0.003066666666666667,0,0,0.008,0.008,0,0,0.038999999999999986,0.12750000000000003
"44854912194177d67cdfa1dc765ba684eb013a4c",14.999999999999998,0.8143010752688172,0.971111111111111,0,0,0.003,0.003,0,0,0.099,3.633866666666666,0,0,0.858,4.799133333333332
"fd60085a2a3891ab6db46dd3b75e9dd67a7c734a",14.999999999999998,0.8219354838709677,0.8666666666666666,0,0,0.004,0.004,0,0,0.08799999999999998,3.797766666666667,0,0,0.8090000000000002,4.945933333333334
"f4bfd9c71f51fb541d0fd203f0df2e609632dc62",14.999999999999998,0.8521505376344087,0.9511111111111109,0,0,0.003,0.004,0,0,0.07500000000000002,3.782466666666666,0,0,0.8509999999999999,4.875533333333333
"3b6867fc25b5dbf27925fdced660553ea8289dda",14.999999999999998,0.8524462365591396,0.9488888888888886,0,0,0.004,0.004,0,0,0.08499999999999999,3.438233333333333,0,0,0.822,4.263566666666667
"ed94e5a5cce33af89dc1b1475204734b17f64bb0",14.999999999999998,0.8830913978494626,0.9333333333333332,0,0,0.003,0.003,0,0,0.08700000000000002,3.5287999999999995,0,0,0.7710000000000001,4.596466666666667
"0726ffe1e9e923b678db5484ff0055b0f63d81e8",14.999999999999998,0.8588709677419353,0.991111111111111,0,0,0.006,0.006,0,0,0.094,4.061033333333332,0,0,0.9020000000000001,5.581099999999998
"87eff4c78fac85c1b5f2309887f6be5fa2972537",1,1,1,0,0,0.6989999999999997,0.6989999999999997,0,0,0.6989999999999997,0.6989999999999997,0,0,0.6989999999999997,0.6989999999999997
"732ea5e94fdf8fef42b5c21d001983fb24d2842a",1,1,1,0,0,0.059000000000000004,0.059000000000000004,0,0,0.059000000000000004,0.059000000000000004,0,0,0.059000000000000004,0.059000000000000004
"09d70ce73dd37544c92621eecb7faf062fccbd5b",1,1,1,0,0,0.8059999999999997,0.8059999999999997,0,0,0.8059999999999997,0.8059999999999997,0,0,0.8059999999999997,0.8059999999999997
"15d5503215a4cd1efc1ae6659d82194a22ebee9b",16,0.8435828877005349,0.9499999999999998,0,0,0.009999999999999997,0.009999999999999997,0,0,0.16299999999999998,4.3427333333333324,0,0,0.94,5.3579
"1dbfaeecbd104a6edae43fcd3350c06a7cb51146",16,0.8483288770053475,0.9416666666666665,0,0,0.008,0.008,0,0,0.13100000000000003,4.444966666666667,0,0,0.8199999999999998,5.322266666666668
"1e9e36640f762d29c07d8322c361ece163b179fb",2,0.8266666666666669,0.5,0,0,0,0.08406666666666664,0,0,0,0.08406666666666664,0,0,0,0.08406666666666664
"c56b87d6efe530590b6d9a07e41ca00af208ce37",4,0.9055555555555553,0.75,0,0,0.024,0.024,0,0,0.093,4.342799999999998,0,0,0.3400000000000001,4.8899333333333335
"0f32b292c2c86776f7ce3e47105c16359e0fe5a4",4,0.87,0.7666666666666665,0,0,0.019000000000000003,0.3373333333333332,0,0,0.067,4.361933333333333,0,0,0.2769999999999998,4.818133333333333
"07f3694a5c85ff5ee8c556817c0d2ea3504f26f7",4,0.718888888888889,1,0,0,0.010999999999999998,2.4209666666666667,0,0,0.038000000000000006,2.632533333333334,0,0,0.118,4.876000000000001
"5cb988334179b4f04a27c59c1e6a888db0dbfc9c",54.99999999999999,0.9359225459225462,0.9454545454545454,0,0,0,0.004533333333333333,0,0,0.019999999999999993,0.021999999999999995,0,0,0.17000000000000007,7.208166666666667
"713c77ceda21d0c3cc9c213341259d64fb46fdc7",36.999999999999986,0.9154689426268374,0.8522522522522523,0,0,0,0.010300000000000002,0,0,0.004,0.047366666666666675,0,0,0.099,1.5652666666666666
"0dc5b94a0d098c4474dee9f2c7d74818c9a7faee",5.000000000000001,0.9254545454545454,0.6066666666666671,0,0,0.016,0.016,0,0,0.036,0.03913333333333333,0,0,0.05700000000000001,0.15003333333333338
"ae924788d9b222beefa1723b3d704975fc4e877a",19,0.9211740890688256,0.7894736842105264,0,0,0.009,0.017533333333333335,0,0,0.04999999999999999,0.0908333333333333,0,0,0.13499999999999993,0.43786666666666674
"729bcc46b503c1574c7c93a65e902f436b4ec6ec",2,1,0.5,0,0,0,0,0,0,0,0,0,0,0,0
"1f0dfc31b51a445eb2cfbee5321800cf51e10b67",13.999999999999995,0.8044991789819376,0.7285714285714286,0,0,0.029000000000000005,0.07943333333333331,0,0,0.192,5.822333333333335,0,0,0.37799999999999995,7.044266666666666
"88654b79c92386b7c411f064cc373e7698a49449",92,0.9119083178550216,0.9007246376811592,0,0,0.004,0.019166666666666672,0,0,0.047999999999999994,0.0675,0,0,0.2779999999999999,11.984099999999998
"6ea2fc8d38e035bafaa92c7d3b007be38c2e9000",21.000000000000007,0.9163898117386492,0.9523809523809523,0,0,0,0.010533333333333332,0,0,0.008,0.016,0,0,0.032,0.032
"f0930aa1512a408635d2286c01d49523b1234db7",21.000000000000007,0.935940803382664,0.9523809523809523,0,0,0.002,0.005933333333333334,0,0,0.008,0.009999999999999997,0,0,0.030000000000000002,0.030000000000000002
"be3638eb477a8635f647c9a4fefdce7ca2e2408a",69.00000000000001,0.919434291076455,0.9439613526570046,0,0,0.002,0.012266666666666667,0,0,0.026000000000000006,0.040799999999999996,0,0,0.15900000000000003,8.480000000000004
"6276d0f8441fec3b4a94d6f3aaaa0024b85e2317",21.000000000000007,0.936031410450015,1,0,0,0,0.005566666666666666,0,0,0.006,0.009233333333333328,0,0,0.027000000000000007,0.027000000000000007
"95fce758b0e12837869cae450d8029d7237b0dbb",1,1,0.06666666666666665,0,0,0.068,0.068,0,0,0.068,0.068,0,0,0.068,0.068
"6ce88517b3af6d48c979b6e984889b69c044561c",1,1,0,0,0,0.062000000000000006,0.062000000000000006,0,0,0.062000000000000006,0.062000000000000006,0,0,0.062000000000000006,0.062000000000000006
"b52c69b1b0ba1c542b917247f1f76deb4ce2a42d",1,1,0,4,4,0.08900000000000001,0.08900000000000001,4,4,0.08900000000000001,0.08900000000000001,4,4,0.08900000000000001,0.08900000000000001
"0d95c55040db6fd1e4f976280d35659587f3f8ad",1,1,0.4000000000000001,4,4,0.08700000000000002,0.08700000000000002,4,4,0.08700000000000002,0.08700000000000002,4,4,0.08700000000000002,0.08700000000000002
"125cfb4cab35daebe874a599877d6280b464212b",1,1,1,4,4,0.08799999999999998,0.08799999999999998,4,4,0.08799999999999998,0.08799999999999998,4,4,0.08799999999999998,0.08799999999999998
"8e8e78d849825696237b9f540f3e082a44b1e838",48,0.9206764148958555,0.8937499999999998,0,0,0,0.013766666666666661,0,0,0.020999999999999998,0.06816666666666667,0,0,0.154,7.287033333333331
"6f03c0ce11db4a270124b9bf93338d3db9fccf5c",42.99999999999999,0.9398969648368205,0.8449612403100777,0,0,0,0.002300000000000001,0,0,0.020999999999999998,0.0701,0,0,0.17599999999999996,4.871833333333333
"96a1a31d734e663af5c9bcda58c7bb5870e8a363",1,1,1,0,0,0.094,0.094,0,0,0.094,0.094,0,0,0.094,0.094
"7aad59482002d0b4bc3546259d33eab20ce76b9e",6,0.7703296703296705,0.5277777777777779,0,0,0.009999999999999997,0.15520000000000006,0,0,0.030000000000000002,0.23040000000000005,0,0,0.04399999999999999,0.2504
"0e20d158200e35a893c734f3ba268a1f5d3c48d0",6,0.7978021978021976,0.8777777777777777,0,0,0.009,0.015766666666666672,0,0,0.03000000000000001,0.06216666666666666,0,0,0.046,0.07849999999999997
"c1ffdbab58712cca8463b3edc88f9d5a09b0ca9c",44,0.9228033140392693,0.9128787878787878,0,0,0,0.005799999999999998,0,0,0.018,0.02033333333333333,0,0,0.122,5.111000000000001
"758228f691b34c97f421ed92336772531495e0cc",1,1,1,0,0,0.07799999999999997,0.07799999999999997,0,0,0.07799999999999997,0.07799999999999997,0,0,0.07799999999999997,0.07799999999999997
"a26c66a8edcf029ca5f94354cee0db267e9ccc20",1,1,0,0,0,0.05200000000000001,0.05200000000000001,0,0,0.05200000000000001,0.05200000000000001,0,0,0.05200000000000001,0.05200000000000001
"a618b844c5a261ced37385ab3947de6e215d46f7",10.000000000000002,0.8066666666666666,1,0,0,0.004999999999999998,0.004999999999999998,0,0,0.061,0.15889999999999999,0,0,0.128,0.22699999999999998
"f746c508d197c3662509037e8975a2a58b847689",8,0.8321895424836598,1,0,0,0.001,0.001,0,0,0.055999999999999994,0.14233333333333337,0,0,0.147,0.23256666666666667
"fc409b5791ef8145a791cf7bd9b35d68a4ad3305",1,1,1,0,0,0.257,0.257,0,0,0.257,0.257,0,0,0.257,0.257
"374c0fc1acf83ecc77c637ccda4218937eb9e06c",8,0.8290849673202613,1,0,0,0.001,0.001,0,0,0.04499999999999999,0.15500000000000005,0,0,0.139,0.249
"20de433aa24957e40d974b87aba54ae0688500ed",4,0.7666666666666663,0.75,0,0,0.045999999999999985,0.077,0,0,0.12299999999999997,0.6269999999999999,0,0,0.27499999999999997,0.7789999999999997
"8dae1f2904b93127f101bd36c1c79e801385a8f7",21.000000000000007,0.8522400080539616,1,0,0,0.001,0.014899999999999998,0,0,0.008,0.02036666666666667,0,0,0.026000000000000002,0.026000000000000002
"4f928504ea91c3c1dd43ce696acadf76624240a1",21.000000000000007,0.9234068257324073,1,0,0,0,0.00583333333333333,0,0,0.004999999999999998,0.009266666666666668,0,0,0.020999999999999998,0.020999999999999998
"22c30471564c730b02f5f7cedec28fcfe5749fc6",1,1,1,0,0,0.10499999999999998,0.10499999999999998,0,0,0.10499999999999998,0.10499999999999998,0,0,0.10499999999999998,0.10499999999999998
"10122741eac52e218771f30c6dc2c0aca54ff006",1,1,1,0,0,0.11000000000000001,0.11000000000000001,0,0,0.11000000000000001,0.11000000000000001,0,0,0.11000000000000001,0.11000000000000001
"e863dcb2e7a654af6b8eb5865d8d1d8eee0a6d28",21.000000000000007,0.8983690727876776,1,0,0,0,0.007499999999999999,0,0,0.004,0.008466666666666662,0,0,0.020999999999999998,0.020999999999999998
"f7cbda67518ed7335566ebf942cd170a66746096",8.999999999999998,0.7287719298245612,0.9962962962962961,0,0,0.022999999999999993,0.08593333333333328,0,0,0.065,0.17186666666666667,0,0,0.13799999999999998,0.25439999999999996
"6049e77fdcd021544a60651fc6de4d80e2ef1c2d",8.999999999999998,0.7608187134502921,1,0,0,0.021999999999999995,0.09899999999999999,0,0,0.06899999999999998,0.19140000000000001,0,0,0.143,0.25553333333333333
"7d061e33e59e23dc4b03378f35f50a7d70f033b3",1,1,1,0,0,0.07000000000000002,0.07000000000000002,0,0,0.07000000000000002,0.07000000000000002,0,0,0.07000000000000002,0.07000000000000002
"bfb43d3fe2eafa80f45fc59a5b742d192efa8e3c",54.99999999999999,0.9347595647595648,0.9806060606060604,0,0,0.001,0.012566666666666663,0,0,0.031000000000000003,0.03233333333333332,0,0,0.20500000000000002,5.602066666666666
"d8ec011d770e1e04ef4f87fba673f3748f363278",6.999999999999997,0.9347619047619045,1,0,0,0.002,0.0025333333333333336,0,0,0.009,0.009,0,0,0.043,0.1054
"49a876cb1c2a49583b9184ab58a579ac75525986",1,1,0,0,0,0.08399999999999999,0.08399999999999999,0,0,0.08399999999999999,0.08399999999999999,0,0,0.08399999999999999,0.08399999999999999
"6dfc3e64037f10b84fe203415e79e2435acff558",1,1,0.3,0,0,0.071,0.071,0,0,0.071,0.071,0,0,0.071,0.071
"5fb74a6618da0ca8b12a3346038164913a5d27d5",1,1,1,0,0,0.07000000000000002,0.07000000000000002,0,0,0.07000000000000002,0.07000000000000002,0,0,0.07000000000000002,0.07000000000000002
"f5a9effebd7209f3fa5385f18a5e59e8a09122f2",1,1,1,0,0,0.064,0.064,0,0,0.064,0.064,0,0,0.064,0.064
"c614fbcc79615f93d2c60a153db6e82d7474c425",35.99999999999999,0.9209449175202598,0.9120370370370369,0,0,0,0.006866666666666666,0,0,0.009999999999999997,0.021266666666666666,0,0,0.11400000000000002,2.449266666666666
"0b70b01a9f1d9664bb5eac737175f58f06979b60",1,1,1,0,0,0.048,0.048,0,0,0.048,0.048,0,0,0.048,0.048
"63f11e9dc1874abdde1bfe1d900b5ebfa4d3a941",1,1,1,0,0,0.053,0.053,0,0,0.053,0.053,0,0,0.053,0.053
"f5ebb9a649e9dd0773f9bd3457d6ce1895266d59",25,0.8739004524886878,0.9546666666666667,0,0,0,0.011266666666666666,0,0,0.004,0.012900000000000003,0,0,0.020999999999999998,0.020999999999999998
"e72654ed5ad90e5dd1ec08b11760e2f27b64d5c7",6.999999999999997,0.772857142857143,0.8333333333333335,0,0,0.003,0.006,0,0,0.021999999999999995,0.6992666666666669,0,0,0.16299999999999998,1.1198666666666666
"d575057852ab2be41abb39b8de69a35cace5c67d",54.99999999999999,0.8807224757224758,0.9084848484848481,0,0,0.004999999999999998,0.015600000000000003,0,0,0.019999999999999993,0.036,0,0,0.17000000000000004,6.842966666666665
"c3b1fefbad0c67c8556ba6b4573f135197f87598",24,0.9212789115646256,0.8277777777777778,0,0,0.008,0.009233333333333331,0,0,0.04099999999999998,0.06456666666666666,0,0,0.11800000000000001,0.3107
"c8e61afdb89c58ea8ffaf04593da41ff0888d30e",24,0.888074829931973,0.9194444444444444,0,0,0.008,0.012666666666666668,0,0,0.045999999999999985,0.1484333333333333,0,0,0.13,0.3135000000000001
"7eb47fd85e13486033950d91afcf04cf44d064fa",2,1,1,0,0,0.001,0.001,0,0,0.001,0.001,0,0,0.001,0.001
"3a4ac357981283fd3a8817f9e6d57e8b181549be",39,0.8871989613761766,0.7290598290598291,0,0,0.013999999999999999,0.04953333333333334,0,0,0.06599999999999999,0.10923333333333334,0,0,0.18299999999999994,0.4278666666666667
"60412131f3679b720bcaaaf3dea4be666cefea7a",6,0.801098901098901,0.9944444444444442,0,0,0.009,0.022899999999999993,0,0,0.041999999999999996,0.0757666666666667,0,0,0.064,0.10690000000000001
"2ce40494073aa4e9bdcba4c39d24727b7141d227",1,1,1,0,0,0.07500000000000002,0.07500000000000002,0,0,0.07500000000000002,0.07500000000000002,0,0,0.07500000000000002,0.07500000000000002
"2e9f3a80146262511ca7bcdd3411f095dff4951d",19,0.7946963562753034,0.870175438596491,0,0,0.006999999999999999,0.008,0,0,0.04700000000000001,0.22400000000000006,0,0,0.13100000000000003,0.3153666666666667
"2c0429aabd2632c8c6a242e4a23d5eb6f46035c0",54.99999999999999,0.8797156897156896,0.9096969696969696,0,0,0.001,0.01716666666666666,0,0,0.027999999999999997,5.9374,0,0,0.193,7.107100000000001
"bb3fe2a37975920d1c7b9cf16309d86fe86e1a35",54.99999999999999,0.9117035217035216,0.918181818181818,0,0,0.002,0.009300000000000001,0,0,0.024999999999999994,0.032,0,0,0.184,6.629899999999997
"cb686673a70a6f14c35575550c48c37d19a1598b",6.999999999999997,0.8499999999999999,1,0,0,0,0.001,0,0,0.01999999999999999,0.10099999999999998,0,0,0.13,0.24199999999999997
"50ce8c44e1601acffa39f5568f0fc140aade0564",8,0.8379084967320258,1,0,0,0.003,0.003,0,0,0.04900000000000001,0.16700000000000004,0,0,0.13,0.24139999999999995
"357fe1378889e5934e8f60c8d35397bf63871991",19,0.8758434547908232,0.8929824561403508,0,0,0.004,0.010799999999999999,0,0,0.04499999999999998,0.15819999999999995,0,0,0.128,0.2835000000000002
"1a8d276278e5ee3bdb904c35d8bbd1dc948b7baf",19,0.8547908232118758,0.9543859649122804,0,0,0.006,0.006999999999999998,0,0,0.051,0.2418666666666667,0,0,0.15100000000000002,0.3608000000000001
"9c886bd4a188c91301029040b3a839e4b8e2812d",1,1,1,0,0,0.11600000000000002,0.11600000000000002,0,0,0.11600000000000002,0.11600000000000002,0,0,0.11600000000000002,0.11600000000000002
"8b62c114cfc5fd347bd8cb5a391fdfa8cb539435",24,0.8757278911564629,0.911111111111111,0,0,0.006999999999999999,0.0125,0,0,0.045999999999999985,0.22006666666666672,0,0,0.144,0.37016666666666664
"56b7ae44f957aeb884efc797ec74c790a7a3abae",1,1,0,0,0,0.03999999999999999,0.03999999999999999,0,0,0.03999999999999999,0.03999999999999999,0,0,0.03999999999999999,0.03999999999999999
"17f9d22f334c91e701808808170bf60aae7342f9",1,1,1,0,0,0.07600000000000001,0.07600000000000001,0,0,0.07600000000000001,0.07600000000000001,0,0,0.07600000000000001,0.07600000000000001
"9901bf98e4921df1c85e323c4b096b7feb80221e",1,1,1,0,0,0.081,0.081,0,0,0.081,0.081,0,0,0.081,0.081
"aff0fae2ec3a7d74356776c183c6986eb9eed520",1,1,1,0,0,0.068,0.068,0,0,0.068,0.068,0,0,0.068,0.068
"1415c9a2a6317dbdca6f1fbb530db1f558d9bef5",1,1,1,0,0,0.063,0.063,0,0,0.063,0.063,0,0,0.063,0.063
"e51bd89201477092c32c180e4f8d00569db17ac1",1,1,1,0,0,0.062000000000000006,0.062000000000000006,0,0,0.062000000000000006,0.062000000000000006,0,0,0.062000000000000006,0.062000000000000006
"8e3ec1722bc5c70ea932b13ec1b564950c623e77",54.99999999999999,0.9109120159120159,0.9739393939393939,0,0,0.004,0.02076666666666667,0,0,0.032999999999999995,0.04426666666666667,0,0,0.19600000000000004,6.493599999999999
"efba54d35fa094de5e580b200a8607bfc7bd5a7a",6.999999999999997,0.69,0.9380952380952379,0,0,0.004999999999999998,0.0466,0,0,0.051,0.19606666666666664,0,0,0.13200000000000003,0.2646333333333333
"7c441e87cf371c642ad9d50bfb863ef145b917c7",6.999999999999997,0.7695238095238092,1,0,0,0.004,0.004,0,0,0.04499999999999999,0.13026666666666664,0,0,0.12099999999999998,0.2038
"58a8f12b443d7cbc16ec00b8841138ee55ee6630",6.999999999999997,0.7595238095238095,1,0,0,0.004999999999999998,0.004999999999999998,0,0,0.05400000000000001,0.18500000000000003,0,0,0.13499999999999995,0.26183333333333325
"38cf0c68d577b46b506f75d896cbb5a4b186c6a6",54.99999999999999,0.9129261729261728,0.9545454545454546,0,0,0.006999999999999998,0.028600000000000007,0,0,0.055999999999999994,0.063,0,0,0.24700000000000003,7.291800000000001
"69a8ef318942898383508c2a3d1db240f38f1cb8",54.99999999999999,0.918681993681994,0.9393939393939394,0,0,0.001,0.01036666666666667,0,0,0.027999999999999997,0.035266666666666655,0,0,0.184,6.9293000000000005
"362dd935f84ef80b13cced13a74339e42c775809",35.99999999999999,0.9234583898967459,0.9453703703703704,0,0,0,0.005466666666666666,0,0,0.008,0.011166666666666665,0,0,0.097,1.8514999999999995
"e7d16c27629722a93a9d36a0b5e0a3a793850544",35.99999999999999,0.9188119626475793,0.9731481481481482,0,0,0.003,0.015599999999999996,0,0,0.021999999999999995,0.023899999999999998,0,0,0.121,2.3963333333333336
"3fadfdd69f4682f05563ce53e55743f55813f488",35.99999999999999,0.9130198691842524,0.999074074074074,0,0,0.002,0.0134,0,0,0.019000000000000003,0.021533333333333328,0,0,0.136,2.660733333333334
"7129c43b08da58e1c907dd2b90bb58e7a09bf85c",54.99999999999999,0.8984702234702231,0.9533333333333335,0,0,0.001,0.01993333333333333,0,0,0.036,0.04700000000000001,0,0,0.22200000000000006,6.918766666666667
"09ef69c5b51115300da6df43690cd455d83c8027",2,1,1,0,0,0,0,0,0,0,0,0,0,0,0
"87937b2e7192524306aa58d74c90537eec997cfa",54.99999999999999,0.9164203814203816,0.9606060606060606,0,0,0.006,0.01723333333333333,0,0,0.038999999999999986,0.04396666666666664,0,0,0.21399999999999997,6.7852333333333315
"a5391bb34cbe168f2c5f5f6e8fc3a1eeb9399e13",54.99999999999999,0.9003363753363753,0.9315151515151515,0,0,0.004999999999999998,0.025366666666666666,0,0,0.036,0.041999999999999996,0,0,0.22900000000000012,6.8290999999999995
"96cb498f9bb88b534e49f9b8301c9fe7113b2dfe",54.99999999999999,0.9154054054054053,0.9430303030303031,0,0,0.004,0.019366666666666667,0,0,0.03300000000000001,0.036000000000000004,0,0,0.193,6.912966666666667
"f4a262df5204221184f1f5008b06957868684a25",54.99999999999999,0.912945477945478,0.9248484848484848,0,0,0.006999999999999998,0.03440000000000001,0,0,0.05400000000000001,0.07043333333333333,0,0,0.25,6.8498333333333346
"81ee0d062c888d8f8bcbc154cd7f0143710f458c",54.99999999999999,0.9105978705978705,0.9612121212121212,0,0,0.003,0.02063333333333333,0,0,0.038000000000000006,0.05126666666666667,0,0,0.21600000000000005,7.002833333333333
"b933f55e5878f366e966f1a80d7450f49cefb115",54.99999999999999,0.9248221598221598,0.9612121212121212,0,0,0.006,0.021300000000000003,0,0,0.043000000000000003,0.05106666666666667,0,0,0.22099999999999997,6.807333333333333
"6850d88880093733c0ba29c371f2c9823256d749",48,0.9185356616873555,0.9166666666666664,0,0,0.008,0.02726666666666667,0,0,0.048,0.055000000000000014,0,0,0.18700000000000006,5.700533333333334
"9ea0063bc93cf0d5b45f95bcc6b9f225da94b951",16.999999999999996,0.7856956115779646,0.6960784313725491,0,0,0.004,0.03300000000000001,0,0,0.021999999999999995,0.07130000000000002,0,0,0.07100000000000001,0.17650000000000002
"152e5d48eac990bb3e08b2409816738020ba9a01",54.99999999999999,0.9190716040716039,0.9806060606060605,0,0,0.001,0.013566666666666666,0,0,0.028000000000000008,0.0323,0,0,0.18299999999999997,6.635933333333331
"89cd538eaf7c555d33e7467ac8c2a51019c26372",54.99999999999999,0.9093986193986195,1,0,0,0.002,0.022266666666666667,0,0,0.027999999999999997,0.03569999999999998,0,0,0.18899999999999997,6.822233333333334
"d9f1b897a28aeac97ff8d15948d3bc566021c53e",1,1,1,0,0,0.11199999999999997,0.11199999999999997,0,0,0.11199999999999997,0.11199999999999997,0,0,0.11199999999999997,0.11199999999999997
"8e8b8e05e4eb9aa009444c2fea3552d28b57aa98",6.999999999999997,0.9285714285714286,1,0,0,0.001,0.0029666666666666674,0,0,0.009999999999999997,0.009999999999999997,0,0,0.04900000000000001,0.15000000000000008
"e767af7e7eb8ff7724d5f72709ee4bb7a72d2284",63,0.8958563773278341,0.9031746031746031,0,0,0.003,0.028633333333333337,0,0,0.03300000000000001,0.052600000000000015,0,0,0.185,8.04283333333333
"96260205dceea0e4734fa275c8f72a617bd8ebc4",55.99999999999998,0.8702181338301505,0.8928571428571427,0,0,0.004999999999999998,0.04133333333333333,0,0,0.034,0.07686666666666668,0,0,0.15099999999999997,0.5890333333333333
"214cc7fd596b575ed07a7d7c1006b46d5c75613d",64,0.8884675014907574,0.8817708333333334,0,0,0.002,0.012633333333333333,0,0,0.020999999999999998,0.033100000000000004,0,0,0.18099999999999994,6.721366666666668
"b610707cd072f07efb816074a4844bb1b31e482c",111.99999999999996,0.8880451608371965,0.8113095238095238,0,0,0.006999999999999999,0.03330000000000001,0,0,0.048,0.093,0,0,0.24799999999999991,9.382799999999998
"77febcfa8d3a5e078330c4911a94e399589734e5",88,0.9171042456559501,0.9143939393939393,0,0,0.009,0.0161,0,0,0.05200000000000001,1.1174333333333333,0,0,0.31000000000000005,11.113533333333338
"4aa4291ffc143486757617b743c9670001f8a7cd",8.999999999999998,0.8852631578947369,0.8,0,0,0.002,0.002,0,0,0.004,0.004999999999999998,0,0,0.010999999999999998,0.08479999999999999
"ae6a24dd439a7b778e35b484a3a6eae1a8eb64d7",8.999999999999998,0.923625730994152,0.9259259259259258,0,0,0.001,0.002566666666666667,0,0,0.003,0.004,0,0,0.009999999999999995,0.04333333333333333
"f56931c176fef5e164b681c740746aebdccccec3",14.999999999999998,0.8382258064516132,0.8666666666666666,0,0,0.004,0.004,0,0,0.032,1.9261000000000001,0,0,0.7230000000000002,2.649366666666666
"9379d0d36acdf78455e81518b3b1476c7691f056",47.00000000000001,0.9073217618514369,0.822695035460993,0,0,0.006,0.02266666666666666,0,0,0.047,0.07,0,0,0.18099999999999994,0.43826666666666675
"2521d9619fe1f052ced8ea1107851ac98a1b7488",47.00000000000001,0.9122079134005224,0.8716312056737587,0,0,0.006999999999999999,0.01546666666666667,0,0,0.05200000000000001,0.07239999999999999,0,0,0.213,0.45203333333333334
"625fbccaa9c42d5efbe4993e9701d8db0b53f5e9",47.00000000000001,0.9072480403135498,0.9049645390070922,0,0,0.009,0.027766666666666658,0,0,0.07399999999999997,0.12109999999999999,0,0,0.253,0.5433999999999999
"7721302ae5d70d2986d74ae7e7df648bf849997d",47.00000000000001,0.8852108995893991,0.9787234042553191,0,0,0.003,0.017799999999999993,0,0,0.04499999999999999,0.20400000000000004,0,0,0.20199999999999996,0.5280666666666667
"96f3ab841096b6a480b4cae99bb05aebce1ff92d",47.00000000000001,0.9070754012691307,0.9780141843971631,0,0,0.004999999999999998,0.012099999999999998,0,0,0.045999999999999985,0.11373333333333334,0,0,0.2019999999999999,0.4608333333333333
"ec2ec774925cb845f85a82f85c32d0019de31f01",47.00000000000001,0.9078443449048156,0.9156028368794326,0,0,0.004,0.013633333333333332,0,0,0.05099999999999999,0.12946666666666662,0,0,0.22100000000000006,0.5190333333333331
"1cec9a6fe588c047daa6c711814453840405561b",1,1,1,0,0,0.15699999999999997,0.15699999999999997,0,0,0.15699999999999997,0.15699999999999997,0,0,0.15699999999999997,0.15699999999999997
"2cad60b6c25c87a6a59d3d315ec7d72c552fbc58",47.00000000000001,0.9002668906308325,0.8794326241134751,0,0,0.006,0.033099999999999984,0,0,0.062000000000000006,0.0966666666666667,0,0,0.23600000000000002,0.5460333333333336
"0db3d81c93cb5a8142709ab657af59a046c6f7f4",8,0.9034313725490191,0.8749999999999997,0,0,0.004999999999999998,0.004999999999999998,0,0,0.04700000000000001,0.4475999999999999,0,0,0.10099999999999998,0.7085333333333332
"a36c903d4f1065bc59f5e6d2bb0f9d92a5e71d83",42.99999999999999,0.9130944569998296,0.8666666666666669,0,0,0,0.006866666666666666,0,0,0.015000000000000001,0.0501,0,0,0.144,5.143866666666668
"3dbc94481291a99ecf28d47b3f338df99d96df40",47.00000000000001,0.8781700261291524,0.8943262411347518,0,0,0.003,0.013266666666666668,0,0,0.036,0.14953333333333338,0,0,0.16299999999999998,0.40100000000000013
"0bca64d75e1a54b64b91917bdbeebde56ac177fb",49,0.8842383013811583,0.9265306122448981,0,0,0.002,0.03306666666666667,0,0,0.03300000000000001,0.096,0,0,0.16799999999999998,5.668399999999998
"08aa21f9217df0a28d48be5be5db03ddf4867140",24,0.8878843537414967,0.8749999999999997,0,0,0.009999999999999997,0.02766666666666667,0,0,0.047,0.11600000000000002,0,0,0.129,0.3411000000000001
"b31877a46009d5ee52af9b5f737dabe241689931",24,0.8779183673469387,0.9458333333333332,0,0,0.006,0.012,0,0,0.043,0.1571333333333333,0,0,0.15599999999999994,0.32973333333333327
"4f4e2b064e98ce1abce98428965f8eed86f4543e",24,0.8857210884353742,0.9902777777777778,0,0,0.009,0.01323333333333333,0,0,0.052000000000000005,0.24633333333333335,0,0,0.17599999999999996,0.4393666666666666
"2a11642511a3c69bac5aa1abd83d3219871395e3",22,0.8764339042599913,0.909090909090909,0,0,0,0.016733333333333336,0,0,0.008,0.019999999999999997,0,0,0.037,0.03699999999999999
"44e32205a6f98f50af95e3940a48aa72971e9483",22,0.8748704435660956,0.9545454545454546,0,0,0.002,0.011866666666666666,0,0,0.009,0.01696666666666667,0,0,0.034,0.034
"d1e72ebede93d73d1a3caf74e391fd83516e0685",22,0.8994642072902943,0.9545454545454546,0,0,0,0.009533333333333331,0,0,0.003,0.009833333333333333,0,0,0.022999999999999993,0.022999999999999993
"ce178d8e87ff6f9a12aea4b217c1e09254936236",1,1,1,0,0,0.074,0.074,0,0,0.074,0.074,0,0,0.074,0.074
"b4609c81e41d678cf03898a7cc4a4660beef0f88",1,1,0,0,0,0.03500000000000001,0.03500000000000001,0,0,0.03500000000000001,0.03500000000000001,0,0,0.03500000000000001,0.03500000000000001
"88b951a227ca8d49df670bbacbd00a2e6c239f3e",1,1,1,0,0,0.060000000000000005,0.060000000000000005,0,0,0.060000000000000005,0.060000000000000005,0,0,0.060000000000000005,0.060000000000000005
"33bd8349641240def753858ea7809f38650cc662",5.000000000000001,0.9090909090909091,0.6000000000000002,0,0,0,0.006999999999999998,0,0,0.006,0.013000000000000001,0,0,0.013000000000000001,0.013000000000000001
"f013141f60df0bbbd57388c7bdd01a764ddfc1fd",50.99999999999999,0.9172685205523585,0.8941176470588234,0,0,0,0.0044666666666666665,0,0,0.019000000000000003,0.029066666666666668,0,0,0.13899999999999996,7.368733333333332
"9fb4f47f352dc1c1f5f20de80840d39e1eebb985",4,0.8666666666666666,0.75,0,0,0.010999999999999998,0.010999999999999998,0,0,0.04099999999999998,4.7829999999999995,0,0,0.126,4.868
"bff752134ba7626ca4cdb11a5a8d743d03af4cd8",6.999999999999997,0.8240476190476188,1,0,0,0.024999999999999994,0.04099999999999998,0,0,0.08999999999999998,0.2654333333333335,0,0,0.171,3.8268666666666675
"3ee9cc840088762c875a9c02531077279f7c237f",1,1,1,0,0,0.06600000000000002,0.06600000000000002,0,0,0.06600000000000002,0.06600000000000002,0,0,0.06600000000000002,0.06600000000000002
"54f8d3c02abe04765ffe957e7d412bde2adf58c1",1,1,1,0,0,0.05500000000000001,0.05500000000000001,0,0,0.05500000000000001,0.05500000000000001,0,0,0.05500000000000001,0.05500000000000001
"2bcf86d8af125b45d39bd1d43b8375911c551d78",1,1,1,0,0,0.064,0.064,0,0,0.064,0.064,0,0,0.064,0.064
"bce28f99f383051b419510ef72531e0f6fa67352",1,1,1,0,0,0.06600000000000002,0.06600000000000002,0,0,0.06600000000000002,0.06600000000000002,0,0,0.06600000000000002,0.06600000000000002
"aad2db8b12b8c61556df9df7de4fadc927633504",1,1,1,0,0,0.063,0.063,0,0,0.063,0.063,0,0,0.063,0.063
"7e440785d9ccdafc84ae7a50022097dc3dd422e8",1,1,1,0,0,3.603999999999999,3.603999999999999,0,0,3.603999999999999,3.603999999999999,0,0,3.603999999999999,3.603999999999999
"d3f2a89ba229c57073e4f2a63a9a7f1053a5720d",1,1,1,0,0,0.05400000000000001,0.05400000000000001,0,0,0.05400000000000001,0.05400000000000001,0,0,0.05400000000000001,0.05400000000000001
"d784612d0d3d18b2c3e892b85eaf4e7cff38c9dc",1,1,1,0,0,0.06600000000000002,0.06600000000000002,0,0,0.06600000000000002,0.06600000000000002,0,0,0.06600000000000002,0.06600000000000002
"c0779f42c7ca46c4cd3ade6261544b0da733e5d1",1,1,1,0,0,0.04399999999999999,0.04399999999999999,0,0,0.04399999999999999,0.04399999999999999,0,0,0.04399999999999999,0.04399999999999999
"ad97f2020253c787e2978093976c3b6716955e32",1,1,1,0,0,0.029000000000000005,0.029000000000000005,0,0,0.029000000000000005,0.029000000000000005,0,0,0.029000000000000005,0.029000000000000005
"74c24ad1942abb68c8084e0ab1cf0d6e234a0650",1,1,1,0,0,0.036,0.036,0,0,0.036,0.036,0,0,0.036,0.036
"f6f8e5dbedfed0d10bf483b636abac87d90925b3",1,1,1,0,0,0.019999999999999993,0.019999999999999993,0,0,0.019999999999999993,0.019999999999999993,0,0,0.019999999999999993,0.019999999999999993
"8912be8a88781518e8e47d37a73d42a03a7e0e8e",1,1,1,0,0,0.020999999999999998,0.020999999999999998,0,0,0.020999999999999998,0.020999999999999998,0,0,0.020999999999999998,0.020999999999999998
"4077b57f6dd784b0232db0c66999ff351176c323",1,1,1,0,0,0.020999999999999998,0.020999999999999998,0,0,0.020999999999999998,0.020999999999999998,0,0,0.020999999999999998,0.020999999999999998
"6e9f406aacc8444d22c35d50ab2e90afab5cddd6",1,1,1,0,0,0.019999999999999993,0.019999999999999993,0,0,0.019999999999999993,0.019999999999999993,0,0,0.019999999999999993,0.019999999999999993
"eabf1aaa2523d3f4dc9c99631cc42cb03fa61372",1,1,1,0,0,0.029000000000000005,0.029000000000000005,0,0,0.029000000000000005,0.029000000000000005,0,0,0.029000000000000005,0.029000000000000005
"5445f22747d0aba7d9c42d37fb596e29ca51bcbc",1,1,1,0,0,0.012,0.012,0,0,0.012,0.012,0,0,0.012,0.012
"3e58ab33b9c294817699ce18277aa6e772d3ee4f",1,1,1,0,0,0.006999999999999998,0.006999999999999998,0,0,0.006999999999999998,0.006999999999999998,0,0,0.006999999999999998,0.006999999999999998
"0b14928ee447a59f69bcaa87051af62300c72c84",1,1,0,0,0,0.003,0.003,0,0,0.003,0.003,0,0,0.003,0.003
"c3b38a3ba15ac662672ec4fbea52b3f3bcd17265",1,1,1,0,0,3.7819999999999987,3.7819999999999987,0,0,3.7819999999999987,3.7819999999999987,0,0,3.7819999999999987,3.7819999999999987
"77f875110ae0c9ed05362f1e7b95656fb1276fb4",1,1,1,0,0,3.9610000000000003,3.9610000000000003,0,0,3.9610000000000003,3.9610000000000003,0,0,3.9610000000000003,3.9610000000000003
"729adb624d3e720afb8686093814ab2bcc2d2f13",27.99999999999999,0.8641474375594157,0.8928571428571427,0,0,0.004,0.02566666666666667,0,0,0.013999999999999999,0.03540000000000001,0,0,0.04999999999999999,0.05000000000000002
"dd761382d3cfdc11b5de0cb1246de4567cdf2fc2",12.999999999999998,0.927187627187627,0.5743589743589743,0,0,0.010999999999999998,0.017400000000000002,0,0,0.036,0.05400000000000001,0,0,0.079,0.1278333333333333
"762641dcdbae9456aa2b72ec8fa1baa0acab942f",2,0.9533333333333333,1,0,0,0.022999999999999993,0.026733333333333328,0,0,0.022999999999999993,0.026733333333333328,0,0,0.022999999999999993,0.026733333333333328
"884d273f4207095f881167b3398fc2a55617ee9a",5.000000000000001,0.8860606060606058,0.7933333333333331,0,0,0.003,0.003,0,0,0.021999999999999995,0.038999999999999986,0,0,0.04099999999999998,0.0708
"cbc8e0b2952164f97779c9a5fadca6acd2600ae2",6,0.9186813186813186,0.8333333333333333,0,0,0.006,0.006,0,0,0.041999999999999996,0.07316666666666667,0,0,0.08499999999999999,0.1285
"182e335432fe4634d770c5861be40dacf1816f0c",17.999999999999996,0.9303935514461834,0.7777777777777776,0,0,0,0.003533333333333333,0,0,0.003,0.011699999999999999,0,0,0.032,0.05373333333333333
"f110da945a8af0914f348cfe576b5a8257159fd9",6,0.9073260073260074,0.6666666666666666,0,0,0.001,0.0067333333333333325,0,0,0.006999999999999998,0.013000000000000001,0,0,0.013999999999999997,0.013999999999999997
"47a9ea7c828772625b9e26c0c7a6db494ea626a3",3,0.9285714285714285,0.6666666666666666,0,0,0.006999999999999998,0.006999999999999998,0,0,0.006999999999999998,0.006999999999999998,0,0,0.074,0.10699999999999998
"94beded83960af2a15992f6cec8f1f59d1f3c051",8,0.8258169934640524,0.5,0,0,0.002,0.016,0,0,0.012,0.028533333333333327,0,0,0.034,0.05226666666666667
"ca2e59c513edc2a8b30ff62595e01f8dff79f0d2",14.999999999999998,0.8968817204301076,0.7933333333333331,0,0,0.001,0.022933333333333323,0,0,0.051,3.4652666666666665,0,0,0.748,6.492966666666668
"e99b0dde8ee5069eaee745b62b57b109def4b22c",39,0.8774537487828623,0.8307692307692308,0,0,0.022999999999999993,0.041333333333333326,0,0,0.12300000000000001,0.3133,0,0,0.32200000000000006,0.8265
"46ea7e5e963b09b63d6a54cddd7fe391d0d5b6f4",1,1,1,0,0,0.09800000000000002,0.09800000000000002,0,0,0.09800000000000002,0.09800000000000002,0,0,0.09800000000000002,0.09800000000000002
"369d0616ce4b9045ef439ca79c02e08c726398d2",1,1,1,0,0,0.036,0.036,0,0,0.036,0.036,0,0,0.036,0.036
"fde19e79d508f1206871796ad1d2f84cfcb398dc",1,1,1,0,0,0.268,0.268,0,0,0.268,0.268,0,0,0.268,0.268
"0fa0bfd8bb7a540015fb900f6f6832b88d37a1ae",1,1,1,0,0,4.8500000000000005,4.8500000000000005,0,0,4.8500000000000005,4.8500000000000005,0,0,4.8500000000000005,4.8500000000000005
"3387734b4fa501c355588b736cccb83f13347ae2",42.99999999999999,0.8214514835605452,0.927906976744186,0,0,0.021999999999999995,0.037,0,0,0.128,1.513133333333333,0,0,0.48300000000000004,3.2861000000000007
"e00e871d1d57ac76680087876b36764c4f8b28f8",6.999999999999997,0.7985714285714284,1,0,0,0.05200000000000001,0.8419666666666664,0,0,0.23699999999999993,1.2788333333333326,0,0,0.7509999999999999,2.234733333333333
"b3d86ca08a22afb47338dea0a3fcad2a58ece49c",63,0.8669303055868016,0.8899470899470898,0,0,0.006999999999999999,0.02546666666666667,0,0,0.07799999999999999,2.1559333333333335,0,0,0.3389999999999999,3.9957333333333325
"3609993fb588017c77fc1781d697dcf1717cd73a",42.99999999999999,0.8450195621005562,0.8945736434108529,0,0,0.032,0.05210000000000001,0,0,0.165,2.473,0,0,0.4389999999999999,4.197733333333334
"c70e05ae41b4990a9d1e5f442219411abc6b2afb",57.00000000000001,0.8949277992582656,0.9198830409356724,0,0,0.004,0.1771000000000001,0,0,0.06899999999999999,1.2889333333333333,0,0,0.3199999999999999,2.6723
"5afe35c02481b6bb3553708b027705590d99c22a",57.00000000000001,0.915581156790026,0.9397660818713451,0,0,0.004999999999999998,0.03166666666666668,0,0,0.068,0.10853333333333333,0,0,0.353,2.915366666666666
"b278ac8c390f38342d2503d5d75d441e77af39a1",2,0.7999999999999998,1,0,0,0.019000000000000003,1.1420000000000001,0,0,0.019000000000000003,1.1420000000000001,0,0,0.019000000000000003,1.1420000000000001
"e1618fa2327967562c6af0848c8d5873e0040542",20.000000000000004,0.7924506387921022,0.8499999999999998,0,0,0.015000000000000001,0.02886666666666668,0,0,0.08999999999999998,0.40320000000000006,0,0,0.22299999999999998,0.5462333333333332
"89cbfa54b041541077b8158b667ee3830a8abe5c",111.99999999999996,0.8911198201994665,0.9303571428571428,0,0,0.004999999999999998,0.025900000000000003,0,0,0.07700000000000003,5.723199999999999,0,0,0.43199999999999994,10.409133333333331
"07f537120f6a9220c8cc8216b22f9f5744f619b1",67.99999999999999,0.913365193744905,0.9284313725490195,0,0,0.006,0.017366666666666666,0,0,0.06600000000000002,0.07759999999999999,0,0,0.33099999999999996,5.764833333333334
"5cdac9cfd5a74b0a52ebde32798b973c6edbaa79",48,0.9113226733992567,0.9583333333333333,0,0,0.004,0.01843333333333333,0,0,0.047,3.746266666666666,0,0,0.258,4.2887666666666675
"c368955343029d1a99d1b6817eb9fef0c62f02d3",1,1,0,0,0,0.032,0.032,0,0,0.032,0.032,0,0,0.032,0.032
"a410aab6515931489dc2594d4e0f0ecac2c66071",6,0.8923076923076922,1,0,0,0,0,0,0,0.01999999999999999,0.278,0,0,0.07500000000000002,0.39646666666666674
"e21cb463c0824425abaa5e2dd96c24d8f52de619",1,1,1,0,0,0.024999999999999994,0.024999999999999994,0,0,0.024999999999999994,0.024999999999999994,0,0,0.024999999999999994,0.024999999999999994
"a48d045709e32af2d06aca82a355ee3409a6773c",1,1,0,0,0,0.024999999999999994,0.024999999999999994,0,0,0.024999999999999994,0.024999999999999994,0,0,0.024999999999999994,0.024999999999999994
"92e63fb3c87c73359c395406fed9c524b8626595",1,1,1,0,0,0.05800000000000001,0.05800000000000001,0,0,0.05800000000000001,0.05800000000000001,0,0,0.05800000000000001,0.05800000000000001
"cee7cc6b6470362b12c134b4ed3f3b9bdcd4e465",1,1,1,0,0,0.059000000000000004,0.059000000000000004,0,0,0.059000000000000004,0.059000000000000004,0,0,0.059000000000000004,0.059000000000000004
"bf7767867378d9d33551ad54687b48c8fbecf424",2,1,0.9666666666666667,0,0,0.001,0.001,0,0,0.001,0.001,0,0,0.001,0.001
"b00e65686eb1b11c0b814c4aa0d6a22c03be958c",2,1,1,0,0,0.001,0.001,0,0,0.001,0.001,0,0,0.001,0.001
"bfa50b3edf09aa41363eeae28b4abe3b86f2e261",8,0.9202614379084963,0.6583333333333337,0,0,0.003,0.03043333333333333,0,0,0.029000000000000005,0.0453,0,0,0.126,0.19046666666666667
"6b7a8480102144663b567982a5536340a57a431e",1,1,1,0,0,0.13100000000000003,0.13100000000000003,0,0,0.13100000000000003,0.13100000000000003,0,0,0.13100000000000003,0.13100000000000003
"c01fa9aa42e078951f9d77ffe3b7546411278633",24,0.7648503401360545,0.8180555555555554,0,0,0.03300000000000001,0.07203333333333334,0,0,0.144,1.039033333333333,0,0,0.30400000000000005,1.2110666666666663
"75768ba2724e2bb1d9a7a450f882be7d9f806a57",1,1,0.733333333333333,0,0,0.047,0.047,0,0,0.047,0.047,0,0,0.047,0.047
"589ce593070cb5bdb4053a71fe97342509037170",1,1,1,0,0,0.079,0.079,0,0,0.079,0.079,0,0,0.079,0.079
"fa9f1aae197bacc5fea2394981cabeee3399759b",57.00000000000001,0.9036781609195403,0.8964912280701757,0,0,0.004,0.010633333333333331,0,0,0.05800000000000001,2.8645999999999994,0,0,0.32799999999999985,5.409433333333332
"353e06a8ac01542e1dfac877c5e05880ab2bb52c",57.00000000000001,0.8897104079539176,0.9573099415204677,0,0,0.003,0.014066666666666663,0,0,0.041999999999999996,4.097033333333332,0,0,0.29899999999999993,6.607299999999997
"2e1a1d453636d0d456ef7883b3560cc52d64a9f2",57.00000000000001,0.895633236013572,0.970175438596491,0,0,0.003,0.01123333333333333,0,0,0.04099999999999998,2.9657333333333336,0,0,0.29499999999999993,7.649900000000001
