"cycle_id","num_testsuite","NORMALIZED_FPA","accuracy","optimal_failures_25%","failures_in_25%_ordered","optimal_exec_time_25%","exec_time_25%","optimal_failures_50%","failures_in_50%_ordered","optimal_exec_time_50%","exec_time_50%","optimal_failures_75%","failures_in_75%_ordered","optimal_exec_time_75%","exec_time_75%","total_failures_in_cycle","exec_time"
"ce0c082898e3551d313fb5b73763f399232b3fd5",11,0.7739130434782606,0.45454545454545453,0,0,0.006,0.4808333333333332,0,0,0.102,1.2547333333333335,0,0,0.7939999999999997,2.169833333333334,0,2.6830000000000003
"5b98a73e4db8d0cb1f29138b2f14319df7840ce1",14.999999999999998,0.7760215053763442,0.7400000000000001,0,0,0.004,1.3643999999999996,0,0,0.07999999999999997,2.800699999999999,0,0,0.7539999999999999,4.519299999999999,0,5.628999999999998
"1d1883f0e20215720eb583fd43eee088808c616b",85.00000000000001,0.7795760033919731,0.5149019607843137,0,0,0,2.0271,0,0,0.023999999999999997,5.053666666666666,0,0,0.18900000000000006,7.967333333333332,0,11.262000000000002
"bd9adbb637a8a4aa5eb61c6fde2c576d0ab3c4fa",11,0.7958498023715415,0.7969696969696968,0,0,0.003,0.36686666666666673,0,0,0.11199999999999997,1.1733333333333338,0,0,0.83,1.9336666666666666,0,2.7520000000000002
"0fe9685c8a78ba2d780a3ec1e1a323990dc6d218",2,0.8133333333333334,0.7166666666666668,0,0,0,0,0,0,0,0.10919999999999999,0,0,0,0.10919999999999999,0,0.117
"3899cc6570bd9176c84ad2d5d14febc6c0ddd964",1,1,0.3666666666666666,0,0,0,0,0,0,0,0,0,0,0,0,0,0.045999999999999985
"697329630f16ee37cab30004aab5b0831fc9ecc3",11,0.7723978919631092,0.7606060606060604,0,0,0.003,0.4135333333333333,0,0,0.08600000000000001,1.4132666666666667,0,0,0.797,2.275666666666666,0,2.840999999999999
"009e33bb5d2950ad46d80f0b84ac77f075378859",1,1,0.7333333333333333,0,0,0,0,0,0,0,0,0,0,0,0,0,0.11400000000000002
"0223a4d4cd127a1e209a04d8e1eff3296c0ed8c1",3,0.8857142857142853,0.6333333333333333,0,0,0,0,0,0,0.015000000000000001,0.037666666666666654,0,0,0.055999999999999994,0.08053333333333333,0,0.13
"aa31bc6c313789c344d715b7c1aeea0cd8de47e2",6.999999999999997,0.8319047619047619,0.5714285714285711,0,0,0.006,0.15263333333333326,0,0,0.024,0.45449999999999985,0,0,0.14200000000000002,0.8701666666666666,0,1.2760000000000002
"7e85d1cf54b1e467607a0019b56f91577ebe2e4f",57.00000000000001,0.7584418317157212,0.5619883040935674,0,0,0,1.2742666666666667,0,0,0.029000000000000005,2.843,0,0,0.17800000000000002,5.012866666666668,0,7.238999999999998
"13cd4e0ac3ab76a4dc091eda457f9a111727cba2",6,0.817216117216117,0.7888888888888889,0,0,0.001,0.020633333333333326,0,0,0.006,0.08670000000000001,0,0,0.027999999999999994,0.10136666666666666,0,0.178
"648eebba22d6398a01b0924975bedced8469ac80",57.00000000000001,0.7666135353375946,0.7216374269005847,0,0,0,1.923933333333333,0,0,0.030000000000000002,4.118066666666667,0,0,0.17400000000000004,5.6110999999999995,0,7.498000000000001
"eaa9269ac80c2a957cabed0c46173149a4137c24",57.00000000000001,0.7662232041873801,0.7555555555555556,0,0,0,1.4493333333333331,0,0,0.024999999999999994,3.8873000000000006,0,0,0.18099999999999994,5.772733333333332,0,7.169999999999999
"4a26a86d0c0d9a72a0505ceedc7f1e39b984c302",45,0.7537697085523175,0.697037037037037,0,0,0.006,0.25256666666666666,0,0,0.068,0.5151000000000001,0,0,0.204,0.8016333333333334,0,1.1199999999999997
"e4b7ee81c1773eeb0bb71ca53bf722f046c16a16",6.999999999999997,0.7935714285714286,0.6761904761904763,0,0,0.006,0.07286666666666664,0,0,0.030000000000000002,0.3605666666666667,0,0,0.13200000000000003,0.9876,0,1.3839999999999997
"fbb5d31a581c24e925c442a7754358d2b62a669d",38,0.7834516360832148,0.6982456140350878,0,0,0,1.1604666666666665,0,0,0.022999999999999993,2.6568,0,0,0.13399999999999998,4.2044999999999995,0,5.761
"ec2fa6bd5695b36435cc66ca4cdd8183d077a0cf",1,1,0.7333333333333333,0,0,0,0,0,0,0,0,0,0,0,0,0,0.12299999999999997
"a06c99b9c094d66f0d33bd69e15fe01ba52a8b05",1,1,0.7000000000000001,0,0,0,0,0,0,0,0,0,0,0,0,0,0.126
"b2c1afce7eb13ea44fc7d25562cc3bb83cc91b2f",19,0.7601079622132252,0.7350877192982456,0,0,0.006,0.10203333333333334,0,0,0.04399999999999999,0.30916666666666676,0,0,0.122,0.5807666666666668,0,0.826
"c7c85ee39892df3ca007c6596c41654865be7e43",8.999999999999998,0.7559064327485381,0.7148148148148149,0,0,0,0.05163333333333333,0,0,0.002,0.07486666666666664,0,0,0.010999999999999998,0.10713333333333333,0,0.179
"1f56bd103d53c8c6ba7502c6586c26be01bfdb80",45,0.7538833147528803,0.8133333333333334,0,0,0.009999999999999997,0.33553333333333335,0,0,0.07000000000000002,0.5849666666666667,0,0,0.21699999999999997,0.7691666666666663,0,1.0570000000000002
"2d61e349dbd3e2e81450c9ac531218220b7e422d",23,0.8059666975023124,0.8130434782608693,0,0,0,0.4987333333333333,0,0,0.004999999999999998,1.1406999999999998,0,0,0.03300000000000001,2.1735999999999995,0,2.5159999999999996
"c503d742f094dc2048b72c3f78f5e2e6070a44e1",21.000000000000007,0.7830564784053158,0.7238095238095237,0,0,0.009,0.1375333333333333,0,0,0.04499999999999998,0.3540000000000001,0,0,0.13299999999999998,0.6261999999999999,0,0.869
"a2d41db55aa46bd4fedb215c978f03e282cf1ffb",21.000000000000007,0.7822812846068662,0.7396825396825396,0,0,0.004999999999999998,0.17196666666666666,0,0,0.036,0.4202666666666667,0,0,0.11899999999999998,0.6479666666666667,0,0.8499999999999999
"71d9e00d42b278ce9d216b33bf1a9c8606fbcb49",21.000000000000007,0.8073593073593074,0.7603174603174603,0,0,0.006999999999999999,0.11519999999999997,0,0,0.046,0.3028,0,0,0.143,0.5694333333333335,0,0.829
"0b11c6043467e9d06880a069bba68d90fbcbb018",1,1,1,0,0,0,0,0,0,0,0,0,0,0,0,0,0.08900000000000001
"a81791c093ffb27150c98585aa3bebeabd3586d5",3,0.7928571428571427,0.6333333333333334,0,0,0,0,0,0,0.013000000000000001,0.05913333333333334,0,0,0.034,0.09880000000000001,0,0.119
"291eaf16bf208e1012dc5da722a53fb5870c3035",2,1,0.3833333333333333,0,0,0,0,0,0,0.065,0.065,0,0,0.065,0.065,0,0.17099999999999999
"d772e171d64c9dc617f16cbb8475d13792538e15",6,0.7868131868131867,0.4444444444444444,0,0,0.009,0.07149999999999998,0,0,0.03300000000000001,0.1607,0,0,0.05300000000000001,0.2563333333333334,0,0.33699999999999997
"d0049e1ac38c11d10431b2b9f76d03f3a62ab44b",22,0.8197101449275362,0.7863636363636363,0,0,0.006999999999999999,0.088,0,0,0.043000000000000003,0.24796666666666664,0,0,0.13200000000000003,0.49286666666666673,0,0.8169999999999997
"ab60f735c721103ac888d8d7b801055921336687",3,0.8928571428571427,0.7111111111111109,0,0,0,0,0,0,0.013999999999999999,0.04363333333333332,0,0,0.06899999999999999,0.08756666666666664,0,0.14600000000000007
"ecf6de89ba1a6542c68194e95d14ea944b6c92b7",1,1,0.9333333333333331,0,0,0,0,0,0,0,0,0,0,0,0,0,0.09199999999999997
"a2660687980b36003a612eb89b40d6fdecb4b153",1,1,0.9666666666666666,0,0,0,0,0,0,0,0,0,0,0,0,0,0.118
"b3c31a379e9ad7cd22cb7f0669b82361ced84992",21.000000000000007,0.7792811839323468,0.7666666666666666,0,0,0.004,0.1674333333333333,0,0,0.035,0.36810000000000004,0,0,0.144,0.6008333333333332,0,0.9219999999999999
"4ff5974c4ab78f82ab43ff6e518fab72b366c1f6",2,1,0.8499999999999996,0,0,0,0,0,0,0.001,0.001,0,0,0.001,0.001,0,0.11899999999999998
"204ed0048f4812201ef65c9a0c44fa54a7d1e04f",1,1,1,0,0,0,0,0,0,0,0,0,0,0,0,0,0.11100000000000002
"ae91ab56ac68bdb2a42b694167c8e6d77026210a",4,0.8588888888888887,0.7333333333333333,0,0,0.006,0.10599999999999998,0,0,0.024,0.2856,0,0,0.342,0.6408000000000003,0,0.816
"be21e8fc35f564abe742026bc234d3bc59e84bf4",11,0.778787878787879,0.7787878787878786,0,0,0.006,0.4741999999999999,0,0,0.10399999999999998,1.2134666666666665,0,0,0.8389999999999999,2.0445999999999995,0,2.778
"05a6beba76b3195b26f2b15919d4f3a95b22c580",10.000000000000002,0.7925541125541127,0.7433333333333335,0,0,0.002,0.5735666666666667,0,0,0.21699999999999994,1.4266999999999999,0,0,0.7909999999999997,2.1769666666666674,0,3.068
"e64b51c70fa9f5e2795e91e6729ebd895f7f3c01",21.000000000000007,0.8090607067351254,0.7714285714285712,0,0,0.004999999999999998,0.12733333333333333,0,0,0.041999999999999996,0.2804333333333333,0,0,0.13799999999999998,0.5846333333333334,0,0.8679999999999999
"dad86bc0a29689fd29bf03b382a39621718e8b05",101.99999999999999,0.7675550788631819,0.6954248366013074,0,0,0,2.6428666666666683,0,0,0.023999999999999997,6.493400000000001,0,0,0.20300000000000004,9.302266666666668,0,11.263999999999998
"9c506279188a90dbbe124386cc52016682d17b5c",24,0.7697278911564627,0.7944444444444445,0,0,0.009999999999999997,1.8212333333333333,0,0,0.07000000000000002,3.657233333333334,0,0,0.2290000000000001,5.469133333333331,0,7.404999999999999
"b9f04d9be3e7ff300520da194fe29ed5c1861787",32,0.755215617715618,0.7281249999999999,0,0,0,0.3376666666666668,0,0,0.020999999999999998,0.7181666666666666,0,0,0.13499999999999995,0.9001666666666666,0,1.1179999999999999
"ad1b72b7ece0166c5fbe0c6136213589eeed9945",113.00000000000003,0.7477499252790665,0.7474926253687315,0,0,0,2.9433666666666674,0,0,0.016,6.6219,0,0,0.15400000000000005,10.94273333333333,0,15.102
"8eace0187ea2c0c1a6e3a5b5e24e701f6e23ae94",33,0.7197701332907653,0.7838383838383838,0,0,0.004999999999999998,0.3166000000000001,0,0,0.024999999999999994,0.6724000000000002,0,0,0.12000000000000001,0.8757666666666666,0,1.1019999999999999
"72bbbbc559992e5e6bf17279d8194aaa80c62e85",14.999999999999998,0.762258064516129,0.7644444444444445,0,0,0.004,1.528266666666667,0,0,0.082,3.034433333333333,0,0,0.7230000000000001,4.189633333333334,0,5.577000000000001
"42f2058c83f256d8654b349d5249d6f59920f88b",107.99999999999999,0.7603337451517388,0.7490740740740741,0,0,0,3.7050333333333314,0,0,0.032,7.887466666666663,0,0,0.211,10.576799999999999,0,14.924999999999997
"d5293751676da9816a415dbc8a3cf703ff13205d",2,1,0.9166666666666664,0,0,0,0,0,0,0,0,0,0,0,0,0,0.07799999999999997
"feb7ba55120feb5e3ad3f526fae7dee1b5189d9e",1,1,0.9666666666666667,0,0,0,0,0,0,0,0,0,0,0,0,0,0.09999999999999998
"ff2672a57816d75a740813f8d26d830bd2f9b7cf",1,1,0.9333333333333332,0,0,0,0,0,0,0,0,0,0,0,0,0,0.9259999999999997
"bdb074610c87a210ea4c0d91d579cb4558f4b19f",1,1,0.8333333333333333,0,0,0,0,0,0,0,0,0,0,0,0,0,0.89
"64d820bffae723b9c8669301b246ae199db61b5c",1,1,0.7999999999999999,0,0,0,0,0,0,0,0,0,0,0,0,0,0.9190000000000002
"09686fad46d49016057bae8f02dc79f409b7bd10",24,0.7618231292517008,0.8319444444444444,0,0,0.008,2.0557666666666665,0,0,0.06899999999999999,3.9801666666666677,0,0,0.22800000000000004,5.641033333333333,0,7.529999999999999
"0807eedad6aa9544d90b2e7cec103fb9c40b714d",57.00000000000001,0.7790283805465688,0.819298245614035,0,0,0.008,0.7879000000000003,0,0,0.07000000000000002,1.5883666666666663,0,0,0.26200000000000007,2.4622666666666655,0,3.346
"d58d64ddb1f205a54c7eb57fe0cbec9c59cad8d6",4,0.8811111111111112,0.7499999999999999,0,0,0.031000000000000003,0.6729333333333336,0,0,0.07399999999999997,1.5120333333333338,0,0,0.134,1.8745333333333336,0,4.92
"d962a2b31c9a7216c2df557eaed3e475b13939f1",3,0.8499999999999999,0.588888888888889,0,0,0,0,0,0,0.010999999999999998,0.034600000000000006,0,0,0.051,0.06763333333333335,0,0.09999999999999998
"3421e6adb4a3a4fadae79feb0f180e78e2698374",24,0.8079795918367348,0.8680555555555554,0,0,0.009999999999999997,1.8694333333333335,0,0,0.07700000000000003,3.2999999999999994,0,0,0.256,4.201666666666668,0,7.570999999999998
"9c5b6cdc7108eb071785b0c4edd205650cdf1ca4",40.00000000000001,0.7620159590484797,0.8358333333333333,0,0,0.008,1.4052999999999995,0,0,0.048,3.4892666666666665,0,0,0.15699999999999995,4.981533333333333,0,6.975000000000002
"31d02f6806e4d2e9ca86706af33acca334bf2eef",4,0.8799999999999999,0.7999999999999999,0,0,0.032,0.6735666666666665,0,0,0.07500000000000002,1.3519666666666665,0,0,0.13,1.5521666666666665,0,4.910000000000001
"db6f7c1d74ba64211221a69cfa9fe7171a9199e8",14.999999999999998,0.7739247311827959,0.8066666666666668,0,0,0.004,1.1101,0,0,0.094,2.4439333333333333,0,0,0.748,3.6771333333333334,0,5.271000000000001
"78c373d7bc23e81c82cac6feb66a9f6b9472f8ab",2,1,0.9666666666666665,0,0,0,0,0,0,0,0,0,0,0,0,0,0.125
"8c99b8299df8f5af5136e4ad53ea5111f953db92",2,1,0.9333333333333332,0,0,0,0,0,0,0.001,0.001,0,0,0.001,0.001,0,0.11899999999999998
"1eecfc948bf6f4cbb9a2481313ca7368ec653056",5.000000000000001,0.8503030303030301,0.6733333333333336,0,0,0.006999999999999998,0.21106666666666665,0,0,0.020999999999999998,0.24989999999999996,0,0,0.05099999999999999,0.41250000000000003,0,0.7709999999999999
"ac5a216f767c6defa4da720c6ecb3baa05e30254",1,1,0.9666666666666667,0,0,0,0,0,0,0,0,0,0,0,0,0,0.278
"cac7a60abf0a4451a5c80ef57343a14ea1ba443f",113.00000000000003,0.7609027930240402,0.782005899705015,0,0,0,3.6478999999999995,0,0,0.010999999999999998,7.038733333333333,0,0,0.16400000000000003,10.514899999999997,0,15.482000000000001
"d9a2c69a9d1db6072e1d7b7ea4fcbd5c15d20b5d",5.000000000000001,0.8496969696969696,0.7466666666666668,0,0,0.004,0.2630333333333334,0,0,0.016,0.3367999999999999,0,0,0.03999999999999999,0.5035666666666666,0,0.9649999999999997
"a3b74d9c230a85df8ebeef3169fc1cd0439c9a87",111.00000000000001,0.7661756006486946,0.8003003003003003,0,0,0,3.5866,0,0,0.019000000000000003,6.680266666666667,0,0,0.17900000000000002,10.886566666666667,0,14.919999999999998
"d0f6be9886afaee6080cd4b7cd5d165c767b71f0",1,1,0.03333333333333333,0,0,0,0,0,0,0,0,0,0,0,0,0,0.060000000000000005
"8ac857c41ec8ae02e57eb0c1c1a012525e7e14b9",1,1,0.9666666666666667,0,0,0,0,0,0,0,0,0,0,0,0,0,0.335
"10d2363fcdd6e15568f765ba0dfd5f0cfa0b04eb",1,1,0.06666666666666665,0,0,0,0,0,0,0,0,0,0,0,0,0,0.04399999999999999
"5f4249e2ec8cccb17b27a7ffd032c4fc237a6927",1,1,0.19999999999999998,0,0,0,0,0,0,0,0,0,0,0,0,0,0.05200000000000001
"8232c096cef785a2ba88a7324b882a7badb0af44",1,1,0.06666666666666667,0,0,0,0,0,0,0,0,0,0,0,0,0,0.053
"c6a410adf832e0e6eeee824365b1c5799bfc1391",1,1,0.9666666666666665,0,0,0,0,0,0,0,0,0,0,0,0,0,0.07799999999999997
"b10d58ece8657de1b132cbe2c766bc25f1fd2986",1,1,0.06666666666666667,0,0,0,0,0,0,0,0,0,0,0,0,0,0.05800000000000001
"a04151819758fceb7f0cb855d279c9d46b2e9851",1,1,0.06666666666666667,0,0,0,0,0,0,0,0,0,0,0,0,0,0.05800000000000001
"86a59601b570585dcb7a1ce3d1ccc8e16008f53a",4,0.7477777777777778,0.9666666666666666,0,0,0,0.13649999999999998,0,0,0.063,0.19850000000000004,0,0,0.154,0.2781999999999999,0,0.31399999999999995
"33bb9fe25b9200e75cc4bf2483b17a35df960034",57.999999999999986,0.7707763241369322,0.8333333333333335,0,0,0.002,1.8571000000000004,0,0,0.03099999999999999,3.7761333333333327,0,0,0.18300000000000002,5.872533333333333,0,7.498000000000001
"809e2bed22f02264e0ac58bba070f6d84386cfc5",1,1,0.9333333333333333,0,0,0,0,0,0,0,0,0,0,0,0,0,1.232
"5acf310d08b2bc5182cf936616ef70938cb2c499",55.99999999999998,0.7662086632510481,0.8101190476190474,0,0,0,1.6433666666666662,0,0,0.029000000000000005,3.446933333333333,0,0,0.19799999999999998,5.534266666666666,0,7.3229999999999995
"38140a5d8dffec88f7c88da73ce3989770e086e6",55.99999999999998,0.7697922904606649,0.8541666666666666,0,0,0,2.202233333333334,0,0,0.03300000000000001,3.7880000000000003,0,0,0.21500000000000002,5.174733333333333,0,7.4159999999999995
"4a32861c326696e82efd3947384bd6d949faab28",45,0.7500929022668151,0.7933333333333331,0,0,0.004999999999999998,0.3062333333333334,0,0,0.062000000000000006,0.5684666666666663,0,0,0.21399999999999997,0.7482000000000001,0,1.0749999999999997
"103b64a373256feae6ca85f2bf220e7694e48fa4",55.99999999999998,0.7419189566837444,0.8136904761904761,0,0,0.006,2.7995999999999994,0,0,0.056999999999999995,5.438666666666669,0,0,0.24599999999999994,6.567933333333334,0,7.432999999999998
"6423a7665516d738ae50d272e3b4ca72cdb89a9d",55.99999999999998,0.7734474460487504,0.8446428571428571,0,0,0,1.0776666666666666,0,0,0.036,2.1662999999999997,0,0,0.22200000000000003,4.684400000000001,0,7.2719999999999985
"91d6bd74fa358fdc8d7cb7681c76c509fd9a8e7d",17.999999999999996,0.7751541014698913,0.7,0,0,0.017,0.16510000000000002,0,0,0.063,0.4066333333333332,0,0,0.16100000000000003,0.703066666666667,0,0.981
"8f9271399aca64a6f5afe36d3eec365eb68e310e",25,0.7356259426847662,0.8506666666666663,0,0,0.006,0.3358666666666667,0,0,0.036,0.7238,0,0,0.12000000000000002,1.1117666666666663,0,1.433
"8274993e293a79fc75829df398233915a6387a4b",1,1,0.9666666666666665,0,0,0,0,0,0,0,0,0,0,0,0,0,0.08999999999999996
"e2dbe55d56bd6c1209276050f527d36717e33e1d",3,0.8928571428571429,0.5999999999999998,0,0,0,0,0,0,0.010999999999999998,0.03793333333333335,0,0,0.05300000000000001,0.06576666666666665,0,0.11400000000000002
"10325422e5a4735aa87a4d47bdb377e09fe963d2",6,0.7549450549450548,0.6666666666666669,0,0,0.012,0.043333333333333314,0,0,0.047,0.0996333333333333,0,0,0.07100000000000001,0.12269999999999999,0,0.179
"a945ecbbdda782b51d5c2c670345fbf4dffacab7",55.99999999999998,0.7541137134872581,0.8708333333333335,0,0,0,1.4499333333333335,0,0,0.029000000000000005,4.355633333333333,0,0,0.19399999999999998,5.858300000000002,0,7.304999999999999
"e4c72a5522aabfa6a660088aa9262d849756e464",1,1,0.2333333333333333,0,0,0,0,0,0,0,0,0,0,0,0,0,0.04499999999999998
"8c5335e6c67f88568099622cf37667d69db06524",55.99999999999998,0.7429031649921265,0.8315476190476191,0,0,0,2.4317333333333346,0,0,0.038000000000000006,4.731933333333333,0,0,0.22299999999999998,5.355733333333332,0,7.479
"4f82195afdc4279c05826fc20f8642bfdaaafec3",111.00000000000001,0.7517974733221371,0.8276276276276273,0,0,0,3.5704000000000002,0,0,0.015000000000000001,6.984633333333332,0,0,0.23200000000000004,10.207266666666664,0,13.856999999999998
"607e3447c92754d871a3f2eb8c472e45afed6c1c",36.999999999999986,0.8042313892840207,0.8468468468468467,0,0,0,0.5353,0,0,0.009,1.413166666666666,0,0,0.08399999999999999,2.541833333333333,0,3.4009999999999994
"aadb9a31ed969fc72cc87d486ec02383faa5bd06",98,0.7636750808614478,0.8404761904761905,0,0,0,3.5991999999999997,0,0,0.031000000000000003,5.725533333333336,0,0,0.24000000000000002,10.15066666666667,0,15.248999999999995
"eb2b89efbe15ab0b70fd94f0ecd0aa03866fb4d2",101.99999999999999,0.7370251609997539,0.8823529411764703,0,0,0,3.642733333333333,0,0,0.019000000000000003,6.489833333333333,0,0,0.19800000000000006,9.539566666666666,0,12.620999999999999
"151f2cd3d80c006f4ec228cdf610c3a35feb195d",6.999999999999997,0.7997619047619047,0.5952380952380953,0,0,0.006,0.15319999999999992,0,0,0.026000000000000006,0.4378333333333332,0,0,0.13,0.8715999999999999,0,1.2719999999999996
"33884b226454324f27700f9069f4702b44ef8ced",6.999999999999997,0.7966666666666666,0.5380952380952381,0,0,0.009,0.12476666666666661,0,0,0.034,0.5066666666666665,0,0,0.14600000000000007,0.8541333333333333,0,1.4079999999999997
"23108b1bd90de315aed37fa3fc1f38f8a56ab9ba",4,0.8355555555555554,0.7000000000000003,0,0,0.006999999999999998,0.06923333333333331,0,0,0.05700000000000001,0.11946666666666668,0,0,0.136,0.17270000000000005,0,0.236
"d6644e4fbe3d125eed2d85e58fc7133466042f10",55.99999999999998,0.7624975048240072,0.8571428571428573,0,0,0,1.9301666666666657,0,0,0.029000000000000005,3.877066666666664,0,0,0.22200000000000003,5.327200000000001,0,7.398999999999999
"96c8ea2fb3719e2f6e3d7a4d7b46718f26515a86",66,0.7187153773171053,0.8025252525252525,0,0,0.002,0.9221,0,0,0.041,2.4554666666666667,0,0,0.20900000000000007,3.3137000000000008,0,4.244000000000001
"dc53e49b4afa5d59c533cf2b4918402c37411fbd",1,1,0.1333333333333334,0,0,0,0,0,0,0,0,0,0,0,0,0,0.036
"f9cab271b3bc8c2fb6e2c51449ad3bc07e62e174",6.999999999999997,0.7809523809523807,0.6380952380952382,0,0,0.006,0.3045333333333334,0,0,0.027000000000000007,0.9441666666666665,0,0,0.13,1.061233333333333,0,1.4009999999999998
"383bc8eefae7e17d0bb0349ab2300488c655ec42",6.999999999999997,0.811190476190476,0.5904761904761908,0,0,0.006,0.0364,0,0,0.027000000000000007,0.11023333333333331,0,0,0.068,0.16320000000000007,0,0.278
"eafeca43268f16aa9d4a179e44b9e7747699c1eb",1,1,0.16666666666666669,0,0,0,0,0,0,0,0,0,0,0,0,0,0.053
"61bc7f27b498d919d0a534d00de2aa6d0ebf7447",44,0.7498785608897971,0.8401515151515151,0,0,0,0.9009666666666665,0,0,0.019000000000000003,1.5454333333333337,0,0,0.126,2.3377333333333326,0,3.549999999999999
"9b481a97010a19e375cf423ffe25dda1b40e0e47",55.99999999999998,0.7546826136136802,0.8511904761904764,0,0,0.006999999999999999,2.170666666666667,0,0,0.05299999999999999,4.7412,0,0,0.255,6.0824333333333325,0,7.476000000000002
"cfdc3f767c0063224622af168e78c6b2d2c77388",20.000000000000004,0.7573170731707316,0.6950000000000002,0,0,0.004999999999999998,0.07603333333333331,0,0,0.026000000000000002,0.16533333333333333,0,0,0.09199999999999997,0.25913333333333316,0,0.32599999999999996
"4733cb5b798cd72aed82a9118648b4a86c91539f",6.999999999999997,0.7890476190476188,0.9095238095238093,0,0,0,0.24836666666666657,0,0,0.009,0.5081000000000001,0,0,0.059000000000000004,0.5436666666666666,0,0.816
"3f103f8c9b72ef6ada41684c122ef7bd3cc90d22",1,1,0.9333333333333332,0,0,0,0,0,0,0,0,0,0,0,0,0,0.11000000000000001
"1f73bbeb67683e8852f889e8f11c8fb1b4d963a2",1,1,0.46666666666666645,0,0,0,0,0,0,0,0,0,0,0,0,0,0.059
"1e5c2b87792b58f45fd3b33f1373925ebfe879a0",6,0.7468864468864469,0.6222222222222225,0,0,0.013000000000000001,0.0453,0,0,0.047,0.10643333333333335,0,0,0.07300000000000004,0.12896666666666673,0,0.189
"a40b2a907a69e51675d7d0502b2608833c4da343",55.99999999999998,0.7468261361368023,0.8785714285714286,0,0,0.004,1.798133333333333,0,0,0.041999999999999996,4.738933333333333,0,0,0.22899999999999995,6.607000000000004,0,7.502999999999999
"c37a911d3a1541adc25c8d76f717015b2266d123",55.99999999999998,0.7375024951759931,0.8809523809523809,0,0,0,1.376033333333333,0,0,0.03500000000000001,5.525466666666668,0,0,0.2249999999999999,6.2639,0,7.680000000000002
"2dd459003e19e4bbc2811b10d38337f295fc5a19",1,1,0.06666666666666665,0,0,0,0,0,0,0,0,0,0,0,0,0,0.05099999999999999
"a069c490e8119189fa2b43d3b597b79b3d42a367",55.99999999999998,0.7555348548362056,0.8755952380952381,0,0,0.002,1.638533333333333,0,0,0.03999999999999999,4.245866666666669,0,0,0.22399999999999995,5.235833333333335,0,7.682999999999999
"d79e43216faba4b3e73536915bfddc550cc0f20f",55.99999999999998,0.8216121054849514,0.8601190476190477,0,0,0,1.5570333333333335,0,0,0.03500000000000001,2.0945333333333327,0,0,0.22000000000000003,4.454199999999999,0,7.366000000000001
"ff4497aff8cc9de4e0b2c6e5e23e5b6550f76f29",55.99999999999998,0.7538331448089247,0.8708333333333332,0,0,0,1.9083333333333328,0,0,0.031000000000000003,4.191333333333333,0,0,0.20499999999999996,5.933033333333335,0,7.257
"ea666d523021a3c33294030e7c6ac49a77be543a",1,1,1,0,0,0,0,0,0,0,0,0,0,0,0,0,0.086
"05647d46e9ac2bf674b320e8467616aa72954f3e",55.99999999999998,0.7629921041541909,0.8976190476190478,0,0,0.001,1.149266666666667,0,0,0.031000000000000003,3.6766666666666667,0,0,0.21699999999999994,5.467066666666666,0,7.452000000000001
"8d95ae41975a2307501aa0f4a7eba296c59edce9",45,0.70804480543611,0.8303703703703703,0,0,0.004999999999999998,0.3338999999999999,0,0,0.056999999999999995,0.7981333333333334,0,0,0.186,0.9874999999999999,0,1.1549999999999998
"8d601ab71228f7c3dff950540e7ee6e4043e9053",45,0.7231618622922971,0.8170370370370371,0,0,0.006,0.31973333333333337,0,0,0.055999999999999994,0.571,0,0,0.18099999999999994,0.8009666666666665,0,1.017
"0095d8adf26b9469115b1be0358cb09d1fcb5fd4",17.999999999999996,0.7643116801011535,0.7555555555555553,0,0,0.008,0.1712333333333333,0,0,0.05200000000000001,0.3555333333333334,0,0,0.128,0.5872333333333334,0,0.816
"0f6a292a29fedd49741310cd517ac4ba907bf8d4",17.999999999999996,0.7449976292081558,0.8111111111111111,0,0,0.009999999999999997,0.18860000000000007,0,0,0.05400000000000001,0.44263333333333327,0,0,0.139,0.577566666666667,0,0.851
"c14890f08b9bb47ab8ad27f4dd4c714e32961d0d",14.999999999999998,0.7731720430107529,0.7333333333333333,0,0,0.003,1.2555333333333334,0,0,0.079,2.733033333333333,0,0,0.743,4.0670666666666655,0,5.478
"f3d2d55ab9b783af65f2050272cd0318a9ad23a2",14.999999999999998,0.769327956989247,0.8022222222222224,0,0,0.004999999999999998,1.3912999999999998,0,0,0.08999999999999996,2.661133333333333,0,0,0.8420000000000002,3.827666666666666,0,5.359000000000002
"efdff37fbacefe35c6f459b6f8a7483d3da85f8c",11,0.7766139657444008,0.8272727272727273,0,0,0.006,0.5954666666666665,0,0,0.10400000000000002,1.2711999999999999,0,0,0.9459999999999997,2.0587333333333326,0,2.934
"33c104e1b4aee768558c63b2a43a88132ff93f6b",13.999999999999995,0.7897865353037765,0.8523809523809525,0,0,0.004,1.1477666666666664,0,0,0.179,2.3224666666666667,0,0,0.8210000000000001,3.3788999999999993,0,5.5280000000000005
"c0771cbc3c445a9d1d2a43ac4ce3c0edbc806957",1,1,1,0,0,0,0,0,0,0,0,0,0,0,0,0,1.177
"3aface95813003ff75505e2ed7d75b072228d3f8",1,1,0.9666666666666666,0,0,0,0,0,0,0,0,0,0,0,0,0,0.207
"2c437a12bbc578442daaef85ab486d1e55763853",1,1,0.23333333333333334,0,0,0,0,0,0,0,0,0,0,0,0,0,0.14600000000000007
"ec700cf69db225654aadce932dc000bdab302ccd",14.999999999999998,0.7780913978494624,0.8577777777777776,0,0,0.004,0.9860333333333332,0,0,0.08399999999999999,2.498633333333333,0,0,0.7640000000000003,4.151966666666666,0,5.39
"ab0570e63aae3027239dcd5d22caab95111a5de8",14.999999999999998,0.7570967741935484,0.7755555555555553,0,0,0.004,0.9445000000000001,0,0,0.086,2.9311000000000003,0,0,0.7870000000000001,4.2661333333333324,0,5.62
"f015fb2b31a5621689a57ce9d2d300e5f32357e1",1,1,0.8999999999999999,0,0,0,0,0,0,0,0,0,0,0,0,0,0.083
"0f87dceb80b432b434dbd81ed4f1ab97c740efc1",64,0.8111512373285628,0.8786458333333333,0,0,0.001,1.0947333333333333,0,0,0.037,2.703400000000001,0,0,0.22000000000000003,5.1819333333333315,0,7.6770000000000005
"c9a5e54a7c0b4c0be46940d136677a2c9f052ed7",55.99999999999998,0.7621648146915964,0.8672619047619048,0,0,0.004999999999999998,1.7106666666666663,0,0,0.043,3.1875999999999993,0,0,0.21899999999999992,5.197666666666667,0,7.339999999999999
"23c706ff915c4be7d371d3098fc8de2cc3aa2b67",5.000000000000001,0.8084848484848483,0.5066666666666666,0,0,0,0.03726666666666668,0,0,0.018,0.07619999999999998,0,0,0.04999999999999999,0.12360000000000002,0,0.17999999999999997
"71a1c49eb3610984173728751b1a5e78ddf40c6f",1,1,0.06666666666666665,0,0,0,0,0,0,0,0,0,0,0,0,0,0.09500000000000001
"cf950e7365848130c5c2d57c871652e6f83e96a8",1,1,0.9,0,0,0,0,0,0,0,0,0,0,0,0,0,0.6550000000000001
"b836907ddbc53d8c47d2e2a6a36a690faa2d82e6",53.99999999999999,0.756601488895067,0.8333333333333333,0,0,0,1.7469000000000001,0,0,0.024,3.950533333333334,0,0,0.1910000000000001,6.176700000000001,0,8.556000000000001
"46c42fcdaa16542b0f167ea429b613fd653e6fc8",1,1,1,0,0,0,0,0,0,0,0,0,0,0,0,0,1.2539999999999998
"e6b830bf95f712672cb9e77cd852606cd134c5fc",11,0.7510540184453228,0.8424242424242422,0,0,0.008,0.5153333333333333,0,0,0.11399999999999999,1.5360999999999998,0,0,0.895,2.333366666666667,0,2.8810000000000007
"050b67d4f88d60e03a57fa5cf2177088b8224092",10.000000000000002,0.8416450216450216,0.8466666666666667,0,0,0.004999999999999998,0.3482666666666667,0,0,0.23399999999999996,1.3312666666666664,0,0,0.822,1.8935000000000002,0,2.9279999999999995
"5df67bf13af9a044f3bf7d8df3bd2daa763843a7",10.000000000000002,0.8144588744588747,0.8833333333333333,0,0,0.006,0.5241333333333337,0,0,0.2819999999999999,1.3426000000000005,0,0,0.8630000000000001,2.068466666666667,0,3.1289999999999996
"695342cb1cef42f30fd1a8496f181c92b21ae82d",1,1,0.8666666666666663,0,0,0,0,0,0,0,0,0,0,0,0,0,0.15699999999999997
"b6d35656f4b0dde16c2e6e5a04c1487e244708a8",55.99999999999998,0.7766878479384305,0.8482142857142855,0,0,0,1.614,0,0,0.027000000000000007,5.056099999999999,0,0,0.20399999999999996,6.337033333333334,0,7.391
"09c52410e62b0e1e221d413d7ab18feefcca6bf7",13.999999999999995,0.7662068965517238,0.9166666666666665,0,0,0,0.22856666666666672,0,0,0.018,0.5500333333333334,0,0,0.08500000000000002,0.7170000000000001,0,0.899
"429c847b24d2c4adb0b9768d1e38bf05e5bafb7b",55.99999999999998,0.7425200168563001,0.8857142857142857,0,0,0.003,1.9483000000000004,0,0,0.036999999999999984,3.888666666666667,0,0,0.2249999999999999,5.410066666666671,0,7.397000000000001
"9dcd87f9c46786f3da54af7ac1ba4696840dffa8",13.999999999999995,0.7562233169129718,0.9404761904761908,0,0,0.001,0.2746,0,0,0.020999999999999998,0.6530333333333331,0,0,0.105,0.8044666666666668,0,0.9460000000000001
"f55530a2ffd3c481f6554d98e9d73f2e8c62ec8d",13.999999999999995,0.7684400656814449,0.8714285714285712,0,0,0.002,0.18019999999999997,0,0,0.031000000000000003,0.6064666666666667,0,0,0.12099999999999998,0.7703666666666666,0,0.976
"dfd69e038cc7035031d1807c4ade870d2a7e2ece",25,0.728211161387632,0.8373333333333332,0,0,0.004,0.4443333333333333,0,0,0.038000000000000006,0.8083999999999998,0,0,0.13899999999999996,1.275733333333333,0,1.642
"7d54a14a75b55568a59760382a0a56e8cd3428f3",1,1,0.9666666666666665,0,0,0,0,0,0,0,0,0,0,0,0,0,0.9039999999999998
"db12f89ad2e153d8494a92ee3a50a23faeb14912",46,0.7369420986143856,0.8159420289855072,0,0,0.010999999999999998,0.26266666666666677,0,0,0.07100000000000001,0.6333666666666665,0,0,0.20299999999999996,0.8591333333333334,0,1.0749999999999997
"a49ea7a65b7990b3e6e625bc8bfff7396ee49300",2,0.8066666666666666,0.7166666666666669,0,0,0,0,0,0,0.013999999999999999,0.06813333333333335,0,0,0.013999999999999999,0.06813333333333335,0,0.08399999999999999
"aa75c23b2e51c8d42730c8b410e6a7148a7bb094",25.999999999999996,0.7553351609955385,0.7384615384615384,0,0,0.009999999999999997,0.6098666666666663,0,0,0.063,0.9816333333333326,0,0,0.20800000000000005,1.291833333333333,0,1.7720000000000005
"2d6dea18b08caf615329eef0032f16911c5388d0",47.00000000000001,0.7660246360582306,0.8120567375886522,0,0,0.009999999999999997,0.24073333333333333,0,0,0.074,0.5844333333333335,0,0,0.23,0.7568666666666669,0,1.0819999999999996
"41bc4cd029fc486b5570ec344cdeae049bbca860",1,1,0.03333333333333333,0,0,0,0,0,0,0,0,0,0,0,0,0,0.074
"51b2cabf2c3737de06fc889b39d40240d1b134c2",1,1,1,0,0,0,0,0,0,0,0,0,0,0,0,0,0.12000000000000001
"8a05e0b0f640289c32f2f261f35450532cc2a1aa",1,1,0.8999999999999997,0,0,0,0,0,0,0,0,0,0,0,0,0,0.08700000000000002
"82d76aca8b4d845ed7bc5c74280f089c35447637",55.99999999999998,0.77362820768736,0.8392857142857144,0,0,0,1.254966666666667,0,0,0.03300000000000001,3.1525,0,0,0.21199999999999997,5.093766666666667,0,7.265
"1b362986bc99c04941d046ebb36e19c370435b1f",55.99999999999998,0.773664803601925,0.8422619047619049,0,0,0,1.9292999999999998,0,0,0.027000000000000007,3.233266666666667,0,0,0.18999999999999995,4.920499999999999,0,7.307000000000002
"a08ec31dbf212a033953dc6916a743dccbb93e37",2,1,0.9833333333333331,0,0,0,0,0,0,0,0,0,0,0,0,0,0.19399999999999998
"0136218fa363560cba9b2378d979f64a35e9b425",2,1,0.9333333333333333,0,0,0,0,0,0,0,0,0,0,0,0,0,0.14699999999999996
"795fe5d869594bde53f8490d75eedef6185b6c37",47.00000000000001,0.7301782381485626,0.8085106382978723,0,0,0.006,0.46283333333333343,0,0,0.060000000000000005,0.7981333333333333,0,0,0.247,1.0438999999999996,0,1.3379999999999999
"5556118ad13fbb80a56d7b8de6f960e9ff8255b8",2,1,0.5166666666666668,0,0,0,0,0,0,0.05400000000000001,0.05400000000000001,0,0,0.05400000000000001,0.05400000000000001,0,0.15699999999999997
"31fcd3bd8b3f0a9cd203d1e0767985e366ccfe28",1,1,1,0,0,0,0,0,0,0,0,0,0,0,0,0,0.13100000000000003
"f13d18cff3f0932e727dda04bf80008fc2fbbc70",20.000000000000004,0.792926829268293,0.7983333333333332,0,0,0.004999999999999998,0.13400000000000004,0,0,0.043000000000000003,0.40460000000000007,0,0,0.126,0.6697666666666667,0,0.8490000000000002
"35c27d025beba1c1a26c6a4a101ef4e4602274cd",57.00000000000001,0.7473200241984272,0.8625730994152045,0,0,0,1.4883666666666664,0,0,0.026000000000000006,3.8752999999999993,0,0,0.21399999999999997,5.6997333333333335,0,7.606
"f643b4fa939e89348618ddffae20a804f4461363",1,1,0.9333333333333332,0,0,0,0,0,0,0,0,0,0,0,0,0,0.162
"7f7fa03eac02850550cb28f370a4d2adbb2295fb",57.00000000000001,0.7633183408295853,0.8760233918128654,0,0,0.003,1.8229000000000004,0,0,0.027999999999999997,3.444533333333334,0,0,0.178,5.003533333333336,0,7.328000000000004
"cdfb2aa1e1ae3029e5d73cb3b5ca90c7df222c8a",1,1,0.9666666666666665,0,0,0,0,0,0,0,0,0,0,0,0,0,0.15900000000000003
"bd5cc81ed7f91865aee7a5a7febeb237220d0c5a",33,0.7207013063027109,0.8757575757575757,0,0.16666666666666666,0,0.32063333333333344,0,0.36666666666666664,0.010999999999999998,0.6116999999999999,1,0.6666666666666665,0.10300000000000001,0.8289333333333334,1,1.0450000000000002
"a9f350eb94eb9f165bb5dd13912fbde3eced2dbc",33,0.7305770612179744,0.8797979797979797,0,0.23333333333333336,0.003,0.35400000000000004,0,0.5666666666666667,0.027000000000000007,0.6437000000000003,1,0.8333333333333333,0.117,0.8488999999999999,1,1.0669999999999997
"8c7687b9ffa8e95492a5b1c62618f8cfad34299d",1,1,0.033333333333333326,0,0,0,0,0,0,0,0,0,0,0,0,0,0.05099999999999999
"657704627b297a19a693645cf03c5c70ccd9a8bd",6,0.776190476190476,0.6111111111111113,0,0,0.019000000000000003,0.024133333333333336,0,0,0.062000000000000006,0.12466666666666666,0,0,0.089,0.15743333333333334,0,0.21099999999999997
"855a5238558d87dd70c6195e12f167b5848808bb",57.00000000000001,0.7581414555879955,0.8777777777777777,0,0,0.002,1.6540000000000004,0,0,0.03999999999999998,3.3979333333333326,0,0,0.20599999999999996,5.498866666666666,0,7.369
"600eb9eb99dc5c03b047e3c81b49ee4769787c6a",57.00000000000001,0.7667713511665218,0.8578947368421053,0,0,0.003,1.8933333333333329,0,0,0.045999999999999985,4.2439,0,0,0.22799999999999998,5.242133333333332,0,7.545999999999998
"363cbf7908cfcc6a538126bcccf5c955afda6aa1",1,1,0.1,0,0,0,0,0,0,0,0,0,0,0,0,0,0.059
"c636539836ecb541d9ef71f2d347772cf9f6bc52",1,1,1,0,0,0,0,0,0,0,0,0,0,0,0,0,0.6229999999999997
"7cf5e01c2a152a0b612cb19e02213879a57c14d2",1,1,0.8999999999999997,0,0,0,0,0,0,0,0,0,0,0,0,0,0.272
"e8d861359ade336badcac3211e5aa447097479a6",1,1,0.8999999999999997,0,0,0,0,0,0,0,0,0,0,0,0,0,0.068
"d0e2bfc46659025e6262b2e5de984a8359c9dada",50,0.7738342069501066,0.8619999999999998,0,0,0.001,0.9560333333333333,0,0,0.029000000000000005,1.6409333333333331,0,0,0.14099999999999996,2.484133333333332,0,3.4099999999999993
"7e605378202fe4e6c9f4aa6a10201b4205238710",47.00000000000001,0.7259742441209408,0.8248226950354611,0,0,0.004,0.28403333333333314,0,0,0.048,0.6235333333333333,0,0,0.197,0.8491333333333334,0,1.087
"928e74f73f62f241c986f6ff609575e1d833413d",47.00000000000001,0.7306961552818216,0.848936170212766,0,0,0.004999999999999998,0.2818333333333334,0,0,0.05500000000000001,0.5725,0,0,0.22200000000000006,0.7624999999999997,0,1.1119999999999997
"044367419dd317eb9f9935d8360280b8b8695462",35.99999999999999,0.7868052984491338,0.8620370370370368,0,0,0,0.7893666666666663,0,0,0.012,1.265133333333333,0,0,0.102,2.121833333333332,0,3.009000000000001
"bd7788b384a87024ddd6bbe6a9bd9a167cf2ec12",35.99999999999999,0.8309597268501375,0.8592592592592593,0,0,0.002,0.5698000000000002,0,0,0.017,0.7662666666666667,0,0,0.115,1.6960333333333326,0,3.1599999999999997
"86a082e8be8c51f07079ded82d6d125c9efc1791",1,1,0.06666666666666665,0,0,0,0,0,0,0,0,0,0,0,0,0,0.04900000000000001
"00bf35cdd92813881274a355a33e7e659f5eddaa",4,0.9299999999999998,0.5833333333333337,0,0,0.04900000000000001,0.05383333333333336,0,0,0.10300000000000001,0.1071,0,0,0.18399999999999994,0.27303333333333335,0,0.35600000000000004
"ab25f67348d4885620df86497889c1826f013a73",1,1,0.6666666666666667,0,0,0,0,0,0,0,0,0,0,0,0,0,0.065
"ebcef2d16a81bfe1a818a362fd03cb5063640003",59,0.7655599867065467,0.8237288135593219,0,0,0.004999999999999998,0.5277333333333335,0,0,0.05899999999999999,1.172433333333333,0,0,0.22499999999999998,1.9648999999999999,0,2.7279999999999993
"04a2a4b456c8448b9e63edbf5479d1fe745917ab",6.999999999999997,0.8007142857142858,0.5761904761904761,0,0,0,0.20513333333333325,0,0,0.018,0.6233666666666663,0,0,0.2710000000000001,1.1936333333333333,0,1.5030000000000003
"07811434b773b6e1737fe7dd3775aeab8afb18b8",1,1,1,0,0,0,0,0,0,0,0,0,0,0,0,0,0.10499999999999998
"b715d18f09591c510dded3a447a3ad1aacfa2173",4,0.8877777777777776,0.7583333333333333,0,0,0.048,0.0547,0,0,0.099,0.13073333333333334,0,0,0.1799999999999999,0.2661999999999999,0,0.3459999999999999
"aaeb4c621a88facc673949003713d259ac67f0dd",1,1,0.9333333333333333,0,0,0,0,0,0,0,0,0,0,0,0,0,0.16799999999999998
"5bdf0a938adb384bfdb6cc494a2781e2ac33b0ea",1,1,0.9333333333333333,0,0,0,0,0,0,0,0,0,0,0,0,0,0.16399999999999992
"ce1bd5785d05d3df324e1169aab4abd45f4281f7",33,0.7593715912416528,0.7454545454545454,0,0,0.01,0.1810666666666666,0,0,0.068,0.3711333333333333,0,0,0.20800000000000005,0.5338,0,0.7410000000000001
"30c85ad05363767deeefee577063c2c432b971d4",2,0.7999999999999998,0.9166666666666664,0,0,0,0,0,0,0.08199999999999996,0.129,0,0,0.08199999999999996,0.129,0,0.211
"1661e5519c4836a5a940b13b7797263443156fc9",6,0.7743589743589743,0.8611111111111107,0,0,0,0.05039999999999999,0,0,0.013000000000000001,0.12773333333333334,0,0,0.03999999999999999,0.13553333333333337,0,0.21899999999999997
"954ade4c1ae2adc0aaac3a1dbe800495c519520c",2,1,1,0,0,0,0,0,0,0.013000000000000001,0.013000000000000001,0,0,0.013000000000000001,0.013000000000000001,0,0.148
"a64153a3710c5035988690f0acf57dd61b711cf4",25,0.768844645550528,0.8093333333333335,0,0,0.006,1.6164666666666665,0,0,0.062000000000000006,3.3012999999999995,0,0,0.20500000000000002,5.1109333333333336,0,7.3939999999999975
"a6443e146f825291308319c6a0f2eb82aa34f8c3",2,0.7999999999999998,0.8999999999999997,0,0,0,0,0,0,0.016,0.071,0,0,0.016,0.071,0,0.08700000000000002
"4bd982d1a1df87724682c17c39bf27b5cbe389be",8.999999999999998,0.774269005847953,0.7629629629629626,0,0,0.003,0.6245666666666667,0,0,0.027000000000000007,0.9576666666666666,0,0,0.22299999999999998,1.4354333333333333,0,2.214
"8767cd4f1a6af07093c1e6c422dae8e574be7e5e",14.999999999999998,0.7873924731182793,0.8177777777777779,0,0,0.004999999999999998,0.8861666666666665,0,0,0.091,2.5804666666666667,0,0,0.8530000000000001,3.972866666666667,0,5.895
"914844e1b226a1ac7ba45626ecfdfb56e7b2e263",1,1,0.9666666666666665,0,0,0,0,0,0,0,0,0,0,0,0,0,0.07799999999999997
"36b00f803a0b307c30f79378cd758323c242cc65",1,1,0.06666666666666667,0,0,0,0,0,0,0,0,0,0,0,0,0,0.053
"44516f77ecd06aa818263ec31e150bab3edd956b",55.99999999999998,0.809972941202564,0.8803571428571428,0,0,0.001,1.0494999999999999,0,0,0.035,2.8503666666666665,0,0,0.20499999999999996,5.091199999999999,0,7.100999999999998
"98fa164cd88d126d0f137f5bcb4a1d180e0c2fc4",1,1,0.9333333333333333,0,0,0,0,0,0,0,0,0,0,0,0,0,0.3400000000000001
"c79e6fb8f95bb07d2394221b29b75fcc016f4900",1,1,0.6666666666666665,0,0,0,0,0,0,0,0,0,0,0,0,0,0.047
"4670a941be92a55fbaaa3b4055d444e07ffcadb0",2,0.7999999999999998,0.9499999999999998,0,0,0,0,0,0,0.036,0.13799999999999998,0,0,0.036,0.13799999999999998,0,0.17400000000000004
"6597c196521af500feef7a02610727eafa7ec1dc",4,0.9077777777777776,0.46666666666666656,0,0,0.001,0.02183333333333333,0,0,0.020999999999999998,0.03736666666666668,0,0,0.07100000000000001,0.08780000000000003,0,0.134
"cde4c529034e182a982fd842252ec410d213c34c",12.999999999999998,0.7632478632478633,0.6871794871794872,0,0,0.004,0.07546666666666667,0,0,0.019999999999999993,0.18403333333333338,0,0,0.059,0.26486666666666664,0,0.35300000000000004
"b5f5449cf338376d12404d0190054525987f4276",12.999999999999998,0.8135938135938137,0.7743589743589744,0,0,0.003,0.04723333333333334,0,0,0.019000000000000003,0.12033333333333333,0,0,0.05500000000000001,0.20600000000000002,0,0.33899999999999997
"721a6e59f7e4f5c0f3196d3eb0e81cab5e41d065",1,1,0.13333333333333333,0,0,0,0,0,0,0,0,0,0,0,0,0,0.04399999999999999
"c7c424fb9c3a39b6ea036242e44cdca324f7d104",1,1,0.23333333333333328,0,0,0,0,0,0,0,0,0,0,0,0,0,0.05200000000000001
"a0f9db28319f45feb56982d21239fed451b6c3ef",47.00000000000001,0.740929451287794,0.8489361702127658,0,0,0.008,0.24610000000000004,0,0,0.060999999999999985,0.6437,0,0,0.21200000000000005,0.8504666666666667,0,1.1279999999999994
"0f5c769e0c27a5f31a3451aa7372048bed08e9f7",54.99999999999999,0.7442418392418393,0.8363636363636362,0,0,0.002,2.226666666666666,0,0,0.03300000000000001,3.6165999999999996,0,0,0.19599999999999998,6.1081,0,6.988
"7337507a796ed6717feb87f4e9829467872c1741",1,1,0.16666666666666666,0,0,0,0,0,0,0,0,0,0,0,0,0,0.071
"a8f41ec97d139f5d0d7cf161e8484f2bb809facc",12.999999999999998,0.8196988196988199,0.7025641025641028,0,0,0.001,0.09040000000000004,0,0,0.018,0.14763333333333337,0,0,0.05400000000000001,0.23423333333333332,0,0.36400000000000005
"0181c8059c081d144cad36d003379bd50fcd9da7",1,1,0.8333333333333333,0,0,0,0,0,0,0,0,0,0,0,0,0,0.07600000000000001
"66f8569ecc8173d61b7d182f4da0223ae7dbda38",1,1,0.10000000000000003,0,0,0,0,0,0,0,0,0,0,0,0,0,0.03999999999999999
"12e597a78cbf9d82414b944a5b285d81a2e27e51",12.999999999999998,0.7684167684167683,0.758974358974359,0,0,0.004999999999999998,0.09366666666666668,0,0,0.024,0.21076666666666669,0,0,0.065,0.31066666666666665,0,0.4030000000000001
"b45435c950e6f6864671bdffde29e26cdc8ce15b",12.999999999999998,0.8080179080179078,0.7000000000000002,0,0,0.003,0.09286666666666665,0,0,0.027000000000000007,0.1548333333333334,0,0,0.072,0.2758333333333334,0,0.45100000000000007
"05bf337fc0095d2557368b481f332245f5754b03",54.99999999999999,0.7395811395811397,0.8666666666666664,0,0,0,2.4164666666666665,0,0,0.024999999999999994,4.4441,0,0,0.178,5.095366666666666,0,7.142
"5482ce61b003726a9476c76a4337e043af4318c0",1,1,1,0,0,0,0,0,0,0,0,0,0,0,0,0,0.074
"31a9fa0cce769c976d74cdcb6e6ce8831793db7b",1,1,1,0,0,0,0,0,0,0,0,0,0,0,0,0,0.08799999999999998
"6b9c3315885f8f9e4be19db9ef05257035b97bca",54.99999999999999,0.735966420966421,0.849090909090909,0,0,0,1.8090333333333324,0,0,0.034,4.142933333333334,0,0,0.19199999999999998,6.387299999999999,0,7.153999999999999
"3ce7f9eecfacbf3de716a8338ad4929371a66ca2",54.99999999999999,0.7678419328419329,0.8151515151515154,0,0,0.003,2.409733333333333,0,0,0.036999999999999984,4.064633333333334,0,0,0.22200000000000003,6.099,0,7.244000000000001
"4282efae5f4ab456cef3acac5574f13f4f450b9e",54.99999999999999,0.7608851058851059,0.8612121212121213,0,0,0,1.6087666666666667,0,0,0.024999999999999994,3.3207333333333326,0,0,0.20199999999999993,5.111766666666669,0,7.172000000000001
"ba7c788042ce0f4e156b6900d3d698e47aef5a4d",6,0.8450549450549448,0.6222222222222225,0,0,0.006,0.02286666666666667,0,0,0.024,0.07236666666666666,0,0,0.034,0.1288666666666666,0,0.227
"4259a706ab8641f408afc3ce224b1c0ba5a43d17",5.000000000000001,0.8690909090909091,0.7533333333333332,0,0,0.004999999999999998,0.15270000000000003,0,0,0.009999999999999997,0.22350000000000003,0,0,0.03999999999999999,0.46869999999999995,0,0.8829999999999999
"e9610ccf30f657e247997242af68e113cc4ba231",12.999999999999998,0.7681725681725681,0.6820512820512824,0,0,0.006,0.11966666666666663,0,0,0.027999999999999997,0.2093666666666667,0,0,0.06899999999999999,0.3147333333333334,0,0.43000000000000005
"9fe11e688e3562264350dcdd02730276ea233ed4",54.99999999999999,0.7555551655551659,0.8933333333333333,0,0,0.002,1.0474666666666663,0,0,0.024,2.571066666666667,0,0,0.172,4.810599999999999,0,7.081000000000001
"b521820b23c45fd068618d10955eceed48801eff",12.999999999999998,0.8188848188848186,0.7974358974358975,0,0,0.003,0.05183333333333334,0,0,0.018,0.12383333333333331,0,0,0.051,0.2488,0,0.36900000000000005
"bf80b9e2803aa277047951a7251267bfb7097c3b",54.99999999999999,0.7668123318123319,0.8648484848484849,0,0,0,1.3859666666666661,0,0,0.030000000000000002,2.8732333333333324,0,0,0.20299999999999996,4.992533333333334,0,7.064
"661d16d190708a1a396d8b75ba10738e4574c11d",25,0.8006998491704372,0.9093333333333334,0,0,0,0.019433333333333337,0,0,0.006,1.3179666666666663,0,0,0.029000000000000005,1.774266666666666,0,2.5460000000000003
"3c2673e82d33b6c9bef3005a896e5b0d52b108dd",1,1,0.1333333333333334,0,0,0,0,0,0,0,0,0,0,0,0,0,0.04499999999999998
"e423b0bc2dea4167ad98fffc1afd9243ba73aad6",1,1,0.033333333333333326,0,0,0,0,0,0,0,0,0,0,0,0,0,0.05800000000000001
"6bc8650ed456810d600feea4b80a665fb5895832",25.999999999999996,0.78842659786056,0.8205128205128202,0,0,0.003,0.2384333333333333,0,0,0.027000000000000007,0.4734333333333333,0,0,0.07799999999999997,0.5916999999999999,0,0.9450000000000001
"1731949116a7278f2b729cbb9e505580c8f56980",1,1,1,0,0,0,0,0,0,0,0,0,0,0,0,0,0.11100000000000002
"99900ae089cf996bc969f0673349c06c2e6fbf1d",1,1,0.9666666666666665,0,0,0,0,0,0,0,0,0,0,0,0,0,0.08399999999999999
"844cd4298e46027ba1201df4eceb2dcaa5c1bb26",67.99999999999999,0.7712229544308996,0.8887254901960782,0,0,0,3.4564333333333326,0,0,0.006999999999999999,4.741866666666668,0,0,0.13299999999999998,7.000399999999999,0,9.618999999999996
"f4ee399e31eb61741f5f2167d6af8f49c0e991b6",54.99999999999999,0.7355019305019305,0.8260606060606057,0,0,0,2.003500000000001,0,0,0.022999999999999993,4.594966666666668,0,0,0.192,6.276299999999999,0,7.125000000000002
"811dbe7226ba0ede04c2062c2dba8f72a1c03e58",54.99999999999999,0.7327500877500878,0.8860606060606059,0,0,0.001,1.7756666666666663,0,0,0.036999999999999984,3.5984000000000007,0,0,0.193,6.116700000000001,0,7.005999999999999
"1a20867d01ef8ee5b32b0620125b7c38a10b80c5",3,0.857142857142857,0.6,0,0,0,0,0,0,0.009,0.026733333333333338,0,0,0.030000000000000006,0.051733333333333346,0,0.079
"4a300fee2ef1c03902d0fb25ceb02aa01d0fab46",1,1,0.13333333333333333,0,0,0,0,0,0,0,0,0,0,0,0,0,0.04999999999999999
"54c3daaf17f90b273cfd3dc17dac91c9e65d7b17",54.99999999999999,0.7384936234936238,0.8842424242424243,0,0,0,1.1209333333333336,0,0,0.027999999999999997,2.8885333333333323,0,0,0.19599999999999998,5.155299999999999,0,7.353000000000001
"b06f13ff0ef8655de1a4f9976f7a9ccf2ca76724",70,0.7185983989040624,0.8309523809523808,0,0,0,2.316733333333333,0,0,0.019999999999999993,3.9082999999999997,0,0,0.144,5.490999999999998,0,7.646999999999999
"30d4070af9fc623cf9723510bb46d1a19fcb5930",70,0.7125750246157797,0.8761904761904764,0,0,0,1.8981000000000003,0,0,0.020999999999999998,4.865199999999998,0,0,0.15100000000000002,6.292766666666665,0,7.529999999999999
"3c89994355f3574078c832b2dcacba0e65e87ed1",8.999999999999998,0.7636257309941521,0.811111111111111,0,0,0.006,0.6060333333333332,0,0,0.029000000000000005,0.9781666666666667,0,0,0.256,1.5090333333333332,0,2.366
"d547412bbd2a1ca56769a2bfa13b7ed9547310ca",8.999999999999998,0.7651461988304095,0.8259259259259258,0,0,0.002,0.6976666666666665,0,0,0.024,1.0599999999999996,0,0,0.28700000000000003,1.5789333333333326,0,2.3299999999999996
"d3146a545612422d3f8078f10afa00342b327199",8.999999999999998,0.7923976608187133,0.8037037037037036,0,0,0.006,0.4903666666666668,0,0,0.032,0.9416666666666665,0,0,0.31300000000000006,1.3673666666666664,0,2.2660000000000005
"8f54030347e31e0b1492fe874a1f1b67b89b836a",8.999999999999998,0.7849122807017542,0.8148148148148147,0,0,0.008,0.6057333333333332,0,0,0.034,0.9924666666666664,0,0,0.291,1.3497666666666666,0,2.366
"f059e5f7fa1ac4a906b5d2e18d72d410bf28fa2d",8.999999999999998,0.751578947368421,0.8444444444444441,0,0,0.004999999999999998,0.7196000000000001,0,0,0.026000000000000006,1.1135666666666666,0,0,0.22800000000000004,1.5073666666666667,0,2.141
"dfecbe970917754511a081f8b86efac211e624f6",8.999999999999998,0.75859649122807,0.8407407407407408,0,0,0.006,0.6761999999999999,0,0,0.026000000000000006,1.1413,0,0,0.20900000000000007,1.5423,0,2.439
"fb4803623b8f089a8dfd265a68461f4283e7ffad",8.999999999999998,0.7798830409356726,0.8481481481481481,0,0,0.004999999999999998,0.7472333333333333,0,0,0.027999999999999997,1.1482999999999999,0,0,0.2669999999999999,1.3650333333333329,0,2.307
"c82b1f062af2a1a376e514020707597f6ed1f82d",4,0.7966666666666664,0.6416666666666669,0,0,0.013000000000000001,0.07270000000000003,0,0,0.05500000000000001,0.12440000000000002,0,0,0.11600000000000002,0.17979999999999996,0,0.22399999999999995
"5a52446090a67b9b04b67a0b7aec94e73bd21930",1,1,1,0,0,0,0,0,0,0,0,0,0,0,0,0,0.15599999999999994
"9f7d03f09172afcf0a7be40e3262d151ef053b3c",14.999999999999998,0.7715053763440858,0.7266666666666666,0,0,0.003,1.0211666666666668,0,0,0.081,2.3688333333333333,0,0,0.7759999999999999,3.619433333333333,0,5.267
"82cc24437f43d07880d8883229477735431e5d02",47.00000000000001,0.7408893243747668,0.8035460992907802,0,0,0.006,0.4565333333333333,0,0,0.06899999999999999,0.7941666666666666,0,0,0.251,1.048133333333333,0,1.4509999999999992
"52d6e24d19465e6f468839650c969d5931f66d65",59.99999999999999,0.7778444655195775,0.8705555555555554,0,0,0.003,1.855633333333333,0,0,0.041,3.7363999999999997,0,0,0.259,7.279466666666666,0,11.03
"ff6b0ada72106d67aef1ee21d51bacac2f3af7ac",79.00000000000001,0.7572217578218293,0.8236286919831223,0,0,0,1.150233333333333,0,0,0.037,2.6381666666666663,0,0,0.19900000000000004,3.9712333333333323,0,5.281999999999999
"8147cc5b3de5fa7a3a3e8116355efa44367dc3c5",25,0.7486274509803917,0.8466666666666667,0,0,0.001,0.5297333333333333,0,0,0.008,1.407466666666666,0,0,0.029000000000000005,2.4568666666666665,0,2.6609999999999996
"859224ffadb79147088840732236c1fad341d842",25,0.8054057315233784,0.7893333333333336,0,0,0,0.35486666666666655,0,0,0.004999999999999998,0.8242999999999999,0,0,0.041999999999999996,1.8372,0,2.65
"46007c151e4cd79891eed4d289ff372ba39d5b8c",5.000000000000001,0.7806060606060607,0.7000000000000003,0,0,0,0.026833333333333344,0,0,0.016,0.07093333333333332,0,0,0.03500000000000001,0.09786666666666667,0,0.134
"314b6b56bec4af56dba667d66a25c1613f4bc800",3,0.8642857142857141,0.2888888888888889,0,0,0,0,2,0.7333333333333333,0.055999999999999994,0.03753333333333335,2,1.1999999999999995,0.067,0.07623333333333335,2,0.12099999999999998
"8cafd87c83f4197f7e8d14de8cba453c844266c0",3,0.8642857142857142,0.5777777777777778,0,0,0,0,0,0,0.009,0.029000000000000005,0,0,0.051,0.06703333333333332,0,0.10099999999999998
"d5be24a12668a94712247d31f06ef7d416b8118c",4,0.7611111111111108,0.3666666666666667,0,0,0.017,0.09483333333333333,0,0,0.064,0.12483333333333331,0,0,0.158,0.20600000000000002,0,0.253
"a060733e63a9cc476342ca190d04ad027a241d33",3,0.7857142857142854,0.7999999999999999,0,0,0,0,0,0,0.027999999999999997,0.04700000000000002,0,0,0.061,0.08366666666666668,0,0.115
"ece2f255eed8ad9eff6e236152de65e804c6adb5",1,1,1,0,0,0,0,0,0,0,0,0,0,0,0,0,0.11100000000000002
"9766e22b42b7b3f3923cb9c2502dfc2dd5d0a5b0",1,1,1,0,0,0,0,0,0,0,0,0,0,0,0,0,0.10299999999999998
"6d74e8f83e96f536cbbad98cd4fe6fbd1cd67663",54.99999999999999,0.7387568737568738,0.852121212121212,0,0,0.001,1.9451666666666663,0,0,0.027000000000000007,4.704033333333333,0,0,0.178,5.4193,0,7.0169999999999995
"9b3257e4d1a63e0a4d971a331eaf7b9a08d98040",54.99999999999999,0.7113022113022113,0.8412121212121211,0,0,0.002,2.3079666666666667,0,0,0.036,4.961033333333333,0,0,0.22100000000000003,6.395966666666666,0,7.095999999999998
"610caab590fe224c02c8f509431f6428fe8e1063",54.99999999999999,0.7975658125658127,0.9042424242424242,0,0,0,1.1908000000000005,0,0,0.019999999999999993,2.7203,0,0,0.166,4.985666666666665,0,7.409000000000001
"af323712479ba1e2a5b8e519030d021915228c48",1,1,1,0,0,0,0,0,0,0,0,0,0,0,0,0,0.10299999999999998
"7ddfc8ae1c4d712b0e52d2595b36743700940873",54.99999999999999,0.7794963144963144,0.8909090909090909,0,0,0,1.8528333333333338,0,0,0.038999999999999986,2.6092,0,0,0.22000000000000003,4.817200000000001,0,7.206999999999998
"1375e931d7c7e6de8b297378fc296029d476d7e8",5.000000000000001,0.7775757575757575,0.7733333333333333,0,0,0.015000000000000001,0.0513666666666667,0,0,0.034,0.09023333333333335,0,0,0.05400000000000001,0.11279999999999998,0,0.19100000000000006
"776b86e99a1ce18a5093db457109807b766d49c1",8.999999999999998,0.8042105263157895,0.5629629629629631,0,0,0,0.05466666666666664,0,0,0.010999999999999998,0.09026666666666668,0,0,0.038999999999999986,0.11549999999999999,0,0.19600000000000004
"e1bc286245ce5f798b5312d65bba64c71921a3f4",8.999999999999998,0.780701754385965,0.5407407407407409,0,0,0.002,0.06076666666666669,0,0,0.016,0.09846666666666667,0,0,0.04900000000000001,0.1601666666666667,0,0.22000000000000003
"585b1cb97b4b9e81b55d68e04b6c1e1195058a8f",3,0.8,0.7222222222222222,0,0,0,0,0,0,0.002,0.04293333333333334,0,0,0.008,0.1262666666666667,0,0.13799999999999998
"5a87fa172eb1368fe413af34511d1eb3f2674a9f",12,0.7682564102564101,0.6611111111111112,0,0,0.001,0.08213333333333334,0,0,0.009999999999999997,0.14140000000000003,0,0,0.05200000000000001,0.16980000000000003,0,0.24700000000000003
"7587431987258e94748d5f2fda1e6ca049a21600",1,1,0.5333333333333333,0,0,0,0,0,0,0,0,0,0,0,0,0,0.06600000000000002
"53def501409cd1f9e20ac43edba6f2949bb366c8",1,1,0.4666666666666666,0,0,0,0,0,0,0,0,0,0,0,0,0,0.059
"7c19a1ff4c217f03c0be62baf1169d689f566825",1,1,0.09999999999999999,0,0,0,0,0,0,0,0,0,0,0,0,0,0.047
"8019416d8197df8881788f889edfcf2ad45c4bf8",21.000000000000007,0.7962851102385988,0.9428571428571427,0,0,0,1.1802666666666664,0,0,0.003,1.2344999999999997,0,0,0.020999999999999998,1.610033333333333,0,3.191999999999999
"ebe7bb58a541bf397333f466d412e617266ee5aa",3,0.7857142857142854,0.9555555555555555,0,0,0,0,0,0,0,0.08446666666666665,0,0,0.079,0.18846666666666667,0,0.19900000000000004
"ef3015cc99f7bd51862c1d95014e8332d24c2341",54.99999999999999,0.8308330408330409,0.8745454545454548,0,0,0,1.305933333333333,0,0,0.019000000000000003,2.4534999999999996,0,0,0.16299999999999998,4.418033333333335,0,7.260000000000002
"6a688cf36e23aded8c9796b786e92144cb4a5830",25.999999999999996,0.7498736762887707,0.787179487179487,0,0,0.003,0.08733333333333333,0,0,0.03300000000000001,0.23076666666666673,0,0,0.10899999999999997,0.3377999999999999,0,0.43000000000000005
"8cfc1b1207577943d412789765a3a2085f1b3036",1,1,0.06666666666666667,0,0,0,0,0,0,0,0,0,0,0,0,0,0.041
"577f7b3b5462fdf84c0956a3bec5296bf7821677",1,1,0.10000000000000002,0,0,0,0,0,0,0,0,0,0,0,0,0,0.037
"65b08c4f91a4e5d78eb645b46d06d7a46f8c62dd",1,1,1,0,0,0,0,0,0,0,0,0,0,0,0,0,0.09800000000000002
"fa91c1b28647bd4217b0c325249aff9638fbeb6a",3,0.7999999999999997,0.611111111111111,0,0,0,0,0,0,0,0.03503333333333334,0,0,0.017,0.04683333333333334,0,0.065
"1da8ccdbfe2faa3e6801fe44eaf3c336aab48bec",138.00000000000003,0.7383079504062737,0.7842995169082126,0,0,0,3.978633333333333,0,0,0.010999999999999998,8.299033333333332,0,0,0.109,11.101199999999999,0,13.635999999999996
"8a8b8ec8d244b18eeaf651d0ea6e84db579e7d92",24,0.7822448979591838,0.7791666666666669,0,0,0.004,1.4037333333333335,0,0,0.038999999999999986,2.9482333333333335,0,0,0.525,4.451600000000001,0,5.791000000000001
"3a818ed6a833f083a2db9bb6804c1bdb43b9b0ec",73,0.7881820036418862,0.8424657534246577,0,0,0,1.2018666666666662,0,0,0.036999999999999984,2.7001333333333335,0,0,0.263,5.242033333333332,0,7.040000000000001
"309b34f0573d0ec593c17008e8ef4151dfc35a12",82.99999999999997,0.785131458253888,0.867871485943775,0,0,0,1.7525,0,0,0.037,5.155233333333334,0,0,0.29200000000000015,8.726600000000003,0,13.639000000000001
"0344ca3f2d43e3732bf16370262303be8761a523",1,1,1,0,0,0,0,0,0,0,0,0,0,0,0,0,0.13100000000000003
"c68285bb3392665827595ac408a5fad828b0351f",1,1,1,0,0,0,0,0,0,0,0,0,0,0,0,0,0.13299999999999998
"21bab1d3a0b48c37592686fed7e1b2025fbf78aa",142.00000000000003,0.7360735483937852,0.8227699530516434,0,0,0,3.659366666666667,0,0,0.001,7.505333333333334,0,0,0.089,10.628066666666662,0,14.898
"ad648cf8a8a90bdee129266ca7b686a5b9a87561",59.99999999999999,0.7542613918619883,0.8527777777777781,0,0,0.001,1.652766666666666,0,0,0.030000000000000002,3.7588000000000004,0,0,0.18500000000000005,4.980466666666666,0,7.095999999999997
"18e692478dcf91fdceb9b9fdca7c61a1111d63aa",1,1,0.03333333333333334,0,0,0,0,0,0,0,0,0,0,0,0,0,0.041
"5ffb662019501692112fbebf15d92d01c17f1322",1,1,0.09999999999999998,0,0,0,0,0,0,0,0,0,0,0,0,0,0.067
"a37d19eb45d76cd6ab4e2c8fa9fc156bf7be97db",6,0.8274725274725273,0.38333333333333325,0,0,0.009999999999999997,0.0483,0,0,0.036,0.1191,0,0,0.052000000000000005,0.16613333333333327,0,0.27499999999999997
"1571050a196198f336ae487ee3b6df629d3ee9da",107.99999999999999,0.7663051903211715,0.8151234567901237,0,0,0,2.4433999999999996,0,0,0.016,6.525900000000001,0,0,0.188,9.5023,0,12.440000000000001
"f2d8493ac44995170ff84bb895e3a73e0127cc68",1,1,0.8999999999999999,0,0,0,0,0,0,0,0,0,0,0,0,0,0.14000000000000004
"daeed97201c060563c9509e7d63b23094cb31664",1,1,0.8333333333333333,0,0,0,0,0,0,0,0,0,0,0,0,0,0.12400000000000001
"cc94767e7eabdfcf9d1cab1d8d1d8556864394c6",5.000000000000001,0.7654545454545453,0.76,0,0,0.015000000000000001,0.06020000000000002,0,0,0.03999999999999999,1.9925333333333326,0,0,0.08499999999999999,3.2827999999999995,0,4.924
"d6ad3f01574b839670d4ea5cf82a601eee7e0c16",8,0.8153594771241829,0.41250000000000003,0,0,0.019000000000000003,0.1754,0,0,0.055000000000000014,0.3980666666666667,0,0,0.19500000000000003,1.0357333333333332,0,1.4219999999999995
"3e08af573f8b50da5202f55df62c925f88a47f3d",19,0.7562618083670712,0.7122807017543861,0,0,0.003,0.09046666666666668,0,0,0.04099999999999998,0.20069999999999996,0,0,0.13799999999999998,0.3152666666666668,0,0.42699999999999994
"a2dce32cdab108e7e281dfc27dd0a394e1419ce1",1,1,0.5333333333333333,0,0,0,0,0,0,0,0,0,0,0,0,0,0.10699999999999998
"fdf05fa29babe21e64f9a5b268dc8406d449d4f1",1,1,0.6333333333333332,0,0,0,0,0,0,0,0,0,0,0,0,0,0.07500000000000002
"ff4967536b75fb18d048cc2a505f68835987d155",25.999999999999996,0.7590549911304629,0.6987179487179489,0,0,0.016,0.2969000000000001,0,0,0.08999999999999996,0.7324999999999999,0,0,0.24000000000000002,1.2572333333333336,0,1.5959999999999999
"7076b7408f06bc8a277f58e7bb6c2ec3372d5d6f",2,1,0.5166666666666668,0,0,0,0,0,0,0.004,0.004,0,0,0.004,0.004,0,0.10699999999999998
"c7554151d3f695718a5bd431e22c7f4c39a0b261",1,1,0.4666666666666666,0,0,0,0,0,0,0,0,0,0,0,0,0,0.072
"ae862ae116f2056421ab8d6e997e7b64a95828a5",1,1,0.49999999999999983,0,0,0,0,0,0,0,0,0,0,0,0,0,0.081
"d65b9d2bed09847ef28b9ceb30c9f8a96e0c12fe",1,1,0.4333333333333332,0,0,0,0,0,0,0,0,0,0,0,0,0,0.05099999999999999
"36217ee164239391c672fdfc8f5bd080beab5c4b",1,1,0.8666666666666661,0,0,0,0,0,0,0,0,0,0,0,0,0,0.7789999999999999
"cc6beb2d05347fba64d933906ae2b712b1a43302",6.999999999999997,0.715952380952381,0.8999999999999999,0,0,0,0.039866666666666654,0,0,0.008,0.11003333333333334,0,0,0.038999999999999986,0.1279,0,0.162
"44854912194177d67cdfa1dc765ba684eb013a4c",14.999999999999998,0.7746774193548388,0.8555555555555557,0,0,0.003,1.047733333333333,0,0,0.099,2.303633333333333,0,0,0.8579999999999999,3.563766666666665,0,5.550000000000002
"fd60085a2a3891ab6db46dd3b75e9dd67a7c734a",14.999999999999998,0.7768010752688171,0.7466666666666667,0,0,0.004,1.0860333333333336,0,0,0.08799999999999998,2.713066666666666,0,0,0.8090000000000002,4.2648333333333355,0,5.640000000000001
"f4bfd9c71f51fb541d0fd203f0df2e609632dc62",14.999999999999998,0.8080645161290322,0.7844444444444442,0,0,0.003,1.0254666666666667,0,0,0.07500000000000002,2.6477999999999997,0,0,0.8509999999999999,4.104366666666665,0,5.731000000000002
"3b6867fc25b5dbf27925fdced660553ea8289dda",14.999999999999998,0.7891666666666663,0.768888888888889,0,0,0.004,1.1648000000000003,0,0,0.08499999999999999,2.6680999999999995,0,0,0.8220000000000001,3.564066666666666,0,5.4430000000000005
"ed94e5a5cce33af89dc1b1475204734b17f64bb0",14.999999999999998,0.820188172043011,0.7888888888888889,0,0,0.003,0.7503333333333332,0,0,0.08700000000000002,2.0019333333333336,0,0,0.7710000000000002,3.9433666666666674,0,5.3919999999999995
"0726ffe1e9e923b678db5484ff0055b0f63d81e8",14.999999999999998,0.7998118279569894,0.8133333333333332,0,0,0.006,1.0008000000000001,0,0,0.094,2.7341333333333324,0,0,0.9020000000000001,3.9192666666666667,0,5.977999999999999
"87eff4c78fac85c1b5f2309887f6be5fa2972537",1,1,0.9666666666666667,0,0,0,0,0,0,0,0,0,0,0,0,0,0.6989999999999997
"732ea5e94fdf8fef42b5c21d001983fb24d2842a",1,1,0.7333333333333335,0,0,0,0,0,0,0,0,0,0,0,0,0,0.059
"09d70ce73dd37544c92621eecb7faf062fccbd5b",1,1,0.8333333333333333,0,0,0,0,0,0,0,0,0,0,0,0,0,0.8059999999999997
"15d5503215a4cd1efc1ae6659d82194a22ebee9b",16,0.7773172905525846,0.8333333333333333,0,0,0.009999999999999997,1.352333333333333,0,0,0.16300000000000003,2.973066666666667,0,0,0.94,4.273266666666666,0,5.711
"1dbfaeecbd104a6edae43fcd3350c06a7cb51146",16,0.7893939393939392,0.8104166666666665,0,0,0.008,0.6392333333333335,0,0,0.13100000000000003,2.802633333333332,0,0,0.8200000000000001,4.044666666666666,0,5.669
"1e9e36640f762d29c07d8322c361ece163b179fb",2,0.7999999999999998,0.5166666666666668,0,0,0,0,0,0,0,0.09699999999999999,0,0,0,0.09699999999999999,0,0.09699999999999999
"c56b87d6efe530590b6d9a07e41ca00af208ce37",4,0.8033333333333331,0.6916666666666669,0,0,0.024,2.8041333333333336,0,0,0.093,3.178666666666667,0,0,0.33999999999999997,4.656766666666666,0,5.130999999999999
"0f32b292c2c86776f7ce3e47105c16359e0fe5a4",4,0.8166666666666668,0.7333333333333334,0,0,0.019000000000000003,2.026433333333333,0,0,0.067,2.2412666666666676,0,0,0.27699999999999997,4.0227,0,5.071000000000001
"07f3694a5c85ff5ee8c556817c0d2ea3504f26f7",4,0.7144444444444447,0.7333333333333334,0,0,0.010999999999999998,2.2664333333333326,0,0,0.038000000000000006,4.8403333333333345,0,0,0.11800000000000001,4.8609333333333336,0,4.8870000000000005
"5cb988334179b4f04a27c59c1e6a888db0dbfc9c",54.99999999999999,0.7941055341055341,0.8636363636363636,0,0,0,1.4422666666666673,0,0,0.01999999999999999,2.7643333333333335,0,0,0.16999999999999998,5.208933333333333,0,7.509000000000002
"713c77ceda21d0c3cc9c213341259d64fb46fdc7",36.999999999999986,0.8035353247984827,0.8252252252252251,0,0,0,0.8211666666666665,0,0,0.004,1.1392000000000002,0,0,0.099,1.818033333333333,0,2.8669999999999995
"0dc5b94a0d098c4474dee9f2c7d74818c9a7faee",5.000000000000001,0.8072727272727271,0.5600000000000002,0,0,0.016,0.06393333333333336,0,0,0.036,0.10166666666666668,0,0,0.05700000000000001,0.1311,0,0.19600000000000004
"ae924788d9b222beefa1723b3d704975fc4e877a",19,0.756869095816464,0.7859649122807018,0,0,0.009,0.12650000000000003,0,0,0.04999999999999999,0.28343333333333337,0,0,0.13499999999999995,0.41040000000000004,0,0.5519999999999999
"729bcc46b503c1574c7c93a65e902f436b4ec6ec",2,0.7999999999999998,0.6000000000000002,0,0,0,0,0,0,0,0.096,0,0,0,0.096,0,0.096
"1f0dfc31b51a445eb2cfbee5321800cf51e10b67",13.999999999999995,0.8210180623973725,0.730952380952381,0,0,0.029000000000000005,0.8643666666666665,0,0,0.192,2.8695666666666666,0,0,0.37799999999999995,6.269899999999999,0,9.524000000000001
"88654b79c92386b7c411f064cc373e7698a49449",92,0.7503184109775972,0.8590579710144927,0,0,0.004,2.7351666666666663,0,0,0.048,6.456633333333333,0,0,0.2780000000000001,10.790399999999996,0,14.026
"6ea2fc8d38e035bafaa92c7d3b007be38c2e9000",21.000000000000007,0.7729688915735428,0.9190476190476189,0,0,0,0.7475333333333334,0,0,0.008,1.0455333333333334,0,0,0.032,1.8007000000000004,0,3.3549999999999995
"f0930aa1512a408635d2286c01d49523b1234db7",21.000000000000007,0.7641498036846874,0.9126984126984127,0,0,0.002,1.0868333333333335,0,0,0.008,1.2124333333333333,0,0,0.030000000000000002,1.9036666666666664,0,3.276999999999999
"be3638eb477a8635f647c9a4fefdce7ca2e2408a",69.00000000000001,0.737300445357999,0.8294685990338163,0,0,0.002,2.047933333333333,0,0,0.026000000000000002,4.0898,0,0,0.15900000000000003,6.8657,0,9.771000000000003
"6276d0f8441fec3b4a94d6f3aaaa0024b85e2317",21.000000000000007,0.7583610188261354,0.9412698412698409,0,0,0,1.2910666666666668,0,0,0.006,1.3763999999999998,0,0,0.027000000000000007,1.7655999999999996,0,3.181999999999999
"95fce758b0e12837869cae450d8029d7237b0dbb",1,1,0.10000000000000002,0,0,0,0,0,0,0,0,0,0,0,0,0,0.068
"6ce88517b3af6d48c979b6e984889b69c044561c",1,1,0.3333333333333333,0,0,0,0,0,0,0,0,0,0,0,0,0,0.062000000000000006
"b52c69b1b0ba1c542b917247f1f76deb4ce2a42d",1,1,0,0,0,0,0,0,0,0,0,0,0,0,0,4,0.08900000000000001
"0d95c55040db6fd1e4f976280d35659587f3f8ad",1,1,0,0,0,0,0,0,0,0,0,0,0,0,0,4,0.08700000000000002
"125cfb4cab35daebe874a599877d6280b464212b",1,1,0.13333333333333333,0,0,0,0,0,0,0,0,0,0,0,0,4,0.08799999999999998
"8e8e78d849825696237b9f540f3e082a44b1e838",48,0.7682235780910306,0.8277777777777778,0,0,0,2.0074999999999994,0,0,0.020999999999999998,3.395833333333334,0,0,0.154,5.409199999999998,0,8.218
"6f03c0ce11db4a270124b9bf93338d3db9fccf5c",42.99999999999999,0.6833211829603169,0.7899224806201551,0,0,0,1.3025,0,0,0.020999999999999998,4.0718,0,0,0.17599999999999996,4.830566666666668,0,5.406
"96a1a31d734e663af5c9bcda58c7bb5870e8a363",1,1,1,0,0,0,0,0,0,0,0,0,0,0,0,0,0.094
"7aad59482002d0b4bc3546259d33eab20ce76b9e",6,0.8809523809523809,0.3944444444444445,0,0,0.009999999999999997,0.03073333333333333,0,0,0.030000000000000002,0.10633333333333334,0,0,0.04399999999999999,0.1668,0,0.27399999999999997
"0e20d158200e35a893c734f3ba268a1f5d3c48d0",6,0.8571428571428571,0.45555555555555555,0,0,0.009,0.03893333333333334,0,0,0.030000000000000006,0.1053,0,0,0.045999999999999985,0.15106666666666663,0,0.2669999999999999
"c1ffdbab58712cca8463b3edc88f9d5a09b0ca9c",44,0.794755419362161,0.8325757575757575,0,0,0,0.7414,0,0,0.018,1.4690000000000003,0,0,0.122,2.737533333333333,0,5.268000000000002
"758228f691b34c97f421ed92336772531495e0cc",1,1,0.6000000000000002,0,0,0,0,0,0,0,0,0,0,0,0,0,0.07799999999999997
"a26c66a8edcf029ca5f94354cee0db267e9ccc20",1,1,0.13333333333333333,0,0,0,0,0,0,0,0,0,0,0,0,0,0.05200000000000001
"a618b844c5a261ced37385ab3947de6e215d46f7",10.000000000000002,0.829177489177489,0.7566666666666668,0,0,0.004999999999999998,0.03363333333333335,0,0,0.06100000000000001,0.12326666666666668,0,0,0.128,0.20236666666666664,0,0.29399999999999993
"f746c508d197c3662509037e8975a2a58b847689",8,0.8032679738562091,0.9624999999999995,0,0,0.001,0.07393333333333334,0,0,0.055999999999999994,0.1455,0,0,0.147,0.21093333333333336,0,0.291
"fc409b5791ef8145a791cf7bd9b35d68a4ad3305",1,1,0.9666666666666665,0,0,0,0,0,0,0,0,0,0,0,0,0,0.257
"374c0fc1acf83ecc77c637ccda4218937eb9e06c",8,0.7944444444444445,0.9583333333333334,0,0,0.001,0.07150000000000002,0,0,0.04499999999999999,0.1514,0,0,0.139,0.22026666666666667,0,0.29300000000000004
"20de433aa24957e40d974b87aba54ae0688500ed",4,0.8277777777777778,0.7499999999999999,0,0,0.045999999999999985,0.22106666666666663,0,0,0.12299999999999997,0.4094999999999999,0,0,0.27499999999999997,0.733433333333333,0,0.8250000000000002
"8dae1f2904b93127f101bd36c1c79e801385a8f7",21.000000000000007,0.7694352159468442,0.9777777777777776,0,0,0.001,1.1811000000000005,0,0,0.008,1.5394666666666665,0,0,0.026000000000000006,1.671133333333333,0,3.2679999999999985
"4f928504ea91c3c1dd43ce696acadf76624240a1",21.000000000000007,0.7871639987919058,0.9587301587301584,0,0,0,0.6028666666666664,0,0,0.004999999999999998,0.8137,0,0,0.020999999999999998,1.902966666666667,0,3.287
"22c30471564c730b02f5f7cedec28fcfe5749fc6",1,1,0.9333333333333331,0,0,0,0,0,0,0,0,0,0,0,0,0,0.10499999999999998
"10122741eac52e218771f30c6dc2c0aca54ff006",1,1,0.8666666666666665,0,0,0,0,0,0,0,0,0,0,0,0,0,0.11000000000000001
"e863dcb2e7a654af6b8eb5865d8d1d8eee0a6d28",21.000000000000007,0.7852411154736735,0.9412698412698413,0,0,0,1.2680999999999996,0,0,0.004,1.4609333333333334,0,0,0.020999999999999998,1.6408999999999994,0,3.1879999999999993
"f7cbda67518ed7335566ebf942cd170a66746096",8.999999999999998,0.7774269005847952,0.7444444444444444,0,0,0.023,0.06656666666666668,0,0,0.065,0.12863333333333332,0,0,0.13799999999999998,0.21726666666666666,0,0.316
"6049e77fdcd021544a60651fc6de4d80e2ef1c2d",8.999999999999998,0.8338011695906432,0.7555555555555553,0,0,0.021999999999999995,0.057033333333333325,0,0,0.06899999999999999,0.12076666666666665,0,0,0.143,0.21560000000000004,0,0.34199999999999997
"7d061e33e59e23dc4b03378f35f50a7d70f033b3",1,1,0.6666666666666667,0,0,0,0,0,0,0,0,0,0,0,0,0,0.07000000000000002
"bfb43d3fe2eafa80f45fc59a5b742d192efa8e3c",54.99999999999999,0.786942786942787,0.8884848484848484,0,0,0.001,1.8395333333333335,0,0,0.031000000000000003,2.6994000000000007,0,0,0.20499999999999996,4.751,0,7.234999999999999
"d8ec011d770e1e04ef4f87fba673f3748f363278",6.999999999999997,0.7099999999999997,0.9476190476190476,0,0,0.002,0.03919999999999998,0,0,0.009,0.10273333333333332,0,0,0.043000000000000003,0.11546666666666666,0,0.14600000000000007
"49a876cb1c2a49583b9184ab58a579ac75525986",1,1,0.5666666666666669,0,0,0,0,0,0,0,0,0,0,0,0,0,0.08399999999999999
"6dfc3e64037f10b84fe203415e79e2435acff558",1,1,0.7333333333333333,0,0,0,0,0,0,0,0,0,0,0,0,0,0.071
"5fb74a6618da0ca8b12a3346038164913a5d27d5",1,1,0.7666666666666666,0,0,0,0,0,0,0,0,0,0,0,0,0,0.07000000000000002
"f5a9effebd7209f3fa5385f18a5e59e8a09122f2",1,1,0.7999999999999999,0,0,0,0,0,0,0,0,0,0,0,0,0,0.064
"c614fbcc79615f93d2c60a153db6e82d7474c425",35.99999999999999,0.7744641902176148,0.8407407407407406,0,0,0,1.0642666666666667,0,0,0.009999999999999997,1.4411333333333325,0,0,0.11400000000000002,2.0215000000000005,0,2.777
"0b70b01a9f1d9664bb5eac737175f58f06979b60",1,1,0.8333333333333333,0,0,0,0,0,0,0,0,0,0,0,0,0,0.048
"63f11e9dc1874abdde1bfe1d900b5ebfa4d3a941",1,1,1,0,0,0,0,0,0,0,0,0,0,0,0,0,0.053
"f5ebb9a649e9dd0773f9bd3457d6ce1895266d59",25,0.7572971342383106,0.8733333333333332,0,0,0,0.5597000000000001,0,0,0.004,1.364133333333333,0,0,0.020999999999999998,2.011666666666666,0,2.4299999999999997
"e72654ed5ad90e5dd1ec08b11760e2f27b64d5c7",6.999999999999997,0.7538095238095237,0.6047619047619048,0,0,0.003,0.21283333333333337,0,0,0.021999999999999995,0.6802999999999998,0,0,0.16299999999999998,0.9407333333333334,0,1.1989999999999998
"d575057852ab2be41abb39b8de69a35cace5c67d",54.99999999999999,0.811951561951562,0.8448484848484848,0,0,0.004999999999999998,0.4220666666666669,0,0,0.02,1.993466666666667,0,0,0.17000000000000004,4.017133333333334,0,7.075000000000003
"c3b1fefbad0c67c8556ba6b4573f135197f87598",24,0.7776666666666668,0.7777777777777778,0,0,0.008,0.10436666666666669,0,0,0.041,0.1973666666666667,0,0,0.118,0.2924333333333333,0,0.393
"c8e61afdb89c58ea8ffaf04593da41ff0888d30e",24,0.7582585034013605,0.8152777777777777,0,0,0.008,0.09666666666666665,0,0,0.046,0.19283333333333327,0,0,0.13,0.2895,0,0.3789999999999999
"7eb47fd85e13486033950d91afcf04cf44d064fa",2,0.7999999999999998,0.9166666666666664,0,0,0,0,0,0,0.001,0.07000000000000002,0,0,0.001,0.07000000000000002,0,0.07100000000000001
"3a4ac357981283fd3a8817f9e6d57e8b181549be",39,0.7485037325543655,0.7059829059829061,0,0,0.013999999999999999,0.14446666666666663,0,0,0.06600000000000002,0.2951666666666667,0,0,0.18300000000000002,0.46859999999999996,0,0.632
"60412131f3679b720bcaaaf3dea4be666cefea7a",6,0.8754578754578752,0.45,0,0,0.009,0.03613333333333333,0,0,0.041999999999999996,0.10043333333333335,0,0,0.064,0.16786666666666664,0,0.253
"2ce40494073aa4e9bdcba4c39d24727b7141d227",1,1,0.8999999999999997,0,0,0,0,0,0,0,0,0,0,0,0,0,0.07500000000000002
"2e9f3a80146262511ca7bcdd3411f095dff4951d",19,0.7890553306342779,0.7263157894736841,0,0,0.006999999999999999,0.06223333333333332,0,0,0.04700000000000001,0.16203333333333342,0,0,0.13100000000000003,0.2744999999999999,0,0.375
"2c0429aabd2632c8c6a242e4a23d5eb6f46035c0",54.99999999999999,0.8060664560664561,0.8345454545454545,0,0,0.001,0.5904999999999997,0,0,0.027999999999999997,1.4153333333333336,0,0,0.193,5.563433333333331,0,7.268999999999998
"bb3fe2a37975920d1c7b9cf16309d86fe86e1a35",54.99999999999999,0.7268181818181818,0.8206060606060603,0,0,0.002,2.1403666666666665,0,0,0.024999999999999994,5.739600000000001,0,0,0.18399999999999994,6.078799999999999,0,7.116
"cb686673a70a6f14c35575550c48c37d19a1598b",6.999999999999997,0.8859523809523808,0.8999999999999998,0,0,0,0.011766666666666668,0,0,0.019999999999999993,0.07899999999999997,0,0,0.13,0.19643333333333338,0,0.306
"50ce8c44e1601acffa39f5568f0fc140aade0564",8,0.8398692810457516,0.8249999999999998,0,0,0.003,0.053866666666666674,0,0,0.04900000000000001,0.11896666666666669,0,0,0.13,0.20179999999999998,0,0.294
"357fe1378889e5934e8f60c8d35397bf63871991",19,0.7545074224021592,0.7298245614035087,0,0,0.004,0.08756666666666663,0,0,0.04499999999999998,0.1804333333333333,0,0,0.128,0.27283333333333326,0,0.35999999999999993
"1a8d276278e5ee3bdb904c35d8bbd1dc948b7baf",19,0.7739946018893384,0.763157894736842,0,0,0.006,0.08893333333333332,0,0,0.051,0.19706666666666672,0,0,0.15099999999999997,0.32983333333333326,0,0.45699999999999996
"9c886bd4a188c91301029040b3a839e4b8e2812d",1,1,1,0,0,0,0,0,0,0,0,0,0,0,0,0,0.11600000000000002
"8b62c114cfc5fd347bd8cb5a391fdfa8cb539435",24,0.7176938775510205,0.811111111111111,0,0,0.006999999999999999,0.14473333333333332,0,0,0.045999999999999985,0.2641666666666666,0,0,0.144,0.3545333333333334,0,0.4450000000000001
"56b7ae44f957aeb884efc797ec74c790a7a3abae",1,1,0,0,0,0,0,0,0,0,0,0,0,0,0,0,0.03999999999999999
"17f9d22f334c91e701808808170bf60aae7342f9",1,1,1,0,0,0,0,0,0,0,0,0,0,0,0,0,0.07600000000000001
"9901bf98e4921df1c85e323c4b096b7feb80221e",1,1,1,0,0,0,0,0,0,0,0,0,0,0,0,0,0.081
"aff0fae2ec3a7d74356776c183c6986eb9eed520",1,1,0.7000000000000001,0,0,0,0,0,0,0,0,0,0,0,0,0,0.068
"1415c9a2a6317dbdca6f1fbb530db1f558d9bef5",1,1,0.7000000000000001,0,0,0,0,0,0,0,0,0,0,0,0,0,0.063
"e51bd89201477092c32c180e4f8d00569db17ac1",1,1,0.7333333333333333,0,0,0,0,0,0,0,0,0,0,0,0,0,0.062000000000000006
"8e3ec1722bc5c70ea932b13ec1b564950c623e77",54.99999999999999,0.7656171756171757,0.8733333333333331,0,0,0.004,0.7555,0,0,0.032999999999999995,2.114533333333333,0,0,0.19599999999999998,4.899700000000004,0,7.040000000000004
"efba54d35fa094de5e580b200a8607bfc7bd5a7a",6.999999999999997,0.8188095238095238,0.8047619047619045,0,0,0.004999999999999998,0.03753333333333334,0,0,0.051,0.13606666666666664,0,0,0.13200000000000003,0.2188333333333333,0,0.30400000000000005
"7c441e87cf371c642ad9d50bfb863ef145b917c7",6.999999999999997,0.8376190476190477,0.8285714285714284,0,0,0.004,0.03270000000000001,0,0,0.04499999999999998,0.10616666666666667,0,0,0.12099999999999998,0.17733333333333332,0,0.253
"58a8f12b443d7cbc16ec00b8841138ee55ee6630",6.999999999999997,0.7783333333333333,0.8428571428571427,0,0,0.004999999999999998,0.04883333333333333,0,0,0.05400000000000001,0.15369999999999998,0,0,0.13499999999999995,0.23206666666666662,0,0.31500000000000006
"38cf0c68d577b46b506f75d896cbb5a4b186c6a6",54.99999999999999,0.7007692757692762,0.8393939393939392,0,0,0.006999999999999999,2.5708000000000015,0,0,0.05599999999999999,5.385833333333334,0,0,0.24700000000000003,6.603200000000001,0,7.522000000000002
"69a8ef318942898383508c2a3d1db240f38f1cb8",54.99999999999999,0.8142313092313092,0.8381818181818179,0,0,0.001,0.3229666666666665,0,0,0.027999999999999997,1.6779999999999995,0,0,0.18399999999999994,4.009333333333333,0,7.292999999999999
"362dd935f84ef80b13cced13a74339e42c775809",35.99999999999999,0.8073984943847956,0.7916666666666665,0,0,0,0.3814333333333334,0,0,0.008,0.7364999999999997,0,0,0.09699999999999999,1.2189333333333332,0,2.5889999999999995
"e7d16c27629722a93a9d36a0b5e0a3a793850544",35.99999999999999,0.8196943518861327,0.8435185185185183,0,0,0.003,0.3893666666666668,0,0,0.021999999999999995,0.6852666666666667,0,0,0.12099999999999998,1.5583999999999998,0,2.791
"3fadfdd69f4682f05563ce53e55743f55813f488",35.99999999999999,0.7921469414620097,0.8046296296296296,0,0,0.002,0.5986999999999999,0,0,0.019000000000000003,0.9924000000000001,0,0,0.136,1.9206333333333327,0,2.8369999999999993
"7129c43b08da58e1c907dd2b90bb58e7a09bf85c",54.99999999999999,0.7647542997542996,0.8284848484848484,0,0,0.001,2.804033333333333,0,0,0.036,5.2637,0,0,0.22200000000000003,6.0634000000000015,0,7.138999999999999
"09ef69c5b51115300da6df43690cd455d83c8027",2,1,0.9333333333333333,0,0,0,0,0,0,0,0,0,0,0,0,0,0.11100000000000002
"87937b2e7192524306aa58d74c90537eec997cfa",54.99999999999999,0.8307821457821458,0.8599999999999998,0,0,0.006,0.49213333333333326,0,0,0.038999999999999986,1.3737666666666664,0,0,0.21399999999999997,4.015866666666668,0,6.996999999999999
"a5391bb34cbe168f2c5f5f6e8fc3a1eeb9399e13",54.99999999999999,0.7223745173745174,0.8448484848484846,0,0,0.004999999999999998,1.9502,0,0,0.036,4.686666666666666,0,0,0.2290000000000001,6.221666666666667,0,7.219000000000001
"96cb498f9bb88b534e49f9b8301c9fe7113b2dfe",54.99999999999999,0.7400713700713701,0.8369696969696967,0,0,0.004,1.9313,0,0,0.03300000000000001,4.7315000000000005,0,0,0.193,5.381133333333334,0,7.1690000000000005
"f4a262df5204221184f1f5008b06957868684a25",54.99999999999999,0.7310775710775711,0.8290909090909089,0,0,0.006999999999999999,1.846733333333334,0,0,0.05400000000000001,4.864366666666666,0,0,0.25,5.7692,0,7.085999999999999
"81ee0d062c888d8f8bcbc154cd7f0143710f458c",54.99999999999999,0.7216456066456065,0.8969696969696966,0,0,0.003,2.7132999999999994,0,0,0.038000000000000006,5.379166666666666,0,0,0.21600000000000005,5.818966666666666,0,7.400999999999998
"b933f55e5878f366e966f1a80d7450f49cefb115",54.99999999999999,0.8156148356148359,0.8484848484848484,0,0,0.006,1.5502999999999996,0,0,0.043000000000000003,2.405866666666667,0,0,0.22099999999999997,4.393866666666668,0,7.040000000000001
"6850d88880093733c0ba29c371f2c9823256d749",48,0.7939117399537136,0.8256944444444447,0,0,0.008,1.454333333333333,0,0,0.048,2.6923,0,0,0.18700000000000006,3.806566666666666,0,6.045000000000001
"9ea0063bc93cf0d5b45f95bcc6b9f225da94b951",16.999999999999996,0.7778898225957048,0.6803921568627455,0,0,0.004,0.06343333333333334,0,0,0.021999999999999995,0.11929999999999999,0,0,0.07100000000000001,0.15396666666666667,0,0.231
"152e5d48eac990bb3e08b2409816738020ba9a01",54.99999999999999,0.7453082953082956,0.869090909090909,0,0,0.001,1.5991333333333333,0,0,0.027999999999999994,4.5287999999999995,0,0,0.18299999999999997,5.578233333333334,0,7.018000000000002
"89cd538eaf7c555d33e7467ac8c2a51019c26372",54.99999999999999,0.7440493740493742,0.8387878787878789,0,0,0.002,1.7659666666666674,0,0,0.027999999999999997,5.173499999999999,0,0,0.18899999999999997,6.0007,0,7.041999999999999
"d9f1b897a28aeac97ff8d15948d3bc566021c53e",1,1,0.5666666666666667,0,0,0,0,0,0,0,0,0,0,0,0,0,0.11199999999999999
"8e8b8e05e4eb9aa009444c2fea3552d28b57aa98",6.999999999999997,0.7347619047619047,0.938095238095238,0,0,0.001,0.041699999999999994,0,0,0.009999999999999997,0.11906666666666667,0,0,0.04900000000000001,0.15280000000000002,0,0.18899999999999997
"e767af7e7eb8ff7724d5f72709ee4bb7a72d2284",63,0.775840910511186,0.7915343915343918,0,0,0.003,2.2657000000000003,0,0,0.03300000000000001,4.612466666666666,0,0,0.18500000000000003,5.948933333333333,0,8.456000000000003
"96260205dceea0e4734fa275c8f72a617bd8ebc4",55.99999999999998,0.7139214185907248,0.8166666666666667,0,0,0.004999999999999998,0.2672333333333334,0,0,0.034,0.4995666666666666,0,0,0.15100000000000002,0.6466000000000001,0,0.793
"214cc7fd596b575ed07a7d7c1006b46d5c75613d",64,0.7891718843172331,0.7901041666666666,0,0,0.002,0.7284000000000002,0,0,0.020999999999999998,3.176300000000001,0,0,0.18099999999999994,4.6361333333333326,0,7.5889999999999995
"b610707cd072f07efb816074a4844bb1b31e482c",111.99999999999996,0.7570547127405536,0.7092261904761905,0,0,0.006999999999999999,1.8859333333333326,0,0,0.048,5.3137,0,0,0.24800000000000003,8.574066666666669,0,11.900000000000002
"77febcfa8d3a5e078330c4911a94e399589734e5",88,0.7884952649711744,0.7530303030303029,0,0,0.009,2.448166666666667,0,0,0.05200000000000001,5.961766666666666,0,0,0.3100000000000001,9.732266666666664,0,13.819999999999997
"4aa4291ffc143486757617b743c9670001f8a7cd",8.999999999999998,0.7687719298245614,0.8333333333333331,0,0,0.002,0.023700000000000002,0,0,0.004,0.043866666666666665,0,0,0.010999999999999998,0.07056666666666667,0,0.11800000000000001
"ae6a24dd439a7b778e35b484a3a6eae1a8eb64d7",8.999999999999998,0.7780116959064327,0.8074074074074075,0,0,0.001,0.028533333333333334,0,0,0.003,0.05693333333333334,0,0,0.009999999999999997,0.08446666666666668,0,0.125
"f56931c176fef5e164b681c740746aebdccccec3",14.999999999999998,0.7907258064516128,0.6533333333333334,0,0,0.004,1.8194,0,0,0.032,2.7794,0,0,0.7230000000000001,4.413033333333333,0,5.628999999999999
"9379d0d36acdf78455e81518b3b1476c7691f056",47.00000000000001,0.7234891750653228,0.8113475177304962,0,0,0.006,0.16749999999999998,0,0,0.047,0.3277666666666667,0,0,0.181,0.438,0,0.6050000000000001
"2521d9619fe1f052ced8ea1107851ac98a1b7488",47.00000000000001,0.7024860022396415,0.8290780141843974,0,0,0.006999999999999999,0.19443333333333332,0,0,0.052000000000000005,0.3656333333333333,0,0,0.213,0.47839999999999994,0,0.6130000000000002
"625fbccaa9c42d5efbe4993e9701d8db0b53f5e9",47.00000000000001,0.7199197461739455,0.7879432624113474,0,0,0.009,0.21813333333333337,0,0,0.07399999999999997,0.40476666666666666,0,0,0.253,0.5494333333333333,0,0.726
"7721302ae5d70d2986d74ae7e7df648bf849997d",47.00000000000001,0.7118430384471818,0.848936170212766,0,0,0.003,0.20253333333333337,0,0,0.04499999999999998,0.37420000000000003,0,0,0.20199999999999993,0.4974333333333333,0,0.6709999999999999
"96f3ab841096b6a480b4cae99bb05aebce1ff92d",47.00000000000001,0.7290602836879433,0.843971631205674,0,0,0.004999999999999998,0.1625333333333333,0,0,0.045999999999999985,0.32806666666666673,0,0,0.20199999999999996,0.44380000000000003,0,0.6080000000000001
"ec2ec774925cb845f85a82f85c32d0019de31f01",47.00000000000001,0.7327678238148563,0.8297872340425531,0,0,0.004,0.18533333333333335,0,0,0.05099999999999999,0.35993333333333327,0,0,0.22099999999999997,0.4908666666666667,0,0.6729999999999999
"1cec9a6fe588c047daa6c711814453840405561b",1,1,1,0,0,0,0,0,0,0,0,0,0,0,0,0,0.15699999999999997
"2cad60b6c25c87a6a59d3d315ec7d72c552fbc58",47.00000000000001,0.7258305337812616,0.798581560283688,0,0,0.006,0.20873333333333338,0,0,0.062000000000000006,0.40850000000000003,0,0,0.236,0.5422333333333333,0,0.726
"0db3d81c93cb5a8142709ab657af59a046c6f7f4",8,0.7629084967320261,0.8083333333333333,0,0,0.004999999999999998,0.24586666666666668,0,0,0.047,0.4071666666666667,0,0,0.10099999999999998,0.5255333333333334,0,0.797
"a36c903d4f1065bc59f5e6d2bb0f9d92a5e71d83",42.99999999999999,0.7905543000170103,0.8162790697674418,0,0,0,0.8663666666666666,0,0,0.015000000000000001,2.592833333333335,0,0,0.144,4.161633333333334,0,5.282
"3dbc94481291a99ecf28d47b3f338df99d96df40",47.00000000000001,0.7060927584919747,0.8163120567375886,0,0,0.003,0.1638,0,0,0.036,0.30800000000000005,0,0,0.16300000000000003,0.42106666666666676,0,0.521
"0bca64d75e1a54b64b91917bdbeebde56ac177fb",49,0.7949602143887857,0.829251700680272,0,0,0.002,1.1868333333333332,0,0,0.03300000000000001,2.147833333333333,0,0,0.16799999999999998,3.5849333333333337,0,5.958
"08aa21f9217df0a28d48be5be5db03ddf4867140",24,0.712904761904762,0.7833333333333334,0,0,0.009999999999999997,0.12990000000000002,0,0,0.047,0.2455333333333333,0,0,0.129,0.33220000000000005,0,0.40599999999999997
"b31877a46009d5ee52af9b5f737dabe241689931",24,0.7783333333333334,0.8527777777777776,0,0,0.006,0.09163333333333332,0,0,0.043000000000000003,0.20453333333333337,0,0,0.15599999999999994,0.3214,0,0.4129999999999999
"4f4e2b064e98ce1abce98428965f8eed86f4543e",24,0.6868843537414969,0.9055555555555554,0,0,0.009,0.17389999999999992,0,0,0.05200000000000001,0.31230000000000013,0,0,0.17599999999999996,0.4487,0,0.5170000000000001
"2a11642511a3c69bac5aa1abd83d3219871395e3",22,0.755643390425999,0.8606060606060606,0,0,0,1.1222333333333334,0,0,0.008,1.5256,0,0,0.037,2.1720666666666664,0,3.0829999999999993
"44e32205a6f98f50af95e3940a48aa72971e9483",22,0.773746157224418,0.9015151515151516,0,0,0.002,0.8531666666666667,0,0,0.009,1.446566666666667,0,0,0.034,1.9271,0,3.1470000000000002
"d1e72ebede93d73d1a3caf74e391fd83516e0685",22,0.730715854194115,0.8954545454545454,0,0,0,1.7197666666666669,0,0,0.003,2.2448333333333323,0,0,0.022999999999999993,2.4441333333333333,0,3.3300000000000005
"ce178d8e87ff6f9a12aea4b217c1e09254936236",1,1,0.8999999999999995,0,0,0,0,0,0,0,0,0,0,0,0,0,0.074
"b4609c81e41d678cf03898a7cc4a4660beef0f88",1,1,0.16666666666666669,0,0,0,0,0,0,0,0,0,0,0,0,0,0.03500000000000001
"88b951a227ca8d49df670bbacbd00a2e6c239f3e",1,1,0.8999999999999995,0,0,0,0,0,0,0,0,0,0,0,0,0,0.060000000000000005
"33bd8349641240def753858ea7809f38650cc662",5.000000000000001,0.735151515151515,0.7266666666666669,0,0,0,0.023166666666666665,0,0,0.006,0.05003333333333334,0,0,0.013000000000000001,0.0789,0,0.091
"f013141f60df0bbbd57388c7bdd01a764ddfc1fd",50.99999999999999,0.7418493461611679,0.8444444444444443,0,0,0,2.640566666666667,0,0,0.019000000000000003,5.586466666666667,0,0,0.13899999999999996,6.396066666666669,0,7.668
"9fb4f47f352dc1c1f5f20de80840d39e1eebb985",4,0.7777777777777778,0.7333333333333333,0,0,0.010999999999999998,2.4285,0,0,0.04099999999999998,2.454066666666667,0,0,0.126,3.4549000000000007,0,4.898
"bff752134ba7626ca4cdb11a5a8d743d03af4cd8",6.999999999999997,0.7888095238095235,0.8428571428571429,0,0,0.024999999999999994,0.20816666666666667,0,0,0.08999999999999998,1.5480999999999998,0,0,0.171,3.2048000000000005,0,5.022
"3ee9cc840088762c875a9c02531077279f7c237f",1,1,0.5,0,0,0,0,0,0,0,0,0,0,0,0,0,0.06600000000000002
"54f8d3c02abe04765ffe957e7d412bde2adf58c1",1,1,0.6333333333333334,0,0,0,0,0,0,0,0,0,0,0,0,0,0.05500000000000001
"2bcf86d8af125b45d39bd1d43b8375911c551d78",1,1,1,0,0,0,0,0,0,0,0,0,0,0,0,0,0.064
"bce28f99f383051b419510ef72531e0f6fa67352",1,1,0.6000000000000002,0,0,0,0,0,0,0,0,0,0,0,0,0,0.06600000000000002
"aad2db8b12b8c61556df9df7de4fadc927633504",1,1,0.8666666666666665,0,0,0,0,0,0,0,0,0,0,0,0,0,0.063
"7e440785d9ccdafc84ae7a50022097dc3dd422e8",1,1,0.9666666666666665,0,0,0,0,0,0,0,0,0,0,0,0,0,3.6039999999999996
"d3f2a89ba229c57073e4f2a63a9a7f1053a5720d",1,1,0.8999999999999997,0,0,0,0,0,0,0,0,0,0,0,0,0,0.05400000000000001
"d784612d0d3d18b2c3e892b85eaf4e7cff38c9dc",1,1,0.4666666666666667,0,0,0,0,0,0,0,0,0,0,0,0,0,0.06600000000000002
"c0779f42c7ca46c4cd3ade6261544b0da733e5d1",1,1,0.6333333333333334,0,0,0,0,0,0,0,0,0,0,0,0,0,0.04399999999999999
"ad97f2020253c787e2978093976c3b6716955e32",1,1,0.5666666666666667,0,0,0,0,0,0,0,0,0,0,0,0,0,0.029000000000000005
"74c24ad1942abb68c8084e0ab1cf0d6e234a0650",1,1,0.9333333333333331,0,0,0,0,0,0,0,0,0,0,0,0,0,0.036
"f6f8e5dbedfed0d10bf483b636abac87d90925b3",1,1,0.6,0,0,0,0,0,0,0,0,0,0,0,0,0,0.019999999999999993
"8912be8a88781518e8e47d37a73d42a03a7e0e8e",1,1,0.7999999999999998,0,0,0,0,0,0,0,0,0,0,0,0,0,0.020999999999999998
"4077b57f6dd784b0232db0c66999ff351176c323",1,1,0.8333333333333333,0,0,0,0,0,0,0,0,0,0,0,0,0,0.020999999999999998
"6e9f406aacc8444d22c35d50ab2e90afab5cddd6",1,1,0.7999999999999997,0,0,0,0,0,0,0,0,0,0,0,0,0,0.019999999999999993
"eabf1aaa2523d3f4dc9c99631cc42cb03fa61372",1,1,0.8333333333333333,0,0,0,0,0,0,0,0,0,0,0,0,0,0.029000000000000005
"5445f22747d0aba7d9c42d37fb596e29ca51bcbc",1,1,0.5999999999999998,0,0,0,0,0,0,0,0,0,0,0,0,0,0.012
"3e58ab33b9c294817699ce18277aa6e772d3ee4f",1,1,0.7666666666666665,0,0,0,0,0,0,0,0,0,0,0,0,0,0.006999999999999998
"0b14928ee447a59f69bcaa87051af62300c72c84",1,1,0.09999999999999999,0,0,0,0,0,0,0,0,0,0,0,0,0,0.003
"c3b38a3ba15ac662672ec4fbea52b3f3bcd17265",1,1,1,0,0,0,0,0,0,0,0,0,0,0,0,0,3.7819999999999987
"77f875110ae0c9ed05362f1e7b95656fb1276fb4",1,1,1,0,0,0,0,0,0,0,0,0,0,0,0,0,3.961
"729adb624d3e720afb8686093814ab2bcc2d2f13",27.99999999999999,0.7769293924466337,0.8821428571428571,0,0,0.004,0.4793333333333333,0,0,0.013999999999999999,1.154933333333333,0,0,0.04999999999999999,1.9981999999999995,0,2.859999999999999
"dd761382d3cfdc11b5de0cb1246de4567cdf2fc2",12.999999999999998,0.7808302808302807,0.5846153846153846,0,0,0.010999999999999998,0.43669999999999976,0,0,0.036,0.6759000000000001,0,0,0.079,0.9522666666666666,0,1.3689999999999996
"762641dcdbae9456aa2b72ec8fa1baa0acab942f",2,0.7999999999999998,0.2333333333333333,0,0,0,0,0,0,0.022999999999999993,0.038999999999999986,0,0,0.022999999999999993,0.038999999999999986,0,0.062000000000000006
"884d273f4207095f881167b3398fc2a55617ee9a",5.000000000000001,0.9145454545454544,0.4533333333333335,0,0,0.003,0.014833333333333332,0,0,0.021999999999999995,0.03503333333333334,0,0,0.04099999999999998,0.0546,0,0.128
"cbc8e0b2952164f97779c9a5fadca6acd2600ae2",6,0.7985347985347987,0.8333333333333334,0,0,0.006,0.028833333333333332,0,0,0.041999999999999996,0.11729999999999999,0,0,0.08499999999999999,0.15383333333333332,0,0.22000000000000006
"182e335432fe4634d770c5861be40dacf1816f0c",17.999999999999996,0.7121226489647541,0.7944444444444445,0,0,0,0.35050000000000003,0,0,0.003,0.6484666666666667,0,0,0.032,0.6939333333333333,0,0.8050000000000003
"f110da945a8af0914f348cfe576b5a8257159fd9",6,0.8245421245421245,0.4888888888888889,0,0,0.001,0.005133333333333334,0,0,0.006999999999999999,0.02576666666666667,0,0,0.013999999999999997,0.036399999999999995,0,0.052000000000000005
"47a9ea7c828772625b9e26c0c7a6db494ea626a3",3,0.857142857142857,0.4888888888888888,0,0,0,0,0,0,0.006999999999999998,0.07199999999999998,0,0,0.074,0.1083,0,0.17400000000000004
"94beded83960af2a15992f6cec8f1f59d1f3c051",8,0.7375816993464052,0.5208333333333335,0,0,0.002,0.024266666666666666,0,0,0.012,0.048999999999999995,0,0,0.034,0.0638,0,0.07600000000000001
"ca2e59c513edc2a8b30ff62595e01f8dff79f0d2",14.999999999999998,0.7479032258064515,0.7711111111111112,0,0,0.001,2.0142666666666673,0,0,0.051,4.230333333333332,0,0,0.748,6.1963,0,7.558000000000001
"e99b0dde8ee5069eaee745b62b57b109def4b22c",39,0.7523580006491399,0.6666666666666667,0,0,0.022999999999999993,0.2438,0,0,0.12299999999999997,0.5034333333333334,0,0,0.32200000000000006,0.7648666666666667,0,1.0060000000000002
"46ea7e5e963b09b63d6a54cddd7fe391d0d5b6f4",1,1,0.9666666666666665,0,0,0,0,0,0,0,0,0,0,0,0,0,0.09800000000000002
"369d0616ce4b9045ef439ca79c02e08c726398d2",1,1,0.8333333333333333,0,0,0,0,0,0,0,0,0,0,0,0,0,0.036
"fde19e79d508f1206871796ad1d2f84cfcb398dc",1,1,0.8333333333333333,0,0,0,0,0,0,0,0,0,0,0,0,0,0.268
"0fa0bfd8bb7a540015fb900f6f6832b88d37a1ae",1,1,0.9666666666666667,0,0,0,0,0,0,0,0,0,0,0,0,0,4.8500000000000005
"3387734b4fa501c355588b736cccb83f13347ae2",42.99999999999999,0.75704600131224,0.7348837209302325,0,0,0.021999999999999995,2.1427666666666663,0,0,0.128,4.548866666666667,0,0,0.4830000000000001,7.206233333333334,0,10.153
"e00e871d1d57ac76680087876b36764c4f8b28f8",6.999999999999997,0.7664285714285715,0.9333333333333332,0,0,0.05200000000000001,0.5441333333333335,0,0,0.23699999999999993,1.0834333333333332,0,0,0.7509999999999999,2.2003,0,2.8970000000000002
"b3d86ca08a22afb47338dea0a3fcad2a58ece49c",63,0.7701939601299839,0.8417989417989419,0,0,0.006999999999999999,0.9788333333333332,0,0,0.07799999999999997,2.104433333333333,0,0,0.339,3.1768999999999994,0,4.384999999999999
"3609993fb588017c77fc1781d697dcf1717cd73a",42.99999999999999,0.7537046487327158,0.7356589147286821,0,0,0.032,1.2221000000000002,0,0,0.16500000000000004,3.6006999999999993,0,0,0.4389999999999999,6.743066666666667,0,8.285
"c70e05ae41b4990a9d1e5f442219411abc6b2afb",57.00000000000001,0.7461148373181828,0.8239766081871346,0,0,0.004,3.3947,0,0,0.06899999999999999,5.132666666666665,0,0,0.32,6.345066666666666,0,7.812
"5afe35c02481b6bb3553708b027705590d99c22a",57.00000000000001,0.7371172308582551,0.8385964912280701,0,0,0.004999999999999998,1.8758,0,0,0.068,4.776699999999999,0,0,0.3530000000000001,5.716099999999999,0,7.858999999999998
"b278ac8c390f38342d2503d5d75d441e77af39a1",2,1,0.9833333333333333,0,0,0,0,0,0,0.019000000000000003,0.019000000000000003,0,0,0.019000000000000003,0.019000000000000003,0,1.1609999999999998
"e1618fa2327967562c6af0848c8d5873e0040542",20.000000000000004,0.7968060394889663,0.8766666666666666,0,0,0.015000000000000003,0.09920000000000002,0,0,0.08999999999999998,0.2977,0,0,0.22299999999999998,0.4233,0,0.6200000000000001
"89cbfa54b041541077b8158b667ee3830a8abe5c",111.99999999999996,0.7437480685489536,0.8627976190476192,0,0,0.004999999999999998,3.817566666666666,0,0,0.077,8.1791,0,0,0.4320000000000001,12.169899999999997,0,15.824999999999994
"07f537120f6a9220c8cc8216b22f9f5744f619b1",67.99999999999999,0.7343582180571373,0.8382352941176471,0,0,0.006,2.0791333333333335,0,0,0.06600000000000002,5.141666666666666,0,0,0.331,5.814566666666664,0,7.637999999999999
"5cdac9cfd5a74b0a52ebde32798b973c6edbaa79",48,0.7814310260186551,0.8930555555555557,0,0,0.004,0.5975666666666667,0,0,0.047,1.4211999999999996,0,0,0.258,3.729333333333333,0,5.756
"c368955343029d1a99d1b6817eb9fef0c62f02d3",1,1,0.16666666666666669,0,0,0,0,0,0,0,0,0,0,0,0,0,0.032
"a410aab6515931489dc2594d4e0f0ecac2c66071",6,0.8615384615384615,0.7833333333333333,0,0,0,0.0866,0,0,0.019999999999999993,0.1587,0,0,0.07500000000000002,0.2068333333333333,0,0.4859999999999999
"e21cb463c0824425abaa5e2dd96c24d8f52de619",1,1,0,0,0,0,0,0,0,0,0,0,0,0,0,0,0.024999999999999994
"a48d045709e32af2d06aca82a355ee3409a6773c",1,1,0.29999999999999993,0,0,0,0,0,0,0,0,0,0,0,0,0,0.024999999999999994
"92e63fb3c87c73359c395406fed9c524b8626595",1,1,0.9333333333333333,0,0,0,0,0,0,0,0,0,0,0,0,0,0.05800000000000001
"cee7cc6b6470362b12c134b4ed3f3b9bdcd4e465",1,1,0.9666666666666665,0,0,0,0,0,0,0,0,0,0,0,0,0,0.059
"bf7767867378d9d33551ad54687b48c8fbecf424",2,1,0.5,0,0,0,0,0,0,0.001,0.001,0,0,0.001,0.001,0,0.027000000000000007
"b00e65686eb1b11c0b814c4aa0d6a22c03be958c",2,1,0.4999999999999999,0,0,0,0,0,0,0.001,0.001,0,0,0.001,0.001,0,0.027999999999999997
"bfa50b3edf09aa41363eeae28b4abe3b86f2e261",8,0.6764705882352945,0.6875000000000004,0,0,0.003,0.1421,0,0,0.029000000000000005,0.2550333333333333,0,0,0.126,0.2853333333333334,0,0.31500000000000006
"6b7a8480102144663b567982a5536340a57a431e",1,1,1,0,0,0,0,0,0,0,0,0,0,0,0,0,0.13100000000000003
"c01fa9aa42e078951f9d77ffe3b7546411278633",24,0.742795918367347,0.7749999999999999,0,0,0.03300000000000001,0.44966666666666677,0,0,0.144,0.7643999999999999,0,0,0.30400000000000005,0.9666000000000001,0,1.316
"75768ba2724e2bb1d9a7a450f882be7d9f806a57",1,1,0.4666666666666666,0,0,0,0,0,0,0,0,0,0,0,0,0,0.047
"589ce593070cb5bdb4053a71fe97342509037170",1,1,0.9666666666666665,0,0,0,0,0,0,0,0,0,0,0,0,0,0.079
"fa9f1aae197bacc5fea2394981cabeee3399759b",57.00000000000001,0.7287009127015439,0.8508771929824561,0,0,0.004,3.260933333333333,0,0,0.05800000000000001,5.4899999999999975,0,0,0.32800000000000007,6.783333333333332,0,7.914000000000001
"353e06a8ac01542e1dfac877c5e05880ab2bb52c",57.00000000000001,0.749198032562666,0.909356725146199,0,0,0.003,1.4579666666666666,0,0,0.041999999999999996,4.353566666666668,0,0,0.299,6.472666666666666,0,7.858
"2e1a1d453636d0d456ef7883b3560cc52d64a9f2",57.00000000000001,0.7803466687708777,0.8900584795321637,0,0,0.003,1.5326666666666664,0,0,0.041,2.7333999999999987,0,0,0.2950000000000001,4.946899999999999,0,7.9719999999999995
