cycle_id,#_testsuite,NORMALIZED_FPA,accuracy,total_failures_in_cycle,exec_time,optimal_failures_25%,failures_in_25%_ordered,optimal_exec_time_25%,exec_time_25%,optimal_failures_50%,failures_in_50%_ordered,optimal_exec_time_50%,exec_time_50%,optimal_failures_75%,failures_in_75%_ordered,optimal_exec_time_75%,exec_time_75%,prediction_time,learning_time
ce0c082898e3551d313fb5b73763f399232b3fd5,11,0.7470355731225298,0.45454545454545453,0,2.683,0,0,0.006,0.4410000000000001,0,0,0.10200000000000001,1.491,0,0,0.7939999999999999,2.072,0.0009081363677978516,0.15288782119750977
5b98a73e4db8d0cb1f29138b2f14319df7840ce1,15,0.7419354838709679,0.8666666666666667,0,5.629000000000001,0,0,0.004,3.6159999999999997,0,0,0.08,4.566,0,0,0.754,5.354000000000001,0.0010120868682861328,0.015197038650512695
1d1883f0e20215720eb583fd43eee088808c616b,85,0.8220222238222099,0.3764705882352941,0,11.261999999999999,0,0,0.0,1.131,0,0,0.023999999999999997,1.689,0,0,0.18900000000000006,6.024,0.0011501312255859375,0.5744040012359619
bd9adbb637a8a4aa5eb61c6fde2c576d0ab3c4fa,11,0.8972332015810277,0.9090909090909091,0,2.7520000000000002,0,0,0.003,0.439,0,0,0.11199999999999999,0.5760000000000001,0,0,0.83,1.3110000000000002,0.0009999275207519531,0.3318758010864258
0fe9685c8a78ba2d780a3ec1e1a323990dc6d218,2,0.8,1.0,0,0.117,0,0,0.0,0.0,0,0,0.0,0.117,0,0,0.0,0.117,0.0010421276092529297,0.025874853134155273
3899cc6570bd9176c84ad2d5d14febc6c0ddd964,1,1.0,0.0,0,0.046,0,0,0.0,0.0,0,0,0.0,0.0,0,0,0.0,0.0,0.0010590553283691406,0.40840983390808105
697329630f16ee37cab30004aab5b0831fc9ecc3,11,0.7648221343873518,0.9090909090909091,0,2.841,0,0,0.003,0.941,0,0,0.08600000000000001,1.67,0,0,0.797,2.328,0.0009920597076416016,0.4665548801422119
009e33bb5d2950ad46d80f0b84ac77f075378859,1,1.0,1.0,0,0.114,0,0,0.0,0.0,0,0,0.0,0.0,0,0,0.0,0.0,0.0010712146759033203,0.5586538314819336
0223a4d4cd127a1e209a04d8e1eff3296c0ed8c1,3,1.0,0.3333333333333333,0,0.13,0,0,0.0,0.0,0,0,0.015,0.015,0,0,0.056,0.056,0.0009870529174804688,0.4765279293060303
aa31bc6c313789c344d715b7c1aeea0cd8de47e2,7,0.9214285714285716,0.2857142857142857,0,1.2759999999999998,0,0,0.006,0.006,0,0,0.024,0.112,0,0,0.14200000000000002,0.233,0.0011038780212402344,0.013170957565307617
7e85d1cf54b1e467607a0019b56f91577ebe2e4f,57,0.7906730845103765,0.5087719298245614,0,7.239,0,0,0.0,0.14500000000000002,0,0,0.029,0.763,0,0,0.17800000000000002,2.329,0.0012469291687011719,0.01597285270690918
13cd4e0ac3ab76a4dc091eda457f9a111727cba2,6,0.7362637362637363,0.8333333333333334,0,0.178,0,0,0.001,0.032,0,0,0.006,0.057,0,0,0.027999999999999997,0.059000000000000004,0.001077890396118164,0.1283259391784668
648eebba22d6398a01b0924975bedced8469ac80,57,0.8141718614377023,0.8421052631578947,0,7.498,0,0,0.0,0.33,0,0,0.03,0.559,0,0,0.17400000000000004,5.491,0.0011091232299804688,0.1294698715209961
eaa9269ac80c2a957cabed0c46173149a4137c24,57,0.7803992740471867,0.8771929824561403,0,7.169999999999999,0,0,0.0,0.06200000000000001,0,0,0.025,2.135,0,0,0.181,7.002999999999999,0.0015308856964111328,0.1514899730682373
4a26a86d0c0d9a72a0505ceedc7f1e39b984c302,45,0.7717470934862242,0.7111111111111111,0,1.1199999999999999,0,0,0.006,0.10600000000000001,0,0,0.068,0.796,0,0,0.20400000000000001,0.9330000000000002,0.0010840892791748047,0.17870211601257324
e4b7ee81c1773eeb0bb71ca53bf722f046c16a16,7,0.7642857142857142,0.5714285714285714,0,1.3840000000000001,0,0,0.006,0.01,0,0,0.03,0.19499999999999998,0,0,0.132,1.358,0.0010411739349365234,0.32454991340637207
fbb5d31a581c24e925c442a7754358d2b62a669d,38,0.8484147431515853,0.8421052631578947,0,5.761,0,0,0.0,0.091,0,0,0.023,0.14800000000000002,0,0,0.13399999999999998,5.073000000000001,0.0014989376068115234,0.18149399757385254
ec2fa6bd5695b36435cc66ca4cdd8183d077a0cf,1,1.0,1.0,0,0.123,0,0,0.0,0.0,0,0,0.0,0.0,0,0,0.0,0.0,0.0012259483337402344,0.03474998474121094
a06c99b9c094d66f0d33bd69e15fe01ba52a8b05,1,1.0,1.0,0,0.126,0,0,0.0,0.0,0,0,0.0,0.0,0,0,0.0,0.0,0.0012319087982177734,0.16540312767028809
b2c1afce7eb13ea44fc7d25562cc3bb83cc91b2f,19,0.7724696356275303,0.6842105263157895,0,0.8260000000000002,0,0,0.006,0.082,0,0,0.044,0.10300000000000001,0,0,0.122,0.717,0.0010731220245361328,0.14619684219360352
c7c85ee39892df3ca007c6596c41654865be7e43,9,0.7684210526315789,0.7777777777777778,0,0.17900000000000002,0,0,0.0,0.056,0,0,0.002,0.058,0,0,0.011,0.159,0.001051187515258789,0.019293785095214844
1f56bd103d53c8c6ba7502c6586c26be01bfdb80,45,0.7690078037904127,0.8444444444444444,0,1.057,0,0,0.01,0.6150000000000001,0,0,0.07,0.7690000000000001,0,0,0.21700000000000003,0.8400000000000001,0.0014142990112304688,0.38746190071105957
2d61e349dbd3e2e81450c9ac531218220b7e422d,23,0.8748843663274745,0.8695652173913043,0,2.5159999999999996,0,0,0.0,0.013000000000000001,0,0,0.005,0.019,0,0,0.033,2.385,0.0010228157043457031,0.3510711193084717
c503d742f094dc2048b72c3f78f5e2e6070a44e1,21,0.8471760797342194,0.7142857142857143,0,0.8690000000000002,0,0,0.009000000000000001,0.07200000000000001,0,0,0.045,0.15999999999999998,0,0,0.133,0.729,0.0010640621185302734,0.6961808204650879
a2d41db55aa46bd4fedb215c978f03e282cf1ffb,21,0.8275445484747812,0.7619047619047619,0,0.8500000000000001,0,0,0.005,0.115,0,0,0.036,0.17400000000000002,0,0,0.119,0.7170000000000001,0.0011322498321533203,0.029634952545166016
71d9e00d42b278ce9d216b33bf1a9c8606fbcb49,21,0.7466022349743281,0.47619047619047616,0,0.8290000000000001,0,0,0.007,0.095,0,0,0.046000000000000006,0.2,0,0,0.14300000000000002,0.734,0.0013661384582519531,0.25925588607788086
0b11c6043467e9d06880a069bba68d90fbcbb018,1,1.0,1.0,0,0.08900000000000001,0,0,0.0,0.0,0,0,0.0,0.0,0,0,0.0,0.0,0.0009708404541015625,0.30497217178344727
a81791c093ffb27150c98585aa3bebeabd3586d5,3,0.7142857142857142,0.6666666666666666,0,0.11900000000000001,0,0,0.0,0.0,0,0,0.013,0.085,0,0,0.034,0.10600000000000001,0.001051187515258789,0.19145917892456055
291eaf16bf208e1012dc5da722a53fb5870c3035,2,1.0,0.5,0,0.17099999999999999,0,0,0.0,0.0,0,0,0.065,0.065,0,0,0.065,0.065,0.0010268688201904297,0.15433406829833984
d772e171d64c9dc617f16cbb8475d13792538e15,6,0.6923076923076923,0.3333333333333333,0,0.337,0,0,0.009000000000000001,0.244,0,0,0.033,0.294,0,0,0.053000000000000005,0.308,0.0009799003601074219,0.3421041965484619
d0049e1ac38c11d10431b2b9f76d03f3a62ab44b,22,0.8859025032938077,0.8636363636363636,0,0.8170000000000002,0,0,0.007,0.026,0,0,0.043000000000000003,0.106,0,0,0.132,0.251,0.0012061595916748047,0.3500497341156006
ab60f735c721103ac888d8d7b801055921336687,3,0.7142857142857142,0.3333333333333333,0,0.14600000000000002,0,0,0.0,0.0,0,0,0.014,0.077,0,0,0.069,0.132,0.0009868144989013672,0.4108729362487793
ecf6de89ba1a6542c68194e95d14ea944b6c92b7,1,1.0,1.0,0,0.092,0,0,0.0,0.0,0,0,0.0,0.0,0,0,0.0,0.0,0.0009899139404296875,0.1596369743347168
a2660687980b36003a612eb89b40d6fdecb4b153,1,1.0,1.0,0,0.118,0,0,0.0,0.0,0,0,0.0,0.0,0,0,0.0,0.0,0.001055002212524414,0.032881736755371094
b3c31a379e9ad7cd22cb7f0669b82361ced84992,21,0.854122621564482,0.6666666666666666,0,0.922,0,0,0.004,0.07300000000000001,0,0,0.034999999999999996,0.15100000000000002,0,0,0.144,0.18800000000000003,0.0010979175567626953,0.3008251190185547
4ff5974c4ab78f82ab43ff6e518fab72b366c1f6,2,1.0,0.5,0,0.119,0,0,0.0,0.0,0,0,0.001,0.001,0,0,0.001,0.001,0.0010828971862792969,0.0886068344116211
204ed0048f4812201ef65c9a0c44fa54a7d1e04f,1,1.0,1.0,0,0.111,0,0,0.0,0.0,0,0,0.0,0.0,0,0,0.0,0.0,0.0010538101196289062,0.2429361343383789
ae91ab56ac68bdb2a42b694167c8e6d77026210a,4,0.7666666666666666,0.75,0,0.8160000000000001,0,0,0.006,0.474,0,0,0.024,0.492,0,0,0.342,0.498,0.0010690689086914062,0.3098721504211426
be21e8fc35f564abe742026bc234d3bc59e84bf4,11,0.7055335968379446,0.9090909090909091,0,2.7779999999999996,0,0,0.006,0.55,0,0,0.10399999999999998,2.076,0,0,0.839,2.089,0.0012722015380859375,0.09602785110473633
05a6beba76b3195b26f2b15919d4f3a95b22c580,10,0.7428571428571428,0.7,0,3.068,0,0,0.002,1.074,0,0,0.217,1.832,0,0,0.7909999999999999,2.694,0.0010602474212646484,0.2886219024658203
e64b51c70fa9f5e2795e91e6729ebd895f7f3c01,21,0.8236182422228936,0.8571428571428571,0,0.8680000000000001,0,0,0.005,0.092,0,0,0.042,0.147,0,0,0.138,0.259,0.0010018348693847656,0.15160799026489258
dad86bc0a29689fd29bf03b382a39621718e8b05,102,0.7905587051301697,0.6568627450980392,0,11.264,0,0,0.0,0.37900000000000006,0,0,0.023999999999999997,6.954000000000001,0,0,0.20300000000000004,8.123,0.0013511180877685547,0.18717002868652344
9c506279188a90dbbe124386cc52016682d17b5c,24,0.773265306122449,0.875,0,7.405,0,0,0.01,1.327,0,0,0.07,1.4299999999999997,0,0,0.229,6.754000000000001,0.001110076904296875,0.21918582916259766
b9f04d9be3e7ff300520da194fe29ed5c1861787,32,0.7267482517482519,0.71875,0,1.118,0,0,0.0,0.228,0,0,0.021,0.485,0,0,0.135,1.048,0.0009911060333251953,0.025115013122558594
ad1b72b7ece0166c5fbe0c6136213589eeed9945,113,0.7539584996173335,0.4424778761061947,0,15.102000000000002,0,0,0.0,0.756,0,0,0.016,5.266,0,0,0.15400000000000003,10.396,0.0014002323150634766,0.3647491931915283
8eace0187ea2c0c1a6e3a5b5e24e701f6e23ae94,33,0.7174555032325007,0.8787878787878788,0,1.1019999999999999,0,0,0.005,0.766,0,0,0.025,0.836,0,0,0.12,0.9949999999999999,0.001068115234375,0.03652000427246094
72bbbbc559992e5e6bf17279d8194aaa80c62e85,15,0.7693548387096775,0.5333333333333333,0,5.577000000000001,0,0,0.004,1.02,0,0,0.082,1.724,0,0,0.723,4.662000000000001,0.0010118484497070312,0.24899578094482422
42f2058c83f256d8654b349d5249d6f59920f88b,108,0.7359061805643635,0.8518518518518519,0,14.924999999999999,0,0,0.0,3.538999999999999,0,0,0.03200000000000001,13.592,0,0,0.21100000000000002,14.601999999999999,0.0013260841369628906,0.18092823028564453
d5293751676da9816a415dbc8a3cf703ff13205d,2,1.0,1.0,0,0.078,0,0,0.0,0.0,0,0,0.0,0.0,0,0,0.0,0.0,0.001050710678100586,0.1633291244506836
feb7ba55120feb5e3ad3f526fae7dee1b5189d9e,1,1.0,0.0,0,0.1,0,0,0.0,0.0,0,0,0.0,0.0,0,0,0.0,0.0,0.0010371208190917969,0.054811954498291016
ff2672a57816d75a740813f8d26d830bd2f9b7cf,1,1.0,0.0,0,0.926,0,0,0.0,0.0,0,0,0.0,0.0,0,0,0.0,0.0,0.0010519027709960938,0.4686131477355957
bdb074610c87a210ea4c0d91d579cb4558f4b19f,1,1.0,1.0,0,0.89,0,0,0.0,0.0,0,0,0.0,0.0,0,0,0.0,0.0,0.0009801387786865234,0.3306758403778076
64d820bffae723b9c8669301b246ae199db61b5c,1,1.0,1.0,0,0.919,0,0,0.0,0.0,0,0,0.0,0.0,0,0,0.0,0.0,0.0010678768157958984,0.041785240173339844
09686fad46d49016057bae8f02dc79f409b7bd10,24,0.752857142857143,0.75,0,7.53,0,0,0.008,0.616,0,0,0.069,1.372,0,0,0.228,6.259999999999999,0.001065969467163086,0.2031269073486328
0807eedad6aa9544d90b2e7cec103fb9c40b714d,57,0.7664167916041977,0.7894736842105263,0,3.3459999999999996,0,0,0.008,0.49400000000000005,0,0,0.07,0.758,0,0,0.262,1.85,0.0010120868682861328,0.34575319290161133
d58d64ddb1f205a54c7eb57fe0cbec9c59cad8d6,4,0.7666666666666666,1.0,0,4.92,0,0,0.031,0.043,0,0,0.074,4.829000000000001,0,0,0.134,4.889,0.001074075698852539,0.5161678791046143
d962a2b31c9a7216c2df557eaed3e475b13939f1,3,0.7142857142857142,0.3333333333333333,0,0.09999999999999999,0,0,0.0,0.0,0,0,0.011,0.049,0,0,0.051000000000000004,0.089,0.0010409355163574219,0.15680408477783203
3421e6adb4a3a4fadae79feb0f180e78e2698374,24,0.8187755102040817,0.9166666666666666,0,7.571,0,0,0.01,4.824999999999999,0,0,0.07700000000000001,4.932999999999999,0,0,0.256,7.397999999999999,0.0009911060333251953,0.3299398422241211
9c5b6cdc7108eb071785b0c4edd205650cdf1ca4,40,0.7516260162601626,0.825,0,6.9750000000000005,0,0,0.008,6.338000000000001,0,0,0.048,6.414999999999999,0,0,0.15699999999999997,6.484,0.0010828971862792969,0.1980600357055664
31d02f6806e4d2e9ca86706af33acca334bf2eef,4,0.9,0.75,0,4.91,0,0,0.032,0.043,0,0,0.075,0.098,0,0,0.13,0.13,0.0009891986846923828,0.5324857234954834
db6f7c1d74ba64211221a69cfa9fe7171a9199e8,15,0.7475806451612902,0.8,0,5.271000000000001,0,0,0.004,0.9420000000000001,0,0,0.094,4.009,0,0,0.748,4.6080000000000005,0.0010409355163574219,0.39391493797302246
78c373d7bc23e81c82cac6feb66a9f6b9472f8ab,2,1.0,1.0,0,0.125,0,0,0.0,0.0,0,0,0.0,0.0,0,0,0.0,0.0,0.000982046127319336,0.036025047302246094
8c99b8299df8f5af5136e4ad53ea5111f953db92,2,1.0,1.0,0,0.119,0,0,0.0,0.0,0,0,0.001,0.001,0,0,0.001,0.001,0.0009860992431640625,0.273622989654541
1eecfc948bf6f4cbb9a2481313ca7368ec653056,5,0.8363636363636364,0.8,0,0.7709999999999999,0,0,0.006999999999999999,0.03,0,0,0.020999999999999998,0.044,0,0,0.051,0.474,0.001077890396118164,0.2470099925994873
ac5a216f767c6defa4da720c6ecb3baa05e30254,1,1.0,1.0,0,0.278,0,0,0.0,0.0,0,0,0.0,0.0,0,0,0.0,0.0,0.0010459423065185547,0.42624521255493164
cac7a60abf0a4451a5c80ef57343a14ea1ba443f,113,0.7737073962439138,0.8053097345132744,0,15.482000000000001,0,0,0.0,3.1129999999999995,0,0,0.011,6.154999999999999,0,0,0.16400000000000003,9.430000000000001,0.0010747909545898438,0.4725322723388672
d9a2c69a9d1db6072e1d7b7ea4fcbd5c15d20b5d,5,0.9272727272727272,0.6,0,0.9650000000000001,0,0,0.004,0.024,0,0,0.016,0.036000000000000004,0,0,0.04,0.04000000000000001,0.0010609626770019531,0.29396986961364746
a3b74d9c230a85df8ebeef3169fc1cd0439c9a87,111,0.7391376802811784,0.8288288288288288,0,14.92,0,0,0.0,2.5039999999999996,0,0,0.019000000000000003,8.241,0,0,0.17900000000000005,10.625,0.0010533332824707031,0.342318058013916
d0f6be9886afaee6080cd4b7cd5d165c767b71f0,1,1.0,0.0,0,0.06,0,0,0.0,0.0,0,0,0.0,0.0,0,0,0.0,0.0,0.0010540485382080078,0.38839292526245117
8ac857c41ec8ae02e57eb0c1c1a012525e7e14b9,1,1.0,1.0,0,0.335,0,0,0.0,0.0,0,0,0.0,0.0,0,0,0.0,0.0,0.0009779930114746094,0.22163915634155273
10d2363fcdd6e15568f765ba0dfd5f0cfa0b04eb,1,1.0,0.0,0,0.044,0,0,0.0,0.0,0,0,0.0,0.0,0,0,0.0,0.0,0.0011320114135742188,0.7662451267242432
5f4249e2ec8cccb17b27a7ffd032c4fc237a6927,1,1.0,0.0,0,0.052000000000000005,0,0,0.0,0.0,0,0,0.0,0.0,0,0,0.0,0.0,0.0009860992431640625,0.31659388542175293
8232c096cef785a2ba88a7324b882a7badb0af44,1,1.0,0.0,0,0.053,0,0,0.0,0.0,0,0,0.0,0.0,0,0,0.0,0.0,0.0011661052703857422,0.300609827041626
c6a410adf832e0e6eeee824365b1c5799bfc1391,1,1.0,1.0,0,0.078,0,0,0.0,0.0,0,0,0.0,0.0,0,0,0.0,0.0,0.00102996826171875,0.3439469337463379
b10d58ece8657de1b132cbe2c766bc25f1fd2986,1,1.0,0.0,0,0.058,0,0,0.0,0.0,0,0,0.0,0.0,0,0,0.0,0.0,0.0010137557983398438,0.5171680450439453
a04151819758fceb7f0cb855d279c9d46b2e9851,1,1.0,0.0,0,0.058,0,0,0.0,0.0,0,0,0.0,0.0,0,0,0.0,0.0,0.0010280609130859375,0.20690107345581055
86a59601b570585dcb7a1ce3d1ccc8e16008f53a,4,0.7000000000000001,1.0,0,0.314,0,0,0.0,0.16,0,0,0.063,0.223,0,0,0.154,0.314,0.0009877681732177734,0.465313196182251
33bb9fe25b9200e75cc4bf2483b17a35df960034,58,0.7295928307032923,0.7758620689655172,0,7.497999999999999,0,0,0.002,0.5960000000000001,0,0,0.030999999999999996,1.4759999999999998,0,0,0.18300000000000005,1.6209999999999998,0.0012102127075195312,0.3179142475128174
809e2bed22f02264e0ac58bba070f6d84386cfc5,1,1.0,1.0,0,1.232,0,0,0.0,0.0,0,0,0.0,0.0,0,0,0.0,0.0,0.0010461807250976562,0.31044626235961914
5acf310d08b2bc5182cf936616ef70938cb2c499,56,0.7689966065606495,0.9642857142857143,0,7.322999999999999,0,0,0.0,1.626,0,0,0.028999999999999998,6.818,0,0,0.19799999999999998,7.212000000000001,0.0010790824890136719,0.3268589973449707
38140a5d8dffec88f7c88da73ce3989770e086e6,56,0.8252212389380532,0.875,0,7.416000000000001,0,0,0.0,0.061000000000000006,0,0,0.033,5.552000000000001,0,0,0.215,6.054000000000001,0.0010449886322021484,0.5303289890289307
4a32861c326696e82efd3947384bd6d949faab28,45,0.6999522216913521,0.9111111111111111,0,1.0749999999999995,0,0,0.005,0.652,0,0,0.062,0.7580000000000001,0,0,0.21400000000000002,0.902,0.0011301040649414062,0.2845790386199951
103b64a373256feae6ca85f2bf220e7694e48fa4,56,0.749151640162353,0.8035714285714286,0,7.4330000000000025,0,0,0.006,0.852,0,0,0.056999999999999995,6.023000000000003,0,0,0.246,7.198000000000002,0.00110626220703125,0.45427417755126953
6423a7665516d738ae50d272e3b4ca72cdb89a9d,56,0.7572027413666912,0.8928571428571429,0,7.2719999999999985,0,0,0.0,0.23700000000000002,0,0,0.036000000000000004,5.859,0,0,0.22199999999999998,6.158999999999999,0.0012500286102294922,0.42348814010620117
91d6bd74fa358fdc8d7cb7681c76c509fd9a8e7d,18,0.7989568515884305,0.6111111111111112,0,0.981,0,0,0.017,0.085,0,0,0.063,0.18,0,0,0.161,0.84,0.001055002212524414,0.8220500946044922
8f9271399aca64a6f5afe36d3eec365eb68e310e,25,0.767420814479638,0.92,0,1.433,0,0,0.006,0.101,0,0,0.036000000000000004,0.751,0,0,0.12000000000000001,0.835,0.0010879039764404297,0.07290220260620117
8274993e293a79fc75829df398233915a6387a4b,1,1.0,1.0,0,0.09,0,0,0.0,0.0,0,0,0.0,0.0,0,0,0.0,0.0,0.0009889602661132812,0.34364914894104004
e2dbe55d56bd6c1209276050f527d36717e33e1d,3,0.9285714285714285,0.6666666666666666,0,0.11399999999999999,0,0,0.0,0.0,0,0,0.011,0.011,0,0,0.053000000000000005,0.072,0.0009868144989013672,0.3926711082458496
10325422e5a4735aa87a4d47bdb377e09fe963d2,6,0.7692307692307693,0.8333333333333334,0,0.17900000000000002,0,0,0.012,0.044,0,0,0.047,0.079,0,0,0.07100000000000001,0.10300000000000001,0.0010409355163574219,0.263228178024292
a945ecbbdda782b51d5c2c670345fbf4dffacab7,56,0.734380198283319,0.9464285714285714,0,7.305,0,0,0.0,0.21400000000000002,0,0,0.029,6.871,0,0,0.19399999999999998,7.103999999999999,0.0010180473327636719,0.38329386711120605
e4c72a5522aabfa6a660088aa9262d849756e464,1,1.0,0.0,0,0.045,0,0,0.0,0.0,0,0,0.0,0.0,0,0,0.0,0.0,0.0009789466857910156,0.3252248764038086
8c5335e6c67f88568099622cf37667d69db06524,56,0.7434959079113715,0.75,0,7.479,0,0,0.0,4.950999999999999,0,0,0.038000000000000006,6.408000000000001,0,0,0.22299999999999998,7.170999999999999,0.0010848045349121094,0.34825921058654785
4f82195afdc4279c05826fc20f8642bfdaaafec3,111,0.7522399882265354,0.8918918918918919,0,13.857000000000001,0,0,0.0,0.6340000000000001,0,0,0.015,4.186,0,0,0.23200000000000004,7.448,0.0011372566223144531,0.3573141098022461
607e3447c92754d871a3f2eb8c472e45afed6c1c,37,0.7745661450924607,0.8648648648648649,0,3.401,0,0,0.0,0.023,0,0,0.009000000000000001,0.199,0,0,0.08399999999999999,0.623,0.0010037422180175781,0.2806830406188965
aadb9a31ed969fc72cc87d486ec02383faa5bd06,98,0.7542732829172275,0.8061224489795918,0,15.248999999999999,0,0,0.0,4.101,0,0,0.031,11.757999999999997,0,0,0.24,12.022,0.0011589527130126953,0.3709402084350586
eb2b89efbe15ab0b70fd94f0ecd0aa03866fb4d2,102,0.7274449443523562,0.9117647058823529,0,12.621000000000002,0,0,0.0,0.9860000000000001,0,0,0.019000000000000003,10.838999999999999,0,0,0.19800000000000006,12.462000000000002,0.0012328624725341797,0.6712138652801514
151f2cd3d80c006f4ec228cdf610c3a35feb195d,7,0.8428571428571429,0.8571428571428571,0,1.272,0,0,0.006,0.083,0,0,0.026000000000000002,0.21500000000000002,0,0,0.13,0.24700000000000003,0.0010542869567871094,0.3535637855529785
33884b226454324f27700f9069f4702b44ef8ced,7,0.7214285714285713,0.42857142857142855,0,1.408,0,0,0.009000000000000001,0.015,0,0,0.034,1.2469999999999999,0,0,0.14600000000000002,1.375,0.0009949207305908203,0.5188901424407959
23108b1bd90de315aed37fa3fc1f38f8a56ab9ba,4,0.7000000000000001,0.75,0,0.236,0,0,0.006999999999999999,0.1,0,0,0.057,0.179,0,0,0.136,0.186,0.0010008811950683594,0.28024888038635254
d6644e4fbe3d125eed2d85e58fc7133466042f10,56,0.8031971521724666,0.8571428571428571,0,7.398999999999999,0,0,0.0,0.6699999999999999,0,0,0.029,5.762,0,0,0.22199999999999998,5.902,0.0010929107666015625,0.5276532173156738
96c8ea2fb3719e2f6e3d7a4d7b46718f26515a86,66,0.7023596984319688,0.8636363636363636,0,4.244,0,0,0.002,0.14100000000000001,0,0,0.041,4.045,0,0,0.20900000000000002,4.133000000000001,0.0011162757873535156,0.330477237701416
dc53e49b4afa5d59c533cf2b4918402c37411fbd,1,1.0,0.0,0,0.036000000000000004,0,0,0.0,0.0,0,0,0.0,0.0,0,0,0.0,0.0,0.0010771751403808594,0.4073359966278076
f9cab271b3bc8c2fb6e2c51449ad3bc07e62e174,7,0.8285714285714287,0.8571428571428571,0,1.4009999999999998,0,0,0.006,0.012,0,0,0.027000000000000003,1.1869999999999998,0,0,0.13,1.2099999999999997,0.000995635986328125,0.2852160930633545
383bc8eefae7e17d0bb0349ab2300488c655ec42,7,0.8071428571428572,0.7142857142857143,0,0.27799999999999997,0,0,0.006,0.024,0,0,0.027000000000000003,0.11799999999999998,0,0,0.068,0.13299999999999998,0.0011260509490966797,0.42554807662963867
eafeca43268f16aa9d4a179e44b9e7747699c1eb,1,1.0,0.0,0,0.053,0,0,0.0,0.0,0,0,0.0,0.0,0,0,0.0,0.0,0.0009920597076416016,1.9065160751342773
61bc7f27b498d919d0a534d00de2aa6d0ebf7447,44,0.7569628872999661,0.8636363636363636,0,3.55,0,0,0.0,0.132,0,0,0.019,2.7929999999999993,0,0,0.126,2.8659999999999997,0.0010340213775634766,0.503262996673584
9b481a97010a19e375cf423ffe25dda1b40e0e47,56,0.728741100538958,0.8392857142857143,0,7.476000000000001,0,0,0.007,1.3699999999999997,0,0,0.05299999999999999,2.0239999999999996,0,0,0.255,7.198,0.0010728836059570312,0.401777982711792
cfdc3f767c0063224622af168e78c6b2d2c77388,20,0.7728222996515679,0.7,0,0.326,0,0,0.005,0.116,0,0,0.026,0.157,0,0,0.092,0.21500000000000002,0.0010707378387451172,0.36130475997924805
4733cb5b798cd72aed82a9118648b4a86c91539f,7,0.6928571428571428,0.8571428571428571,0,0.8160000000000001,0,0,0.0,0.65,0,0,0.009000000000000001,0.76,0,0,0.059000000000000004,0.791,0.0009899139404296875,0.04218602180480957
3f103f8c9b72ef6ada41684c122ef7bd3cc90d22,1,1.0,0.0,0,0.11,0,0,0.0,0.0,0,0,0.0,0.0,0,0,0.0,0.0,0.0009729862213134766,0.43413496017456055
1f73bbeb67683e8852f889e8f11c8fb1b4d963a2,1,1.0,1.0,0,0.059,0,0,0.0,0.0,0,0,0.0,0.0,0,0,0.0,0.0,0.0010459423065185547,0.26094579696655273
1e5c2b87792b58f45fd3b33f1373925ebfe879a0,6,0.7912087912087913,0.5,0,0.189,0,0,0.013,0.047,0,0,0.047,0.09,0,0,0.073,0.103,0.000993967056274414,0.345660924911499
a40b2a907a69e51675d7d0502b2608833c4da343,56,0.7414997671169073,0.9107142857142857,0,7.503,0,0,0.004,5.094,0,0,0.041999999999999996,5.878000000000001,0,0,0.22899999999999998,5.997000000000001,0.001068115234375,0.8299839496612549
c37a911d3a1541adc25c8d76f717015b2266d123,56,0.7229522922350125,0.9107142857142857,0,7.68,0,0,0.0,0.361,0,0,0.035,6.8580000000000005,0,0,0.22499999999999998,7.524000000000001,0.0010230541229248047,0.4058248996734619
2dd459003e19e4bbc2811b10d38337f295fc5a19,1,1.0,0.0,0,0.051,0,0,0.0,0.0,0,0,0.0,0.0,0,0,0.0,0.0,0.000985860824584961,0.2685239315032959
a069c490e8119189fa2b43d3b597b79b3d42a367,56,0.7909874243129952,0.8214285714285714,0,7.683,0,0,0.002,0.143,0,0,0.04,6.704999999999999,0,0,0.22399999999999998,7.501999999999999,0.0010101795196533203,0.4092752933502197
d79e43216faba4b3e73536915bfddc550cc0f20f,56,0.7931000066538024,0.9285714285714286,0,7.366000000000001,0,0,0.0,4.91,0,0,0.035,5.212000000000001,0,0,0.21999999999999997,6.181,0.001010894775390625,0.04992413520812988
ff4497aff8cc9de4e0b2c6e5e23e5b6550f76f29,56,0.7347295229223502,0.7678571428571429,0,7.257,0,0,0.0,0.266,0,0,0.031,5.414999999999999,0,0,0.205,6.515999999999999,0.001024007797241211,0.3072509765625
ea666d523021a3c33294030e7c6ac49a77be543a,1,1.0,1.0,0,0.086,0,0,0.0,0.0,0,0,0.0,0.0,0,0,0.0,0.0,0.001013040542602539,0.2590920925140381
05647d46e9ac2bf674b320e8467616aa72954f3e,56,0.7699447734380199,0.8928571428571429,0,7.452,0,0,0.001,0.343,0,0,0.031,0.468,0,0,0.21699999999999997,5.7459999999999996,0.0011980533599853516,0.3775968551635742
8d95ae41975a2307501aa0f4a7eba296c59edce9,45,0.7287466157031374,0.8222222222222222,0,1.1549999999999998,0,0,0.005,0.199,0,0,0.056999999999999995,0.8790000000000001,0,0,0.186,1.024,0.0009582042694091797,0.7601490020751953
8d601ab71228f7c3dff950540e7ee6e4043e9053,45,0.7067367415193502,0.9111111111111111,0,1.0170000000000001,0,0,0.006,0.621,0,0,0.056,0.7610000000000001,0,0,0.181,0.865,0.0010671615600585938,0.41725611686706543
0095d8adf26b9469115b1be0358cb09d1fcb5fd4,18,0.6747273589378852,0.7777777777777778,0,0.8160000000000001,0,0,0.008,0.601,0,0,0.052000000000000005,0.6790000000000002,0,0,0.128,0.7740000000000001,0.0009431838989257812,0.5641610622406006
0f6a292a29fedd49741310cd517ac4ba907bf8d4,18,0.712185870080607,0.8333333333333334,0,0.8510000000000001,0,0,0.01,0.5950000000000001,0,0,0.054000000000000006,0.6650000000000001,0,0,0.139,0.7670000000000002,0.001001119613647461,0.3290591239929199
c14890f08b9bb47ab8ad27f4dd4c714e32961d0d,15,0.7806451612903226,0.9333333333333333,0,5.477999999999999,0,0,0.003,1.256,0,0,0.079,1.42,0,0,0.7430000000000001,4.606999999999999,0.001055002212524414,0.7586402893066406
f3d2d55ab9b783af65f2050272cd0318a9ad23a2,15,0.842741935483871,0.8666666666666667,0,5.359000000000001,0,0,0.005,0.957,0,0,0.09,1.162,0,0,0.8420000000000001,4.364,0.0010349750518798828,0.5504961013793945
efdff37fbacefe35c6f459b6f8a7483d3da85f8c,11,0.7075098814229249,0.8181818181818182,0,2.9339999999999997,0,0,0.006,1.1099999999999999,0,0,0.10400000000000001,2.086,0,0,0.946,2.3819999999999997,0.0009350776672363281,0.295151948928833
33c104e1b4aee768558c63b2a43a88132ff93f6b,14,0.7881773399014776,0.8571428571428571,0,5.5280000000000005,0,0,0.004,0.081,0,0,0.179,1.284,0,0,0.8210000000000002,2.524,0.0012879371643066406,0.3005030155181885
c0771cbc3c445a9d1d2a43ac4ce3c0edbc806957,1,1.0,1.0,0,1.177,0,0,0.0,0.0,0,0,0.0,0.0,0,0,0.0,0.0,0.0010311603546142578,0.4092438220977783
3aface95813003ff75505e2ed7d75b072228d3f8,1,1.0,1.0,0,0.207,0,0,0.0,0.0,0,0,0.0,0.0,0,0,0.0,0.0,0.0009279251098632812,0.40439295768737793
2c437a12bbc578442daaef85ab486d1e55763853,1,1.0,0.0,0,0.146,0,0,0.0,0.0,0,0,0.0,0.0,0,0,0.0,0.0,0.001046895980834961,0.30137109756469727
ec700cf69db225654aadce932dc000bdab302ccd,15,0.7016129032258065,0.8,0,5.3900000000000015,0,0,0.004,3.673,0,0,0.084,4.827,0,0,0.764,4.908000000000001,0.0009479522705078125,0.055442094802856445
ab0570e63aae3027239dcd5d22caab95111a5de8,15,0.7645161290322582,0.6,0,5.619999999999999,0,0,0.004,0.9670000000000001,0,0,0.086,2.032,0,0,0.7870000000000001,2.45,0.001024007797241211,0.3947458267211914
f015fb2b31a5621689a57ce9d2d300e5f32357e1,1,1.0,1.0,0,0.083,0,0,0.0,0.0,0,0,0.0,0.0,0,0,0.0,0.0,0.00109100341796875,0.2231607437133789
0f87dceb80b432b434dbd81ed4f1ab97c740efc1,64,0.8275380143112703,0.90625,0,7.677,0,0,0.001,0.6060000000000001,0,0,0.037000000000000005,1.018,0,0,0.22,5.9159999999999995,0.0009617805480957031,0.28138089179992676
c9a5e54a7c0b4c0be46940d136677a2c9f052ed7,56,0.7962106593918425,0.8571428571428571,0,7.34,0,0,0.005,0.30000000000000004,0,0,0.043,0.849,0,0,0.21899999999999997,1.355,0.0009632110595703125,0.28911900520324707
23c706ff915c4be7d371d3098fc8de2cc3aa2b67,5,0.7818181818181817,0.6,0,0.18000000000000002,0,0,0.0,0.032,0,0,0.018000000000000002,0.05,0,0,0.05,0.138,0.0009317398071289062,0.3464188575744629
71a1c49eb3610984173728751b1a5e78ddf40c6f,1,1.0,0.0,0,0.095,0,0,0.0,0.0,0,0,0.0,0.0,0,0,0.0,0.0,0.0012989044189453125,0.07697296142578125
cf950e7365848130c5c2d57c871652e6f83e96a8,1,1.0,1.0,0,0.655,0,0,0.0,0.0,0,0,0.0,0.0,0,0,0.0,0.0,0.0010571479797363281,0.5224971771240234
b836907ddbc53d8c47d2e2a6a36a690faa2d82e6,54,0.7845241404874431,0.9074074074074074,0,8.556,0,0,0.0,3.222,0,0,0.024,3.6540000000000004,0,0,0.191,6.765000000000001,0.0009677410125732422,0.3641810417175293
46c42fcdaa16542b0f167ea429b613fd653e6fc8,1,1.0,1.0,0,1.254,0,0,0.0,0.0,0,0,0.0,0.0,0,0,0.0,0.0,0.0009732246398925781,0.2619640827178955
e6b830bf95f712672cb9e77cd852606cd134c5fc,11,0.9051383399209487,0.9090909090909091,0,2.8810000000000002,0,0,0.008,0.01,0,0,0.11399999999999999,0.653,0,0,0.895,1.2810000000000001,0.0009312629699707031,0.04683208465576172
050b67d4f88d60e03a57fa5cf2177088b8224092,10,0.781818181818182,0.6,0,2.9280000000000004,0,0,0.005,0.637,0,0,0.23399999999999999,1.226,0,0,0.822,2.409,0.0012409687042236328,0.31216001510620117
5df67bf13af9a044f3bf7d8df3bd2daa763843a7,10,0.6909090909090909,0.8,0,3.1289999999999996,0,0,0.006,1.251,0,0,0.28200000000000003,1.88,0,0,0.863,3.009,0.001055002212524414,0.390916109085083
695342cb1cef42f30fd1a8496f181c92b21ae82d,1,1.0,1.0,0,0.157,0,0,0.0,0.0,0,0,0.0,0.0,0,0,0.0,0.0,0.0009279251098632812,0.8190820217132568
b6d35656f4b0dde16c2e6e5a04c1487e244708a8,56,0.7333488588728458,0.8571428571428571,0,7.391,0,0,0.0,0.203,0,0,0.027000000000000003,6.6869999999999985,0,0,0.204,6.793,0.0009667873382568359,0.5693013668060303
09c52410e62b0e1e221d413d7ab18feefcca6bf7,14,0.72807881773399,0.9285714285714286,0,0.899,0,0,0.0,0.11199999999999999,0,0,0.018000000000000002,0.737,0,0,0.085,0.755,0.001068115234375,0.39015984535217285
429c847b24d2c4adb0b9768d1e38bf05e5bafb7b,56,0.7538093020161023,0.9464285714285714,0,7.397000000000001,0,0,0.003,5.428000000000001,0,0,0.037,6.7730000000000015,0,0,0.22499999999999998,6.904000000000002,0.0010361671447753906,0.6432178020477295
9dcd87f9c46786f3da54af7ac1ba4696840dffa8,14,0.8068965517241379,0.9285714285714286,0,0.9460000000000001,0,0,0.001,0.6,0,0,0.021,0.754,0,0,0.10500000000000001,0.781,0.0009438991546630859,0.3044259548187256
f55530a2ffd3c481f6554d98e9d73f2e8c62ec8d,14,0.7743842364532019,0.9285714285714286,0,0.9760000000000001,0,0,0.002,0.643,0,0,0.031,0.791,0,0,0.121,0.886,0.0010569095611572266,0.055310964584350586
dfd69e038cc7035031d1807c4ade870d2a7e2ece,25,0.7364705882352941,0.8,0,1.642,0,0,0.004,0.211,0,0,0.038,0.8290000000000002,0,0,0.13899999999999998,1.5590000000000002,0.0010840892791748047,0.28076791763305664
7d54a14a75b55568a59760382a0a56e8cd3428f3,1,1.0,1.0,0,0.904,0,0,0.0,0.0,0,0,0.0,0.0,0,0,0.0,0.0,0.0009191036224365234,0.4035179615020752
db12f89ad2e153d8494a92ee3a50a23faeb14912,46,0.7272537375787056,0.8043478260869565,0,1.0749999999999997,0,0,0.011000000000000001,0.6530000000000001,0,0,0.07100000000000001,0.7440000000000001,0,0,0.20299999999999999,0.9480000000000001,0.0011241436004638672,0.35595703125
a49ea7a65b7990b3e6e625bc8bfff7396ee49300,2,0.8,0.5,0,0.084,0,0,0.0,0.0,0,0,0.014,0.07,0,0,0.014,0.07,0.0010879039764404297,0.4357569217681885
aa75c23b2e51c8d42730c8b410e6a7148a7bb094,26,0.7589098532494759,0.7692307692307693,0,1.772,0,0,0.01,0.08700000000000002,0,0,0.063,0.431,0,0,0.20800000000000002,1.6169999999999998,0.0010080337524414062,0.2558131217956543
2d6dea18b08caf615329eef0032f16911c5388d0,47,0.7266517357222845,0.851063829787234,0,1.082,0,0,0.01,0.644,0,0,0.07400000000000001,0.7700000000000001,0,0,0.22999999999999998,0.9300000000000002,0.0010211467742919922,0.2968471050262451
41bc4cd029fc486b5570ec344cdeae049bbca860,1,1.0,0.0,0,0.07400000000000001,0,0,0.0,0.0,0,0,0.0,0.0,0,0,0.0,0.0,0.0009741783142089844,0.2719459533691406
51b2cabf2c3737de06fc889b39d40240d1b134c2,1,1.0,1.0,0,0.12,0,0,0.0,0.0,0,0,0.0,0.0,0,0,0.0,0.0,0.0009860992431640625,0.31107091903686523
8a05e0b0f640289c32f2f261f35450532cc2a1aa,1,1.0,1.0,0,0.087,0,0,0.0,0.0,0,0,0.0,0.0,0,0,0.0,0.0,0.00102996826171875,0.8314781188964844
82d76aca8b4d845ed7bc5c74280f089c35447637,56,0.8016168740435161,0.8392857142857143,0,7.265000000000001,0,0,0.0,0.558,0,0,0.033,0.8570000000000002,0,0,0.21199999999999997,5.8549999999999995,0.0012350082397460938,0.6126840114593506
1b362986bc99c04941d046ebb36e19c370435b1f,56,0.7877769645352319,0.9107142857142857,0,7.307,0,0,0.0,0.22300000000000003,0,0,0.027,1.824,0,0,0.18999999999999997,1.897,0.001046895980834961,0.05248904228210449
a08ec31dbf212a033953dc6916a743dccbb93e37,2,1.0,1.0,0,0.194,0,0,0.0,0.0,0,0,0.0,0.0,0,0,0.0,0.0,0.0010569095611572266,0.446547269821167
0136218fa363560cba9b2378d979f64a35e9b425,2,1.0,1.0,0,0.147,0,0,0.0,0.0,0,0,0.0,0.0,0,0,0.0,0.0,0.0009253025054931641,0.30515003204345703
795fe5d869594bde53f8490d75eedef6185b6c37,47,0.7428051511758118,0.8936170212765957,0,1.3379999999999999,0,0,0.006,0.136,0,0,0.06,0.3730000000000001,0,0,0.24699999999999997,1.154,0.0013728141784667969,0.493175745010376
5556118ad13fbb80a56d7b8de6f960e9ff8255b8,2,1.0,0.5,0,0.157,0,0,0.0,0.0,0,0,0.054000000000000006,0.054000000000000006,0,0,0.054000000000000006,0.054000000000000006,0.0009400844573974609,0.5286960601806641
31fcd3bd8b3f0a9cd203d1e0767985e366ccfe28,1,1.0,1.0,0,0.131,0,0,0.0,0.0,0,0,0.0,0.0,0,0,0.0,0.0,0.0010120868682861328,0.3443739414215088
f13d18cff3f0932e727dda04bf80008fc2fbbc70,20,0.7763066202090592,0.85,0,0.8490000000000001,0,0,0.005,0.042,0,0,0.043000000000000003,0.6460000000000001,0,0,0.126,0.7530000000000002,0.0009331703186035156,0.4404270648956299
35c27d025beba1c1a26c6a4a101ef4e4602274cd,57,0.7534127673005604,0.8947368421052632,0,7.606000000000001,0,0,0.0,4.935,0,0,0.026000000000000002,5.4479999999999995,0,0,0.214,6.939000000000001,0.0010480880737304688,0.6969716548919678
f643b4fa939e89348618ddffae20a804f4461363,1,1.0,1.0,0,0.162,0,0,0.0,0.0,0,0,0.0,0.0,0,0,0.0,0.0,0.0009388923645019531,0.6434166431427002
7f7fa03eac02850550cb28f370a4d2adbb2295fb,57,0.759173045056419,0.9298245614035088,0,7.328000000000002,0,0,0.003,0.3470000000000001,0,0,0.028,1.048,0,0,0.178,7.118000000000002,0.0010390281677246094,0.3557419776916504
cdfb2aa1e1ae3029e5d73cb3b5ca90c7df222c8a,1,1.0,1.0,0,0.159,0,0,0.0,0.0,0,0,0.0,0.0,0,0,0.0,0.0,0.0009889602661132812,0.26669788360595703
bd5cc81ed7f91865aee7a5a7febeb237220d0c5a,33,0.7501795833665894,0.8787878787878788,1,1.045,0,1,0.0,0.143,0,1,0.011000000000000001,0.319,1,1,0.10300000000000001,0.969,0.0010318756103515625,0.49746203422546387
a9f350eb94eb9f165bb5dd13912fbde3eced2dbc,33,0.7235214302817465,0.9090909090909091,1,1.067,0,0,0.003,0.201,0,0,0.027,0.29000000000000004,1,1,0.117,0.41100000000000003,0.001001119613647461,0.4526689052581787
8c7687b9ffa8e95492a5b1c62618f8cfad34299d,1,1.0,0.0,0,0.051,0,0,0.0,0.0,0,0,0.0,0.0,0,0,0.0,0.0,0.0010449886322021484,0.44846510887145996
657704627b297a19a693645cf03c5c70ccd9a8bd,6,0.7142857142857144,0.5,0,0.211,0,0,0.019,0.022,0,0,0.062,0.14400000000000002,0,0,0.089,0.165,0.0010249614715576172,0.4820711612701416
855a5238558d87dd70c6195e12f167b5848808bb,57,0.7364317841079461,0.9473684210526315,0,7.369,0,0,0.002,0.6190000000000001,0,0,0.039999999999999994,5.585,0,0,0.206,7.218,0.0010848045349121094,0.3157780170440674
600eb9eb99dc5c03b047e3c81b49ee4769787c6a,57,0.7673479049948707,0.8596491228070176,0,7.545999999999999,0,0,0.003,0.304,0,0,0.046,6.328,0,0,0.22799999999999998,6.499,0.0010650157928466797,0.05512595176696777
363cbf7908cfcc6a538126bcccf5c955afda6aa1,1,1.0,1.0,0,0.059,0,0,0.0,0.0,0,0,0.0,0.0,0,0,0.0,0.0,0.0010559558868408203,0.264819860458374
c636539836ecb541d9ef71f2d347772cf9f6bc52,1,1.0,1.0,0,0.623,0,0,0.0,0.0,0,0,0.0,0.0,0,0,0.0,0.0,0.0010497570037841797,0.21421599388122559
7cf5e01c2a152a0b612cb19e02213879a57c14d2,1,1.0,1.0,0,0.272,0,0,0.0,0.0,0,0,0.0,0.0,0,0,0.0,0.0,0.0009899139404296875,0.34101104736328125
e8d861359ade336badcac3211e5aa447097479a6,1,1.0,1.0,0,0.068,0,0,0.0,0.0,0,0,0.0,0.0,0,0,0.0,0.0,0.0010330677032470703,0.25446105003356934
d0e2bfc46659025e6262b2e5de984a8359c9dada,50,0.7769132207338381,0.84,0,3.41,0,0,0.001,2.4779999999999998,0,0,0.029,2.619,0,0,0.14100000000000001,3.212,0.0011038780212402344,0.29354381561279297
7e605378202fe4e6c9f4aa6a10201b4205238710,47,0.7020156774916013,0.723404255319149,0,1.087,0,0,0.004,0.5960000000000001,0,0,0.048,0.9190000000000002,0,0,0.19699999999999998,0.999,0.0010671615600585938,0.4895341396331787
928e74f73f62f241c986f6ff609575e1d833413d,47,0.7277995520716686,0.9361702127659575,0,1.112,0,0,0.005,0.554,0,0,0.055,0.8120000000000002,0,0,0.22200000000000003,1.007,0.0010650157928466797,0.37535524368286133
044367419dd317eb9f9935d8360280b8b8695462,36,0.7308404294705665,0.8611111111111112,0,3.0089999999999995,0,0,0.0,0.137,0,0,0.012,2.3819999999999997,0,0,0.10200000000000001,2.4499999999999993,0.0010030269622802734,0.06687331199645996
bd7788b384a87024ddd6bbe6a9bd9a167cf2ec12,36,0.7736023694927804,0.6111111111111112,0,3.1599999999999993,0,0,0.002,0.074,0,0,0.017,2.3699999999999997,0,0,0.115,2.9959999999999996,0.0011439323425292969,0.2472059726715088
86a082e8be8c51f07079ded82d6d125c9efc1791,1,1.0,0.0,0,0.049,0,0,0.0,0.0,0,0,0.0,0.0,0,0,0.0,0.0,0.000982046127319336,0.03913569450378418
00bf35cdd92813881274a355a33e7e659f5eddaa,4,0.6666666666666666,1.0,0,0.356,0,0,0.049,0.172,0,0,0.10300000000000001,0.253,0,0,0.184,0.307,0.0010030269622802734,0.40422701835632324
ab25f67348d4885620df86497889c1826f013a73,1,1.0,1.0,0,0.065,0,0,0.0,0.0,0,0,0.0,0.0,0,0,0.0,0.0,0.0010368824005126953,0.4256908893585205
ebcef2d16a81bfe1a818a362fd03cb5063640003,59,0.7168779376157239,0.847457627118644,0,2.728,0,0,0.005,0.7540000000000001,0,0,0.05899999999999999,2.4159999999999995,0,0,0.22500000000000003,2.522,0.001093149185180664,0.6683189868927002
04a2a4b456c8448b9e63edbf5479d1fe745917ab,7,0.8428571428571429,0.7142857142857143,0,1.5030000000000001,0,0,0.0,0.012,0,0,0.018000000000000002,0.195,0,0,0.271,1.249,0.0010421276092529297,0.7577111721038818
07811434b773b6e1737fe7dd3775aeab8afb18b8,1,1.0,1.0,0,0.105,0,0,0.0,0.0,0,0,0.0,0.0,0,0,0.0,0.0,0.0010499954223632812,0.6550769805908203
b715d18f09591c510dded3a447a3ad1aacfa2173,4,0.9333333333333332,0.75,0,0.34600000000000003,0,0,0.048,0.051,0,0,0.099,0.099,0,0,0.18,0.265,0.0009930133819580078,0.42305684089660645
aaeb4c621a88facc673949003713d259ac67f0dd,1,1.0,1.0,0,0.168,0,0,0.0,0.0,0,0,0.0,0.0,0,0,0.0,0.0,0.00125885009765625,0.37664794921875
5bdf0a938adb384bfdb6cc494a2781e2ac33b0ea,1,1.0,1.0,0,0.16399999999999998,0,0,0.0,0.0,0,0,0.0,0.0,0,0,0.0,0.0,0.0009882450103759766,0.37097620964050293
ce1bd5785d05d3df324e1169aab4abd45f4281f7,33,0.7224040226674117,0.7878787878787878,0,0.741,0,0,0.010000000000000002,0.23500000000000004,0,0,0.068,0.338,0,0,0.20800000000000002,0.48700000000000004,0.0010828971862792969,0.36292600631713867
30c85ad05363767deeefee577063c2c432b971d4,2,0.8,1.0,0,0.211,0,0,0.0,0.0,0,0,0.08199999999999999,0.129,0,0,0.08199999999999999,0.129,0.0009911060333251953,0.25483202934265137
1661e5519c4836a5a940b13b7797263443156fc9,6,0.8241758241758241,0.8333333333333334,0,0.21900000000000003,0,0,0.0,0.027000000000000003,0,0,0.013,0.079,0,0,0.04,0.079,0.0010898113250732422,0.4732649326324463
954ade4c1ae2adc0aaac3a1dbe800495c519520c,2,1.0,1.0,0,0.14800000000000002,0,0,0.0,0.0,0,0,0.013,0.013,0,0,0.013,0.013,0.001062154769897461,0.5357589721679688
a64153a3710c5035988690f0acf57dd61b711cf4,25,0.8023529411764705,0.76,0,7.394,0,0,0.006,0.108,0,0,0.062,0.7220000000000002,0,0,0.20500000000000002,5.654,0.0010669231414794922,0.36767005920410156
a6443e146f825291308319c6a0f2eb82aa34f8c3,2,0.8,1.0,0,0.087,0,0,0.0,0.0,0,0,0.016,0.071,0,0,0.016,0.071,0.0010080337524414062,0.49597883224487305
4bd982d1a1df87724682c17c39bf27b5cbe389be,9,0.8105263157894735,0.7777777777777778,0,2.214,0,0,0.003,0.126,0,0,0.027,0.253,0,0,0.223,1.3230000000000002,0.001316070556640625,0.5505399703979492
8767cd4f1a6af07093c1e6c422dae8e574be7e5e,15,0.8201612903225808,0.9333333333333333,0,5.895,0,0,0.005,0.12400000000000001,0,0,0.091,1.408,0,0,0.853,2.574,0.0009946823120117188,0.4229729175567627
914844e1b226a1ac7ba45626ecfdfb56e7b2e263,1,1.0,1.0,0,0.078,0,0,0.0,0.0,0,0,0.0,0.0,0,0,0.0,0.0,0.0010428428649902344,0.7296047210693359
36b00f803a0b307c30f79378cd758323c242cc65,1,1.0,0.0,0,0.053,0,0,0.0,0.0,0,0,0.0,0.0,0,0,0.0,0.0,0.0010590553283691406,0.05182504653930664
44516f77ecd06aa818263ec31e150bab3edd956b,56,0.8076551999467698,0.75,0,7.101,0,0,0.001,0.24700000000000005,0,0,0.034999999999999996,5.1290000000000004,0,0,0.205,5.439000000000001,0.0014462471008300781,0.06372880935668945
98fa164cd88d126d0f137f5bcb4a1d180e0c2fc4,1,1.0,0.0,0,0.34,0,0,0.0,0.0,0,0,0.0,0.0,0,0,0.0,0.0,0.0012068748474121094,0.19881606101989746
c79e6fb8f95bb07d2394221b29b75fcc016f4900,1,1.0,1.0,0,0.047,0,0,0.0,0.0,0,0,0.0,0.0,0,0,0.0,0.0,0.0010707378387451172,0.3600423336029053
4670a941be92a55fbaaa3b4055d444e07ffcadb0,2,0.8,1.0,0,0.17400000000000002,0,0,0.0,0.0,0,0,0.036000000000000004,0.138,0,0,0.036000000000000004,0.138,0.0009970664978027344,0.3801290988922119
6597c196521af500feef7a02610727eafa7ec1dc,4,0.6666666666666666,0.5,0,0.134,0,0,0.001,0.063,0,0,0.021,0.113,0,0,0.07100000000000001,0.133,0.0012068748474121094,0.3127570152282715
cde4c529034e182a982fd842252ec410d213c34c,13,0.6764346764346765,0.6923076923076923,0,0.353,0,0,0.004,0.099,0,0,0.02,0.23300000000000004,0,0,0.059,0.32199999999999995,0.0010442733764648438,0.5451979637145996
b5f5449cf338376d12404d0190054525987f4276,13,0.7289377289377289,0.6923076923076923,0,0.339,0,0,0.003,0.08499999999999999,0,0,0.019000000000000003,0.178,0,0,0.055,0.324,0.0010592937469482422,0.35922813415527344
721a6e59f7e4f5c0f3196d3eb0e81cab5e41d065,1,1.0,0.0,0,0.044,0,0,0.0,0.0,0,0,0.0,0.0,0,0,0.0,0.0,0.0009777545928955078,0.29527878761291504
c7c424fb9c3a39b6ea036242e44cdca324f7d104,1,1.0,0.0,0,0.052000000000000005,0,0,0.0,0.0,0,0,0.0,0.0,0,0,0.0,0.0,0.0009789466857910156,0.5050201416015625
a0f9db28319f45feb56982d21239fed451b6c3ef,47,0.7248600223964164,0.8085106382978723,0,1.1279999999999992,0,0,0.008,0.65,0,0,0.06099999999999999,0.8270000000000002,0,0,0.21200000000000002,0.998,0.0010418891906738281,0.346754789352417
0f5c769e0c27a5f31a3451aa7372048bed08e9f7,55,0.733836433836434,0.9090909090909091,0,6.9879999999999995,0,0,0.002,1.342,0,0,0.033,1.4739999999999995,0,0,0.19599999999999998,2.094,0.0011410713195800781,0.5575122833251953
7337507a796ed6717feb87f4e9829467872c1741,1,1.0,0.0,0,0.071,0,0,0.0,0.0,0,0,0.0,0.0,0,0,0.0,0.0,0.0010709762573242188,0.24272823333740234
a8f41ec97d139f5d0d7cf161e8484f2bb809facc,13,0.7997557997557998,0.6153846153846154,0,0.364,0,0,0.001,0.14200000000000002,0,0,0.018,0.16400000000000003,0,0,0.054,0.254,0.0010759830474853516,0.3644847869873047
0181c8059c081d144cad36d003379bd50fcd9da7,1,1.0,1.0,0,0.076,0,0,0.0,0.0,0,0,0.0,0.0,0,0,0.0,0.0,0.001033782958984375,0.06950187683105469
66f8569ecc8173d61b7d182f4da0223ae7dbda38,1,1.0,0.0,0,0.04,0,0,0.0,0.0,0,0,0.0,0.0,0,0,0.0,0.0,0.0010669231414794922,0.44193315505981445
12e597a78cbf9d82414b944a5b285d81a2e27e51,13,0.73992673992674,0.7692307692307693,0,0.403,0,0,0.005,0.17,0,0,0.024,0.19200000000000003,0,0,0.065,0.279,0.0009908676147460938,0.31744980812072754
b45435c950e6f6864671bdffde29e26cdc8ce15b,13,0.868131868131868,0.8461538461538461,0,0.45100000000000007,0,0,0.003,0.031,0,0,0.027000000000000003,0.038,0,0,0.07200000000000001,0.264,0.0012149810791015625,0.36496710777282715
05bf337fc0095d2557368b481f332245f5754b03,55,0.7352404352404355,0.8545454545454545,0,7.1419999999999995,0,0,0.0,0.7560000000000001,0,0,0.024999999999999998,6.891,0,0,0.178,6.998999999999999,0.0010209083557128906,0.22950410842895508
5482ce61b003726a9476c76a4337e043af4318c0,1,1.0,1.0,0,0.07400000000000001,0,0,0.0,0.0,0,0,0.0,0.0,0,0,0.0,0.0,0.0010399818420410156,0.5172247886657715
31a9fa0cce769c976d74cdcb6e6ce8831793db7b,1,1.0,1.0,0,0.08800000000000001,0,0,0.0,0.0,0,0,0.0,0.0,0,0,0.0,0.0,0.0010497570037841797,0.566115140914917
6b9c3315885f8f9e4be19db9ef05257035b97bca,55,0.7319585819585821,0.8727272727272727,0,7.154000000000001,0,0,0.0,0.197,0,0,0.034,0.922,0,0,0.19199999999999998,2.112,0.0010139942169189453,0.42415523529052734
3ce7f9eecfacbf3de716a8338ad4929371a66ca2,55,0.7190417690417692,0.8909090909090909,0,7.244000000000001,0,0,0.003,5.565,0,0,0.037,5.8210000000000015,0,0,0.222,7.031000000000001,0.0010249614715576172,0.35497283935546875
4282efae5f4ab456cef3acac5574f13f4f450b9e,55,0.8002808002808004,0.8727272727272727,0,7.171999999999998,0,0,0.0,4.871,0,0,0.025,4.989999999999999,0,0,0.20199999999999999,5.673999999999999,0.0010149478912353516,0.3956308364868164
ba7c788042ce0f4e156b6900d3d698e47aef5a4d,6,0.8571428571428572,0.8333333333333334,0,0.22700000000000004,0,0,0.006,0.006,0,0,0.024,0.044000000000000004,0,0,0.034,0.20900000000000002,0.000988006591796875,0.4324500560760498
4259a706ab8641f408afc3ce224b1c0ba5a43d17,5,0.9454545454545454,0.8,0,0.8829999999999999,0,0,0.005,0.03,0,0,0.01,0.034999999999999996,0,0,0.04,0.039999999999999994,0.001062154769897461,0.5046091079711914
e9610ccf30f657e247997242af68e113cc4ba231,13,0.9145299145299147,0.6153846153846154,0,0.43000000000000005,0,0,0.006,0.024,0,0,0.028000000000000004,0.095,0,0,0.069,0.11500000000000002,0.0009992122650146484,0.5018632411956787
9fe11e688e3562264350dcdd02730276ea233ed4,55,0.7457528957528958,0.9272727272727272,0,7.081,0,0,0.002,5.0249999999999995,0,0,0.024,5.623000000000001,0,0,0.172,6.988,0.0011699199676513672,0.5768280029296875
b521820b23c45fd068618d10955eceed48801eff,13,0.8119658119658121,0.8461538461538461,0,0.36900000000000005,0,0,0.003,0.105,0,0,0.018000000000000002,0.195,0,0,0.051000000000000004,0.29000000000000004,0.0010547637939453125,0.6184892654418945
bf80b9e2803aa277047951a7251267bfb7097c3b,55,0.7693752193752195,0.9272727272727272,0,7.064000000000001,0,0,0.0,0.29800000000000004,0,0,0.03,0.537,0,0,0.20299999999999999,5.468000000000001,0.0010800361633300781,0.36844778060913086
661d16d190708a1a396d8b75ba10738e4574c11d,25,0.8215384615384616,0.96,0,2.5460000000000003,0,0,0.0,0.022000000000000002,0,0,0.006,0.029,0,0,0.029000000000000005,0.154,0.0010859966278076172,0.6960289478302002
3c2673e82d33b6c9bef3005a896e5b0d52b108dd,1,1.0,0.0,0,0.045,0,0,0.0,0.0,0,0,0.0,0.0,0,0,0.0,0.0,0.001068115234375,0.393740177154541
e423b0bc2dea4167ad98fffc1afd9243ba73aad6,1,1.0,0.0,0,0.058,0,0,0.0,0.0,0,0,0.0,0.0,0,0,0.0,0.0,0.0011417865753173828,0.47792887687683105
6bc8650ed456810d600feea4b80a665fb5895832,26,0.8016448959845187,0.7692307692307693,0,0.945,0,0,0.003,0.082,0,0,0.027000000000000003,0.127,0,0,0.078,0.28700000000000003,0.0011188983917236328,0.33570098876953125
1731949116a7278f2b729cbb9e505580c8f56980,1,1.0,1.0,0,0.111,0,0,0.0,0.0,0,0,0.0,0.0,0,0,0.0,0.0,0.0009851455688476562,0.5445058345794678
99900ae089cf996bc969f0673349c06c2e6fbf1d,1,1.0,0.0,0,0.084,0,0,0.0,0.0,0,0,0.0,0.0,0,0,0.0,0.0,0.0010488033294677734,0.20933294296264648
844cd4298e46027ba1201df4eceb2dcaa5c1bb26,68,0.8116470961599495,0.8382352941176471,0,9.619,0,0,0.0,4.986,0,0,0.007,5.048,0,0,0.133,5.8389999999999995,0.0010941028594970703,0.3084299564361572
f4ee399e31eb61741f5f2167d6af8f49c0e991b6,55,0.6775359775359777,0.9090909090909091,0,7.125000000000002,0,0,0.0,6.4670000000000005,0,0,0.023,6.855000000000001,0,0,0.192,6.953000000000001,0.0010213851928710938,0.6043353080749512
811dbe7226ba0ede04c2062c2dba8f72a1c03e58,55,0.732888732888733,0.9272727272727272,0,7.005999999999999,0,0,0.001,0.22300000000000003,0,0,0.037,6.172000000000001,0,0,0.193,6.891000000000001,0.0010221004486083984,0.9014768600463867
1a20867d01ef8ee5b32b0620125b7c38a10b80c5,3,0.7142857142857142,0.3333333333333333,0,0.07900000000000001,0,0,0.0,0.0,0,0,0.009000000000000001,0.049,0,0,0.030000000000000002,0.07,0.0011069774627685547,0.33245301246643066
4a300fee2ef1c03902d0fb25ceb02aa01d0fab46,1,1.0,0.0,0,0.05,0,0,0.0,0.0,0,0,0.0,0.0,0,0,0.0,0.0,0.0009980201721191406,0.04983091354370117
54c3daaf17f90b273cfd3dc17dac91c9e65d7b17,55,0.7693225693225694,0.6,0,7.353000000000001,0,0,0.0,0.193,0,0,0.028,0.48800000000000004,0,0,0.19599999999999998,5.319,0.0010738372802734375,0.37999725341796875
b06f13ff0ef8655de1a4f9976f7a9ccf2ca76724,70,0.7182841731238494,0.8714285714285714,0,7.647,0,0,0.0,0.271,0,0,0.02,2.535999999999999,0,0,0.14400000000000002,2.8229999999999995,0.0010612010955810547,0.23265695571899414
30d4070af9fc623cf9723510bb46d1a19fcb5930,70,0.7259642964167987,0.9428571428571428,0,7.529999999999999,0,0,0.0,0.659,0,0,0.021,5.835,0,0,0.15100000000000002,6.909000000000001,0.00109100341796875,0.372326135635376
3c89994355f3574078c832b2dcacba0e65e87ed1,9,0.8456140350877192,0.8888888888888888,0,2.366,0,0,0.006,0.961,0,0,0.029,1.103,0,0,0.256,1.263,0.0010218620300292969,0.7605340480804443
d547412bbd2a1ca56769a2bfa13b7ed9547310ca,9,0.7228070175438597,0.8888888888888888,0,2.33,0,0,0.002,1.0419999999999998,0,0,0.024,1.2109999999999996,0,0,0.28700000000000003,2.0249999999999995,0.001081228256225586,0.4812479019165039
d3146a545612422d3f8078f10afa00342b327199,9,0.7298245614035088,0.7777777777777778,0,2.266,0,0,0.006,0.281,0,0,0.032,0.30700000000000005,0,0,0.313,1.5310000000000001,0.001027822494506836,0.049825191497802734
8f54030347e31e0b1492fe874a1f1b67b89b836a,9,0.7298245614035086,0.8888888888888888,0,2.366,0,0,0.008,0.257,0,0,0.034,2.128,0,0,0.29100000000000004,2.136,0.0010309219360351562,0.3723759651184082
f059e5f7fa1ac4a906b5d2e18d72d410bf28fa2d,9,0.8701754385964913,0.7777777777777778,0,2.141,0,0,0.005,0.13,0,0,0.026000000000000002,0.28600000000000003,0,0,0.228,1.4200000000000002,0.001065969467163086,0.7573580741882324
dfecbe970917754511a081f8b86efac211e624f6,9,0.8245614035087719,1.0,0,2.439,0,0,0.006,0.15400000000000003,0,0,0.026000000000000002,0.337,0,0,0.20900000000000002,0.343,0.0011930465698242188,0.4215078353881836
fb4803623b8f089a8dfd265a68461f4283e7ffad,9,0.9333333333333332,0.7777777777777778,0,2.307,0,0,0.005,0.08700000000000001,0,0,0.028,0.268,0,0,0.267,0.29100000000000004,0.0009899139404296875,0.04573798179626465
c82b1f062af2a1a376e514020707597f6ed1f82d,4,0.7000000000000001,0.75,0,0.224,0,0,0.013,0.108,0,0,0.055,0.15,0,0,0.11599999999999999,0.211,0.001051187515258789,0.3797280788421631
5a52446090a67b9b04b67a0b7aec94e73bd21930,1,1.0,1.0,0,0.156,0,0,0.0,0.0,0,0,0.0,0.0,0,0,0.0,0.0,0.0010349750518798828,0.3696291446685791
9f7d03f09172afcf0a7be40e3262d151ef053b3c,15,0.6943548387096774,0.7333333333333333,0,5.2669999999999995,0,0,0.003,3.25,0,0,0.081,4.5649999999999995,0,0,0.776,4.77,0.0009920597076416016,0.20717215538024902
82cc24437f43d07880d8883229477735431e5d02,47,0.7590145576707725,0.8085106382978723,0,1.4509999999999996,0,0,0.006,0.886,0,0,0.069,1.026,0,0,0.251,1.2760000000000002,0.0010159015655517578,0.28266191482543945
52d6e24d19465e6f468839650c969d5931f66d65,60,0.7342094567131828,0.8833333333333333,0,11.029999999999996,0,0,0.003,0.7460000000000001,0,0,0.041,4.216999999999999,0,0,0.259,10.13,0.0010561943054199219,0.3712780475616455
ff6b0ada72106d67aef1ee21d51bacac2f3af7ac,79,0.7871029376641985,0.8607594936708861,0,5.281999999999999,0,0,0.0,1.1209999999999998,0,0,0.037000000000000005,3.584999999999999,0,0,0.199,4.806,0.0010268688201904297,0.5572071075439453
8147cc5b3de5fa7a3a3e8116355efa44367dc3c5,25,0.6952036199095022,0.92,0,2.661,0,0,0.001,0.138,0,0,0.008,2.601,0,0,0.029,2.633,0.0012919902801513672,0.26642584800720215
859224ffadb79147088840732236c1fad341d842,25,0.8206334841628957,0.8,0,2.65,0,0,0.0,0.027,0,0,0.005,0.08099999999999999,0,0,0.042,2.518,0.001010894775390625,0.42391514778137207
46007c151e4cd79891eed4d289ff372ba39d5b8c,5,0.8545454545454545,0.6,0,0.134,0,0,0.0,0.016,0,0,0.016,0.035,0,0,0.035,0.092,0.001050710678100586,0.3003368377685547
314b6b56bec4af56dba667d66a25c1613f4bc800,3,0.7857142857142856,0.3333333333333333,2,0.121,0,0,0.0,0.0,2,0,0.056,0.011,2,0,0.067,0.065,0.0010488033294677734,0.48599910736083984
8cafd87c83f4197f7e8d14de8cba453c844266c0,3,0.9285714285714285,0.6666666666666666,0,0.101,0,0,0.0,0.0,0,0,0.009000000000000001,0.009000000000000001,0,0,0.051000000000000004,0.059000000000000004,0.0010259151458740234,0.4301300048828125
d5be24a12668a94712247d31f06ef7d416b8118c,4,0.7666666666666666,0.25,0,0.253,0,0,0.017,0.095,0,0,0.064,0.112,0,0,0.158,0.20600000000000002,0.0009868144989013672,0.5457761287689209
a060733e63a9cc476342ca190d04ad027a241d33,3,0.7857142857142856,0.6666666666666666,0,0.115,0,0,0.0,0.0,0,0,0.028,0.054000000000000006,0,0,0.061,0.082,0.0010409355163574219,0.6006181240081787
ece2f255eed8ad9eff6e236152de65e804c6adb5,1,1.0,1.0,0,0.111,0,0,0.0,0.0,0,0,0.0,0.0,0,0,0.0,0.0,0.001068115234375,0.25910496711730957
9766e22b42b7b3f3923cb9c2502dfc2dd5d0a5b0,1,1.0,1.0,0,0.103,0,0,0.0,0.0,0,0,0.0,0.0,0,0,0.0,0.0,0.001004934310913086,0.3075370788574219
6d74e8f83e96f536cbbad98cd4fe6fbd1cd67663,55,0.7602141102141103,0.9090909090909091,0,7.017000000000001,0,0,0.001,1.107,0,0,0.027,6.758,0,0,0.178,6.859,0.001009225845336914,0.4666709899902344
9b3257e4d1a63e0a4d971a331eaf7b9a08d98040,55,0.7224640224640224,0.8909090909090909,0,7.096000000000001,0,0,0.002,0.18600000000000003,0,0,0.036,6.175000000000001,0,0,0.221,6.721000000000001,0.0010161399841308594,0.5324926376342773
610caab590fe224c02c8f509431f6428fe8e1063,55,0.8085644085644088,0.9272727272727272,0,7.409,0,0,0.0,0.164,0,0,0.02,0.227,0,0,0.16599999999999998,1.9699999999999998,0.0010700225830078125,0.04502391815185547
af323712479ba1e2a5b8e519030d021915228c48,1,1.0,1.0,0,0.103,0,0,0.0,0.0,0,0,0.0,0.0,0,0,0.0,0.0,0.0010459423065185547,0.32016682624816895
7ddfc8ae1c4d712b0e52d2595b36743700940873,55,0.7777465777465777,0.8909090909090909,0,7.207,0,0,0.0,1.3479999999999996,0,0,0.039,1.5849999999999995,0,0,0.22,6.628,0.0010151863098144531,0.31072998046875
1375e931d7c7e6de8b297378fc296029d476d7e8,5,0.6909090909090908,1.0,0,0.191,0,0,0.015,0.113,0,0,0.034,0.137,0,0,0.054000000000000006,0.15200000000000002,0.001026153564453125,0.4493999481201172
776b86e99a1ce18a5093db457109807b766d49c1,9,0.8491228070175437,0.6666666666666666,0,0.196,0,0,0.0,0.027,0,0,0.011,0.031,0,0,0.039,0.114,0.0010528564453125,0.3815178871154785
e1bc286245ce5f798b5312d65bba64c71921a3f4,9,0.894736842105263,0.5555555555555556,0,0.22000000000000003,0,0,0.002,0.006,0,0,0.016,0.039,0,0,0.049,0.097,0.0009951591491699219,0.4445948600769043
585b1cb97b4b9e81b55d68e04b6c1e1195058a8f,3,0.7857142857142856,1.0,0,0.138,0,0,0.0,0.0,0,0,0.002,0.006,0,0,0.008,0.136,0.00101470947265625,0.4672720432281494
5a87fa172eb1368fe413af34511d1eb3f2674a9f,12,0.7215384615384615,0.75,0,0.24700000000000003,0,0,0.001,0.167,0,0,0.01,0.203,0,0,0.052000000000000005,0.20700000000000002,0.000993967056274414,0.04518294334411621
7587431987258e94748d5f2fda1e6ca049a21600,1,1.0,1.0,0,0.066,0,0,0.0,0.0,0,0,0.0,0.0,0,0,0.0,0.0,0.0010886192321777344,0.0617828369140625
53def501409cd1f9e20ac43edba6f2949bb366c8,1,1.0,0.0,0,0.059,0,0,0.0,0.0,0,0,0.0,0.0,0,0,0.0,0.0,0.0010848045349121094,0.4082961082458496
7c19a1ff4c217f03c0be62baf1169d689f566825,1,1.0,0.0,0,0.047,0,0,0.0,0.0,0,0,0.0,0.0,0,0,0.0,0.0,0.000982046127319336,0.6888070106506348
8019416d8197df8881788f889edfcf2ad45c4bf8,21,0.7861673210510419,1.0,0,3.1919999999999993,0,0,0.0,0.007,0,0,0.003,2.3419999999999996,0,0,0.021,2.3789999999999996,0.0012700557708740234,0.5307321548461914
ebe7bb58a541bf397333f466d412e617266ee5aa,3,0.7857142857142856,1.0,0,0.199,0,0,0.0,0.0,0,0,0.0,0.079,0,0,0.079,0.199,0.0010890960693359375,0.35323309898376465
ef3015cc99f7bd51862c1d95014e8332d24c2341,55,0.8401719901719902,0.8909090909090909,0,7.259999999999999,0,0,0.0,0.13,0,0,0.019,0.188,0,0,0.16299999999999998,1.631,0.0010671615600585938,0.713881254196167
6a688cf36e23aded8c9796b786e92144cb4a5830,26,0.7118206740848251,0.8076923076923077,0,0.43,0,0,0.003,0.062,0,0,0.033,0.259,0,0,0.109,0.387,0.0010030269622802734,0.3026909828186035
8cfc1b1207577943d412789765a3a2085f1b3036,1,1.0,0.0,0,0.041,0,0,0.0,0.0,0,0,0.0,0.0,0,0,0.0,0.0,0.0010020732879638672,0.29364895820617676
577f7b3b5462fdf84c0956a3bec5296bf7821677,1,1.0,0.0,0,0.037000000000000005,0,0,0.0,0.0,0,0,0.0,0.0,0,0,0.0,0.0,0.0009808540344238281,0.3055539131164551
65b08c4f91a4e5d78eb645b46d06d7a46f8c62dd,1,1.0,1.0,0,0.098,0,0,0.0,0.0,0,0,0.0,0.0,0,0,0.0,0.0,0.0009729862213134766,0.04510998725891113
fa91c1b28647bd4217b0c325249aff9638fbeb6a,3,0.9285714285714285,0.3333333333333333,0,0.065,0,0,0.0,0.0,0,0,0.0,0.0,0,0,0.017,0.048,0.0011031627655029297,0.5338029861450195
1da8ccdbfe2faa3e6801fe44eaf3c336aab48bec,138,0.7187695142896829,0.7536231884057971,0,13.636000000000001,0,0,0.0,1.477,0,0,0.011000000000000003,2.646,0,0,0.10900000000000004,3.323,0.0010762214660644531,0.30057692527770996
8a8b8ec8d244b18eeaf651d0ea6e84db579e7d92,24,0.7567346938775511,0.7083333333333334,0,5.7909999999999995,0,0,0.004,3.799,0,0,0.039,4.078,0,0,0.525,5.6419999999999995,0.0010073184967041016,0.299422025680542
3a818ed6a833f083a2db9bb6804c1bdb43b9b0ec,73,0.7795147677730846,0.8904109589041096,0,7.039999999999999,0,0,0.0,1.7939999999999998,0,0,0.037,2.4649999999999994,0,0,0.263,4.202999999999999,0.001094818115234375,0.36532020568847656
309b34f0573d0ec593c17008e8ef4151dfc35a12,83,0.7967679099632058,0.9036144578313253,0,13.639000000000001,0,0,0.0,0.16100000000000003,0,0,0.037000000000000005,1.706,0,0,0.29200000000000004,4.973000000000001,0.0010428428649902344,0.6197612285614014
0344ca3f2d43e3732bf16370262303be8761a523,1,1.0,1.0,0,0.131,0,0,0.0,0.0,0,0,0.0,0.0,0,0,0.0,0.0,0.0009860992431640625,0.06258392333984375
c68285bb3392665827595ac408a5fad828b0351f,1,1.0,1.0,0,0.133,0,0,0.0,0.0,0,0,0.0,0.0,0,0,0.0,0.0,0.0010101795196533203,0.46626877784729004
21bab1d3a0b48c37592686fed7e1b2025fbf78aa,142,0.7341630941334422,0.9084507042253521,0,14.898,0,0,0.0,4.053999999999999,0,0,0.001,4.18,0,0,0.089,8.940999999999999,0.001306772232055664,0.4668102264404297
ad648cf8a8a90bdee129266ca7b686a5b9a87561,60,0.7404010296707767,0.9166666666666666,0,7.096,0,0,0.001,5.012999999999999,0,0,0.03,6.234,0,0,0.18500000000000003,6.447,0.0010180473327636719,0.28348803520202637
18e692478dcf91fdceb9b9fdca7c61a1111d63aa,1,1.0,0.0,0,0.041,0,0,0.0,0.0,0,0,0.0,0.0,0,0,0.0,0.0,0.0010409355163574219,0.061257123947143555
5ffb662019501692112fbebf15d92d01c17f1322,1,1.0,0.0,0,0.067,0,0,0.0,0.0,0,0,0.0,0.0,0,0,0.0,0.0,0.0011169910430908203,0.5800833702087402
a37d19eb45d76cd6ab4e2c8fa9fc156bf7be97db,6,0.8241758241758241,0.3333333333333333,0,0.275,0,0,0.01,0.015,0,0,0.036,0.208,0,0,0.052,0.248,0.0009849071502685547,0.67348313331604
1571050a196198f336ae487ee3b6df629d3ee9da,108,0.7979772356806984,0.8148148148148148,0,12.44,0,0,0.0,2.6889999999999996,0,0,0.016,9.264,0,0,0.188,10.571,0.0011169910430908203,0.4865241050720215
f2d8493ac44995170ff84bb895e3a73e0127cc68,1,1.0,1.0,0,0.14,0,0,0.0,0.0,0,0,0.0,0.0,0,0,0.0,0.0,0.0009810924530029297,0.5685381889343262
daeed97201c060563c9509e7d63b23094cb31664,1,1.0,1.0,0,0.124,0,0,0.0,0.0,0,0,0.0,0.0,0,0,0.0,0.0,0.0009899139404296875,0.7648460865020752
cc94767e7eabdfcf9d1cab1d8d1d8556864394c6,5,0.8363636363636362,0.8,0,4.9239999999999995,0,0,0.015,0.063,0,0,0.04,0.108,0,0,0.08499999999999999,0.123,0.0010478496551513672,0.32155394554138184
d6ad3f01574b839670d4ea5cf82a601eee7e0c16,8,0.7401960784313726,0.5,0,1.4219999999999997,0,0,0.019000000000000003,0.123,0,0,0.05500000000000001,0.176,0,0,0.195,1.403,0.0009846687316894531,0.5199391841888428
3e08af573f8b50da5202f55df62c925f88a47f3d,19,0.731578947368421,0.7368421052631579,0,0.427,0,0,0.003,0.075,0,0,0.040999999999999995,0.195,0,0,0.138,0.30800000000000005,0.001049041748046875,0.25286865234375
a2dce32cdab108e7e281dfc27dd0a394e1419ce1,1,1.0,1.0,0,0.107,0,0,0.0,0.0,0,0,0.0,0.0,0,0,0.0,0.0,0.000978231430053711,0.33238887786865234
fdf05fa29babe21e64f9a5b268dc8406d449d4f1,1,1.0,0.0,0,0.075,0,0,0.0,0.0,0,0,0.0,0.0,0,0,0.0,0.0,0.0011937618255615234,0.4610259532928467
ff4967536b75fb18d048cc2a505f68835987d155,26,0.7350427350427351,0.6923076923076923,0,1.5959999999999996,0,0,0.016,0.066,0,0,0.09,0.30900000000000005,0,0,0.24,1.462,0.0009949207305908203,0.3759298324584961
7076b7408f06bc8a277f58e7bb6c2ec3372d5d6f,2,1.0,0.5,0,0.107,0,0,0.0,0.0,0,0,0.004,0.004,0,0,0.004,0.004,0.0011458396911621094,0.05291485786437988
c7554151d3f695718a5bd431e22c7f4c39a0b261,1,1.0,1.0,0,0.07200000000000001,0,0,0.0,0.0,0,0,0.0,0.0,0,0,0.0,0.0,0.0012390613555908203,0.37005090713500977
ae862ae116f2056421ab8d6e997e7b64a95828a5,1,1.0,1.0,0,0.081,0,0,0.0,0.0,0,0,0.0,0.0,0,0,0.0,0.0,0.0009860992431640625,0.25279712677001953
d65b9d2bed09847ef28b9ceb30c9f8a96e0c12fe,1,1.0,0.0,0,0.051,0,0,0.0,0.0,0,0,0.0,0.0,0,0,0.0,0.0,0.0012240409851074219,0.06787800788879395
36217ee164239391c672fdfc8f5bd080beab5c4b,1,1.0,0.0,0,0.779,0,0,0.0,0.0,0,0,0.0,0.0,0,0,0.0,0.0,0.0010530948638916016,0.6638872623443604
cc6beb2d05347fba64d933906ae2b712b1a43302,7,0.7642857142857142,1.0,0,0.162,0,0,0.0,0.022,0,0,0.008,0.062,0,0,0.039,0.066,0.0009949207305908203,0.3216288089752197
44854912194177d67cdfa1dc765ba684eb013a4c,15,0.7370967741935484,0.9333333333333333,0,5.55,0,0,0.003,0.6000000000000001,0,0,0.099,1.663,0,0,0.8579999999999999,2.752,0.0010731220245361328,1.062002182006836
fd60085a2a3891ab6db46dd3b75e9dd67a7c734a,15,0.8620967741935485,0.8,0,5.640000000000001,0,0,0.004,2.834,0,0,0.088,2.987,0,0,0.809,3.759,0.0010542869567871094,0.03854012489318848
f4bfd9c71f51fb541d0fd203f0df2e609632dc62,15,0.7709677419354839,0.5333333333333333,0,5.731,0,0,0.003,0.732,0,0,0.075,4.605,0,0,0.851,5.4750000000000005,0.0010249614715576172,0.3909728527069092
3b6867fc25b5dbf27925fdced660553ea8289dda,15,0.8306451612903227,0.8,0,5.4430000000000005,0,0,0.004,0.196,0,0,0.08499999999999999,0.8740000000000001,0,0,0.8220000000000001,1.3330000000000002,0.0010421276092529297,0.40406298637390137
ed94e5a5cce33af89dc1b1475204734b17f64bb0,15,0.7645161290322582,0.9333333333333333,0,5.392,0,0,0.003,2.857,0,0,0.087,3.236,0,0,0.7710000000000001,4.118,0.0009961128234863281,0.45639586448669434
0726ffe1e9e923b678db5484ff0055b0f63d81e8,15,0.7620967741935483,0.8666666666666667,0,5.978000000000001,0,0,0.006,4.039,0,0,0.094,4.611999999999999,0,0,0.902,5.263,0.0010578632354736328,0.2772350311279297
87eff4c78fac85c1b5f2309887f6be5fa2972537,1,1.0,1.0,0,0.6990000000000001,0,0,0.0,0.0,0,0,0.0,0.0,0,0,0.0,0.0,0.0009829998016357422,0.2570788860321045
732ea5e94fdf8fef42b5c21d001983fb24d2842a,1,1.0,0.0,0,0.059,0,0,0.0,0.0,0,0,0.0,0.0,0,0,0.0,0.0,0.000982046127319336,0.5215480327606201
09d70ce73dd37544c92621eecb7faf062fccbd5b,1,1.0,1.0,0,0.8059999999999999,0,0,0.0,0.0,0,0,0.0,0.0,0,0,0.0,0.0,0.0010311603546142578,0.4311699867248535
15d5503215a4cd1efc1ae6659d82194a22ebee9b,16,0.7446524064171123,0.8125,0,5.711,0,0,0.01,1.2280000000000002,0,0,0.16300000000000003,2.069,0,0,0.9400000000000001,5.019,0.0009877681732177734,0.06772899627685547
1dbfaeecbd104a6edae43fcd3350c06a7cb51146,16,0.8435828877005346,0.625,0,5.6690000000000005,0,0,0.008,0.764,0,0,0.131,0.9,0,0,0.8200000000000001,5.15,0.0010750293731689453,0.5351018905639648
1e9e36640f762d29c07d8322c361ece163b179fb,2,0.8,0.5,0,0.097,0,0,0.0,0.0,0,0,0.0,0.097,0,0,0.0,0.097,0.0009851455688476562,0.05045914649963379
c56b87d6efe530590b6d9a07e41ca00af208ce37,4,0.8666666666666667,0.5,0,5.131,0,0,0.024,0.247,0,0,0.093,0.316,0,0,0.33999999999999997,0.34,0.0009942054748535156,0.5288238525390625
0f32b292c2c86776f7ce3e47105c16359e0fe5a4,4,0.7999999999999999,0.75,0,5.071,0,0,0.019,4.794,0,0,0.067,4.813,0,0,0.277,4.861,0.0010528564453125,0.24078917503356934
07f3694a5c85ff5ee8c556817c0d2ea3504f26f7,4,0.7000000000000001,0.75,0,4.8870000000000005,0,0,0.011,4.769,0,0,0.038000000000000006,4.849,0,0,0.11800000000000001,4.86,0.0009739398956298828,0.38266491889953613
5cb988334179b4f04a27c59c1e6a888db0dbfc9c,55,0.7919094419094422,0.9454545454545454,0,7.509000000000001,0,0,0.0,0.152,0,0,0.019999999999999997,0.9750000000000001,0,0,0.16999999999999998,5.839000000000001,0.0010707378387451172,0.053649187088012695
713c77ceda21d0c3cc9c213341259d64fb46fdc7,37,0.6677098150782361,0.5405405405405406,0,2.8670000000000004,0,0,0.0,0.20199999999999999,0,0,0.004,0.239,0,0,0.099,2.771,0.001032114028930664,0.39623093605041504
0dc5b94a0d098c4474dee9f2c7d74818c9a7faee,5,0.9454545454545454,0.4,0,0.196,0,0,0.016,0.02,0,0,0.036000000000000004,0.041,0,0,0.05700000000000001,0.057,0.0009911060333251953,0.2753112316131592
ae924788d9b222beefa1723b3d704975fc4e877a,19,0.8129554655870442,0.8421052631578947,0,0.5519999999999999,0,0,0.009000000000000001,0.054,0,0,0.05,0.15600000000000003,0,0,0.135,0.39,0.0010061264038085938,0.6364636421203613
729bcc46b503c1574c7c93a65e902f436b4ec6ec,2,0.8,0.5,0,0.096,0,0,0.0,0.0,0,0,0.0,0.096,0,0,0.0,0.096,0.0009899139404296875,0.2731142044067383
1f0dfc31b51a445eb2cfbee5321800cf51e10b67,14,0.8236453201970441,0.7857142857142857,0,9.524000000000001,0,0,0.028999999999999998,2.908,0,0,0.192,3.985,0,0,0.378,8.855,0.0009920597076416016,0.05423903465270996
88654b79c92386b7c411f064cc373e7698a49449,92,0.7490277093362645,0.5,0,14.026,0,0,0.004,6.135,0,0,0.048000000000000015,10.466000000000001,0,0,0.2780000000000001,10.96,0.00125885009765625,0.37549304962158203
6ea2fc8d38e035bafaa92c7d3b007be38c2e9000,21,0.6747206282090004,0.9523809523809523,0,3.355,0,0,0.0,2.3390000000000004,0,0,0.008,3.1790000000000007,0,0,0.032,3.295000000000001,0.0009951591491699219,0.6421911716461182
f0930aa1512a408635d2286c01d49523b1234db7,21,0.7789187556629418,0.9523809523809523,0,3.2769999999999997,0,0,0.002,2.5090000000000003,0,0,0.008,2.517,0,0,0.03,3.2059999999999995,0.0010302066802978516,0.23390817642211914
be3638eb477a8635f647c9a4fefdce7ca2e2408a,69,0.7331784262031367,0.9130434782608695,0,9.770999999999999,0,0,0.002,0.233,0,0,0.026,1.039,0,0,0.15900000000000003,6.0040000000000004,0.0010869503021240234,0.05246710777282715
6276d0f8441fec3b4a94d6f3aaaa0024b85e2317,21,0.7402597402597404,0.2857142857142857,0,3.181999999999999,0,0,0.0,0.647,0,0,0.006,0.708,0,0,0.027000000000000003,3.0349999999999997,0.0010821819305419922,0.4125380516052246
95fce758b0e12837869cae450d8029d7237b0dbb,1,1.0,0.0,0,0.068,0,0,0.0,0.0,0,0,0.0,0.0,0,0,0.0,0.0,0.0009770393371582031,0.25112080574035645
6ce88517b3af6d48c979b6e984889b69c044561c,1,1.0,0.0,0,0.062,0,0,0.0,0.0,0,0,0.0,0.0,0,0,0.0,0.0,0.000988006591796875,0.4653501510620117
b52c69b1b0ba1c542b917247f1f76deb4ce2a42d,1,1.0,0.0,4,0.08900000000000001,0,0,0.0,0.0,0,0,0.0,0.0,0,0,0.0,0.0,0.0010457038879394531,0.32068586349487305
0d95c55040db6fd1e4f976280d35659587f3f8ad,1,1.0,0.0,4,0.087,0,0,0.0,0.0,0,0,0.0,0.0,0,0,0.0,0.0,0.0009868144989013672,0.2103569507598877
125cfb4cab35daebe874a599877d6280b464212b,1,1.0,0.0,4,0.08800000000000001,0,0,0.0,0.0,0,0,0.0,0.0,0,0,0.0,0.0,0.0010428428649902344,0.3803131580352783
8e8e78d849825696237b9f540f3e082a44b1e838,48,0.7867925520723756,0.8333333333333334,0,8.218,0,0,0.0,2.437,0,0,0.021,2.515,0,0,0.154,3.2760000000000002,0.0010669231414794922,0.4831256866455078
6f03c0ce11db4a270124b9bf93338d3db9fccf5c,43,0.7037253043668439,0.7906976744186046,0,5.4060000000000015,0,0,0.0,4.917000000000001,0,0,0.021,5.221000000000001,0,0,0.17600000000000002,5.292000000000001,0.0011019706726074219,0.5809049606323242
96a1a31d734e663af5c9bcda58c7bb5870e8a363,1,1.0,1.0,0,0.094,0,0,0.0,0.0,0,0,0.0,0.0,0,0,0.0,0.0,0.001001119613647461,0.0411839485168457
7aad59482002d0b4bc3546259d33eab20ce76b9e,6,0.8131868131868132,0.8333333333333334,0,0.274,0,0,0.01,0.01,0,0,0.03,0.228,0,0,0.044,0.24200000000000002,0.0009949207305908203,0.23371124267578125
0e20d158200e35a893c734f3ba268a1f5d3c48d0,6,0.923076923076923,0.3333333333333333,0,0.267,0,0,0.009000000000000001,0.016,0,0,0.030000000000000002,0.036000000000000004,0,0,0.046,0.046000000000000006,0.0009832382202148438,0.18880319595336914
c1ffdbab58712cca8463b3edc88f9d5a09b0ca9c,44,0.7921007831120191,0.8863636363636364,0,5.268000000000001,0,0,0.0,0.12,0,0,0.018000000000000002,0.20400000000000001,0,0,0.122,5.093000000000001,0.0010838508605957031,0.7225308418273926
758228f691b34c97f421ed92336772531495e0cc,1,1.0,1.0,0,0.078,0,0,0.0,0.0,0,0,0.0,0.0,0,0,0.0,0.0,0.0010340213775634766,0.42084288597106934
a26c66a8edcf029ca5f94354cee0db267e9ccc20,1,1.0,0.0,0,0.052000000000000005,0,0,0.0,0.0,0,0,0.0,0.0,0,0,0.0,0.0,0.0009751319885253906,0.8344531059265137
a618b844c5a261ced37385ab3947de6e215d46f7,10,0.8441558441558442,0.8,0,0.29400000000000004,0,0,0.005,0.016,0,0,0.061000000000000006,0.114,0,0,0.128,0.236,0.0009915828704833984,0.46628594398498535
f746c508d197c3662509037e8975a2a58b847689,8,0.7598039215686274,1.0,0,0.29100000000000004,0,0,0.001,0.078,0,0,0.05600000000000001,0.19,0,0,0.14700000000000002,0.227,0.001046895980834961,0.23273086547851562
fc409b5791ef8145a791cf7bd9b35d68a4ad3305,1,1.0,1.0,0,0.257,0,0,0.0,0.0,0,0,0.0,0.0,0,0,0.0,0.0,0.000982046127319336,0.26077914237976074
374c0fc1acf83ecc77c637ccda4218937eb9e06c,8,0.7941176470588235,1.0,0,0.29300000000000004,0,0,0.001,0.08600000000000001,0,0,0.045000000000000005,0.128,0,0,0.139,0.224,0.0009930133819580078,0.4099290370941162
20de433aa24957e40d974b87aba54ae0688500ed,4,0.9,0.75,0,0.825,0,0,0.046,0.046,0,0,0.123,0.198,0,0,0.275,0.748,0.0010840892791748047,0.3079969882965088
8dae1f2904b93127f101bd36c1c79e801385a8f7,21,0.7758985200845667,1.0,0,3.2680000000000002,0,0,0.001,0.804,0,0,0.008,0.817,0,0,0.026000000000000002,0.827,0.0009889602661132812,0.3533768653869629
4f928504ea91c3c1dd43ce696acadf76624240a1,21,0.79371790999698,1.0,0,3.2870000000000004,0,0,0.0,0.125,0,0,0.005,0.135,0,0,0.021,2.5050000000000003,0.001207113265991211,0.41019487380981445
22c30471564c730b02f5f7cedec28fcfe5749fc6,1,1.0,1.0,0,0.105,0,0,0.0,0.0,0,0,0.0,0.0,0,0,0.0,0.0,0.0009291172027587891,0.17185306549072266
10122741eac52e218771f30c6dc2c0aca54ff006,1,1.0,0.0,0,0.11,0,0,0.0,0.0,0,0,0.0,0.0,0,0,0.0,0.0,0.0010380744934082031,0.1365492343902588
e863dcb2e7a654af6b8eb5865d8d1d8eee0a6d28,21,0.7254605859257023,1.0,0,3.1879999999999997,0,0,0.0,0.167,0,0,0.004,0.18000000000000002,0,0,0.020999999999999998,0.18400000000000002,0.0010607242584228516,0.5538060665130615
f7cbda67518ed7335566ebf942cd170a66746096,9,0.7614035087719297,0.7777777777777778,0,0.316,0,0,0.023000000000000003,0.05,0,0,0.065,0.11900000000000001,0,0,0.138,0.252,0.0009419918060302734,0.054798126220703125
6049e77fdcd021544a60651fc6de4d80e2ef1c2d,9,0.7228070175438597,1.0,0,0.342,0,0,0.022000000000000002,0.099,0,0,0.069,0.187,0,0,0.14300000000000002,0.267,0.001177072525024414,0.558861255645752
7d061e33e59e23dc4b03378f35f50a7d70f033b3,1,1.0,1.0,0,0.07,0,0,0.0,0.0,0,0,0.0,0.0,0,0,0.0,0.0,0.0009372234344482422,0.40352392196655273
bfb43d3fe2eafa80f45fc59a5b742d192efa8e3c,55,0.8096525096525099,0.9272727272727272,0,7.2349999999999985,0,0,0.001,0.15400000000000003,0,0,0.031,1.2719999999999996,0,0,0.205,6.924999999999999,0.0010917186737060547,0.1943359375
d8ec011d770e1e04ef4f87fba673f3748f363278,7,0.7357142857142858,1.0,0,0.14600000000000002,0,0,0.002,0.01,0,0,0.009000000000000001,0.113,0,0,0.043000000000000003,0.11900000000000001,0.0009469985961914062,0.2633998394012451
49a876cb1c2a49583b9184ab58a579ac75525986,1,1.0,1.0,0,0.084,0,0,0.0,0.0,0,0,0.0,0.0,0,0,0.0,0.0,0.0013799667358398438,0.49323320388793945
6dfc3e64037f10b84fe203415e79e2435acff558,1,1.0,1.0,0,0.071,0,0,0.0,0.0,0,0,0.0,0.0,0,0,0.0,0.0,0.0009307861328125,0.2639281749725342
5fb74a6618da0ca8b12a3346038164913a5d27d5,1,1.0,0.0,0,0.07,0,0,0.0,0.0,0,0,0.0,0.0,0,0,0.0,0.0,0.0010352134704589844,0.4133181571960449
f5a9effebd7209f3fa5385f18a5e59e8a09122f2,1,1.0,0.0,0,0.064,0,0,0.0,0.0,0,0,0.0,0.0,0,0,0.0,0.0,0.0010039806365966797,0.341048002243042
c614fbcc79615f93d2c60a153db6e82d7474c425,36,0.7755152412686656,0.8333333333333334,0,2.7769999999999997,0,0,0.0,0.123,0,0,0.01,0.17300000000000001,0,0,0.114,0.29200000000000004,0.0009591579437255859,0.40508317947387695
0b70b01a9f1d9664bb5eac737175f58f06979b60,1,1.0,1.0,0,0.048,0,0,0.0,0.0,0,0,0.0,0.0,0,0,0.0,0.0,0.0009360313415527344,0.3781871795654297
63f11e9dc1874abdde1bfe1d900b5ebfa4d3a941,1,1.0,1.0,0,0.053,0,0,0.0,0.0,0,0,0.0,0.0,0,0,0.0,0.0,0.0012578964233398438,1.6603260040283203
f5ebb9a649e9dd0773f9bd3457d6ce1895266d59,25,0.7601809954751131,0.92,0,2.4299999999999997,0,0,0.0,0.065,0,0,0.004,0.09100000000000001,0,0,0.021,2.39,0.0009539127349853516,0.30049681663513184
e72654ed5ad90e5dd1ec08b11760e2f27b64d5c7,7,0.6642857142857143,0.8571428571428571,0,1.1989999999999998,0,0,0.003,0.868,0,0,0.022,0.921,0,0,0.163,1.19,0.00119781494140625,0.516819953918457
d575057852ab2be41abb39b8de69a35cace5c67d,55,0.8275886275886274,0.8909090909090909,0,7.075000000000002,0,0,0.005,0.101,0,0,0.020000000000000004,0.35,0,0,0.17,5.441,0.0009620189666748047,0.42996907234191895
c3b1fefbad0c67c8556ba6b4573f135197f87598,24,0.7775510204081634,0.8333333333333334,0,0.393,0,0,0.008,0.11699999999999999,0,0,0.041,0.21400000000000002,0,0,0.118,0.30200000000000005,0.0009431838989257812,0.7332072257995605
c8e61afdb89c58ea8ffaf04593da41ff0888d30e,24,0.7287755102040817,0.8333333333333334,0,0.379,0,0,0.008,0.135,0,0,0.046000000000000006,0.20000000000000007,0,0,0.13,0.314,0.0009529590606689453,0.39301300048828125
7eb47fd85e13486033950d91afcf04cf44d064fa,2,0.8,1.0,0,0.07100000000000001,0,0,0.0,0.0,0,0,0.001,0.07,0,0,0.001,0.07,0.0010571479797363281,0.2133171558380127
3a4ac357981283fd3a8817f9e6d57e8b181549be,39,0.7554527750730284,0.6666666666666666,0,0.632,0,0,0.014,0.083,0,0,0.066,0.20700000000000002,0,0,0.18300000000000005,0.43,0.0009610652923583984,0.3014206886291504
60412131f3679b720bcaaaf3dea4be666cefea7a,6,0.989010989010989,0.5,0,0.253,0,0,0.009000000000000001,0.009000000000000001,0,0,0.041999999999999996,0.041999999999999996,0,0,0.064,0.064,0.0011649131774902344,0.4621407985687256
2ce40494073aa4e9bdcba4c39d24727b7141d227,1,1.0,1.0,0,0.075,0,0,0.0,0.0,0,0,0.0,0.0,0,0,0.0,0.0,0.0009291172027587891,0.06166195869445801
2e9f3a80146262511ca7bcdd3411f095dff4951d,19,0.7708502024291497,0.631578947368421,0,0.37500000000000006,0,0,0.007,0.025,0,0,0.04700000000000001,0.146,0,0,0.131,0.341,0.0009961128234863281,0.4938621520996094
2c0429aabd2632c8c6a242e4a23d5eb6f46035c0,55,0.7736574236574236,0.8909090909090909,0,7.268999999999999,0,0,0.001,1.3499999999999999,0,0,0.028,1.5179999999999998,0,0,0.193,6.888,0.0009558200836181641,0.41429996490478516
bb3fe2a37975920d1c7b9cf16309d86fe86e1a35,55,0.7162688662688663,0.9272727272727272,0,7.1160000000000005,0,0,0.002,0.7060000000000001,0,0,0.024999999999999998,6.742999999999999,0,0,0.184,6.775,0.0010859966278076172,0.6645660400390625
cb686673a70a6f14c35575550c48c37d19a1598b,7,0.8857142857142858,1.0,0,0.30600000000000005,0,0,0.0,0.001,0,0,0.02,0.077,0,0,0.13,0.222,0.0009348392486572266,0.3083791732788086
50ce8c44e1601acffa39f5568f0fc140aade0564,8,0.9313725490196078,0.875,0,0.294,0,0,0.003,0.030000000000000002,0,0,0.049,0.049,0,0,0.13,0.161,0.0010638236999511719,0.5054128170013428
357fe1378889e5934e8f60c8d35397bf63871991,19,0.8089068825910929,0.8421052631578947,0,0.36000000000000004,0,0,0.004,0.07100000000000001,0,0,0.045,0.18300000000000002,0,0,0.128,0.23000000000000004,0.0009510517120361328,0.9561829566955566
1a8d276278e5ee3bdb904c35d8bbd1dc948b7baf,19,0.825910931174089,0.7894736842105263,0,0.457,0,0,0.006,0.09399999999999999,0,0,0.051000000000000004,0.14100000000000001,0,0,0.151,0.255,0.0009400844573974609,0.537224292755127
9c886bd4a188c91301029040b3a839e4b8e2812d,1,1.0,1.0,0,0.116,0,0,0.0,0.0,0,0,0.0,0.0,0,0,0.0,0.0,0.0009810924530029297,0.405900239944458
8b62c114cfc5fd347bd8cb5a391fdfa8cb539435,24,0.6612244897959184,0.875,0,0.445,0,0,0.007,0.156,0,0,0.046,0.28500000000000003,0,0,0.14400000000000002,0.42100000000000004,0.0009541511535644531,0.43729114532470703
56b7ae44f957aeb884efc797ec74c790a7a3abae,1,1.0,0.0,0,0.04,0,0,0.0,0.0,0,0,0.0,0.0,0,0,0.0,0.0,0.0009849071502685547,0.3555750846862793
17f9d22f334c91e701808808170bf60aae7342f9,1,1.0,1.0,0,0.076,0,0,0.0,0.0,0,0,0.0,0.0,0,0,0.0,0.0,0.000926971435546875,0.4288828372955322
9901bf98e4921df1c85e323c4b096b7feb80221e,1,1.0,1.0,0,0.081,0,0,0.0,0.0,0,0,0.0,0.0,0,0,0.0,0.0,0.0010311603546142578,0.3128972053527832
aff0fae2ec3a7d74356776c183c6986eb9eed520,1,1.0,1.0,0,0.068,0,0,0.0,0.0,0,0,0.0,0.0,0,0,0.0,0.0,0.0009260177612304688,0.5640048980712891
1415c9a2a6317dbdca6f1fbb530db1f558d9bef5,1,1.0,0.0,0,0.063,0,0,0.0,0.0,0,0,0.0,0.0,0,0,0.0,0.0,0.0010371208190917969,0.7500872611999512
e51bd89201477092c32c180e4f8d00569db17ac1,1,1.0,1.0,0,0.062,0,0,0.0,0.0,0,0,0.0,0.0,0,0,0.0,0.0,0.0010559558868408203,0.4314901828765869
8e3ec1722bc5c70ea932b13ec1b564950c623e77,55,0.7511232011232014,0.8909090909090909,0,7.040000000000003,0,0,0.004,5.284000000000002,0,0,0.032999999999999995,5.552000000000002,0,0,0.19599999999999998,6.770000000000002,0.0009579658508300781,0.3866560459136963
efba54d35fa094de5e580b200a8607bfc7bd5a7a,7,0.8857142857142858,0.7142857142857143,0,0.304,0,0,0.005,0.005,0,0,0.051000000000000004,0.131,0,0,0.132,0.20099999999999998,0.0009407997131347656,0.3303558826446533
7c441e87cf371c642ad9d50bfb863ef145b917c7,7,0.8142857142857143,0.7142857142857143,0,0.253,0,0,0.004,0.046,0,0,0.045,0.126,0,0,0.121,0.16699999999999998,0.0010800361633300781,0.421097993850708
58a8f12b443d7cbc16ec00b8841138ee55ee6630,7,0.7285714285714285,0.8571428571428571,0,0.315,0,0,0.005,0.105,0,0,0.054000000000000006,0.20400000000000001,0,0,0.135,0.263,0.0010449886322021484,0.2947258949279785
38cf0c68d577b46b506f75d896cbb5a4b186c6a6,55,0.6982098982098984,0.8181818181818182,0,7.522000000000002,0,0,0.007,2.1229999999999998,0,0,0.055999999999999994,7.250000000000002,0,0,0.247,7.3400000000000025,0.0009610652923583984,0.2796311378479004
69a8ef318942898383508c2a3d1db240f38f1cb8,55,0.8217093717093719,0.9454545454545454,0,7.292999999999999,0,0,0.001,0.135,0,0,0.028,0.28900000000000003,0,0,0.18399999999999997,2.152,0.001010894775390625,0.0590360164642334
362dd935f84ef80b13cced13a74339e42c775809,36,0.7688510428236452,0.75,0,2.589,0,0,0.0,0.079,0,0,0.008,2.393,0,0,0.097,2.523,0.0010762214660644531,0.35632801055908203
e7d16c27629722a93a9d36a0b5e0a3a793850544,36,0.8251882019005305,0.8611111111111112,0,2.7909999999999995,0,0,0.003,0.058,0,0,0.022,0.121,0,0,0.121,0.3670000000000001,0.0010690689086914062,0.5038559436798096
3fadfdd69f4682f05563ce53e55743f55813f488,36,0.7889670492410217,0.9166666666666666,0,2.837,0,0,0.002,0.22700000000000004,0,0,0.019,0.32400000000000007,0,0,0.136,0.40800000000000003,0.0009608268737792969,0.05171990394592285
7129c43b08da58e1c907dd2b90bb58e7a09bf85c,55,0.7625482625482627,0.8,0,7.138999999999999,0,0,0.001,4.836,0,0,0.036000000000000004,6.633,0,0,0.222,7.021999999999999,0.0012688636779785156,0.41931605339050293
09ef69c5b51115300da6df43690cd455d83c8027,2,1.0,1.0,0,0.111,0,0,0.0,0.0,0,0,0.0,0.0,0,0,0.0,0.0,0.0011670589447021484,0.4057149887084961
87937b2e7192524306aa58d74c90537eec997cfa,55,0.837925587925588,0.9272727272727272,0,6.997,0,0,0.006,0.14700000000000002,0,0,0.039,0.22,0,0,0.214,5.323,0.0010759830474853516,0.7249689102172852
a5391bb34cbe168f2c5f5f6e8fc3a1eeb9399e13,55,0.7143910143910147,0.8545454545454545,0,7.219,0,0,0.005,0.448,0,0,0.036,0.975,0,0,0.229,7.034,0.0010938644409179688,0.34303927421569824
96cb498f9bb88b534e49f9b8301c9fe7113b2dfe,55,0.7209020709020711,0.8727272727272727,0,7.169000000000002,0,0,0.004,0.14700000000000002,0,0,0.033,6.787000000000001,0,0,0.193,6.892,0.001171112060546875,0.32543516159057617
f4a262df5204221184f1f5008b06957868684a25,55,0.7311161811161813,0.8545454545454545,0,7.085999999999999,0,0,0.007,0.5280000000000001,0,0,0.054,6.833,0,0,0.25,6.967999999999999,0.0013971328735351562,0.3920149803161621
81ee0d062c888d8f8bcbc154cd7f0143710f458c,55,0.6984204984204985,0.8545454545454545,0,7.401000000000002,0,0,0.003,2.11,0,0,0.038,7.05,0,0,0.216,7.285000000000001,0.001016855239868164,0.8488650321960449
b933f55e5878f366e966f1a80d7450f49cefb115,55,0.8048087048087048,0.8545454545454545,0,7.039999999999999,0,0,0.006,1.1709999999999998,0,0,0.043000000000000003,1.268,0,0,0.22099999999999997,6.403,0.0011909008026123047,0.4651050567626953
6850d88880093733c0ba29c371f2c9823256d749,48,0.8105670103092784,0.7916666666666666,0,6.045000000000001,0,0,0.008,5.509000000000001,0,0,0.048,5.611,0,0,0.18700000000000006,5.858,0.0010738372802734375,0.6446671485900879
9ea0063bc93cf0d5b45f95bcc6b9f225da94b951,17,0.8117647058823529,0.5294117647058824,0,0.231,0,0,0.004,0.07100000000000001,0,0,0.022,0.123,0,0,0.07100000000000001,0.178,0.000993967056274414,0.23155903816223145
152e5d48eac990bb3e08b2409816738020ba9a01,55,0.7331168831168834,0.9272727272727272,0,7.018,0,0,0.001,5.961,0,0,0.027999999999999997,6.165000000000001,0,0,0.183,6.388000000000001,0.0010118484497070312,0.3876330852508545
89cd538eaf7c555d33e7467ac8c2a51019c26372,55,0.7722885222885225,0.9090909090909091,0,7.041999999999999,0,0,0.002,0.235,0,0,0.028,5.278,0,0,0.189,5.769,0.0011050701141357422,0.4306948184967041
d9f1b897a28aeac97ff8d15948d3bc566021c53e,1,1.0,0.0,0,0.112,0,0,0.0,0.0,0,0,0.0,0.0,0,0,0.0,0.0,0.0009911060333251953,0.5527751445770264
8e8b8e05e4eb9aa009444c2fea3552d28b57aa98,7,0.7642857142857142,1.0,0,0.18900000000000003,0,0,0.001,0.029,0,0,0.01,0.137,0,0,0.049,0.17500000000000002,0.0009911060333251953,0.27085089683532715
e767af7e7eb8ff7724d5f72709ee4bb7a72d2284,63,0.7657597487814023,0.8253968253968254,0,8.456000000000001,0,0,0.003,0.262,0,0,0.033,5.155000000000001,0,0,0.185,5.238000000000001,0.0010230541229248047,0.2916901111602783
96260205dceea0e4734fa275c8f72a617bd8ebc4,56,0.7088961341406614,0.8571428571428571,0,0.7929999999999999,0,0,0.005,0.21100000000000002,0,0,0.034,0.461,0,0,0.15100000000000002,0.6950000000000001,0.0011370182037353516,0.7477247714996338
214cc7fd596b575ed07a7d7c1006b46d5c75613d,64,0.840395796064401,0.796875,0,7.589,0,0,0.002,0.46900000000000003,0,0,0.021,0.7170000000000001,0,0,0.181,0.8680000000000001,0.001071929931640625,0.8643960952758789
b610707cd072f07efb816074a4844bb1b31e482c,112,0.7865718499789299,0.75,0,11.899999999999999,0,0,0.007,2.145,0,0,0.048,9.457999999999998,0,0,0.24800000000000005,10.530999999999999,0.0011899471282958984,0.6962981224060059
77febcfa8d3a5e078330c4911a94e399589734e5,88,0.8424845483977078,0.8409090909090909,0,13.820000000000002,0,0,0.009000000000000001,0.07,0,0,0.052000000000000005,9.070999999999998,0,0,0.31000000000000005,10.637000000000002,0.001049041748046875,0.31581711769104004
4aa4291ffc143486757617b743c9670001f8a7cd,9,0.7614035087719297,0.8888888888888888,0,0.11800000000000001,0,0,0.002,0.017,0,0,0.004,0.061,0,0,0.011,0.067,0.0010478496551513672,0.9719111919403076
ae6a24dd439a7b778e35b484a3a6eae1a8eb64d7,9,0.7157894736842104,0.8888888888888888,0,0.125,0,0,0.001,0.006,0,0,0.003,0.104,0,0,0.01,0.106,0.0010449886322021484,0.5290429592132568
f56931c176fef5e164b681c740746aebdccccec3,15,0.9112903225806451,0.6,0,5.629,0,0,0.004,0.060000000000000005,0,0,0.032,0.223,0,0,0.723,2.371,0.0011620521545410156,0.4771919250488281
9379d0d36acdf78455e81518b3b1476c7691f056,47,0.668868980963046,0.8297872340425532,0,0.6050000000000001,0,0,0.006,0.17900000000000002,0,0,0.047,0.38800000000000007,0,0,0.18100000000000005,0.525,0.0010230541229248047,0.372211217880249
2521d9619fe1f052ced8ea1107851ac98a1b7488,47,0.7042273236282195,0.8723404255319149,0,0.6130000000000001,0,0,0.007,0.268,0,0,0.052,0.353,0,0,0.21300000000000002,0.461,0.0010111331939697266,0.4239821434020996
625fbccaa9c42d5efbe4993e9701d8db0b53f5e9,47,0.608818589025756,0.8723404255319149,0,0.7260000000000001,0,0,0.009000000000000001,0.41600000000000004,0,0,0.074,0.561,0,0,0.253,0.6570000000000001,0.0010790824890136719,0.4179670810699463
7721302ae5d70d2986d74ae7e7df648bf849997d,47,0.7379339305711088,0.8936170212765957,0,0.671,0,0,0.003,0.20900000000000002,0,0,0.045,0.32300000000000006,0,0,0.20199999999999999,0.48500000000000004,0.0011219978332519531,0.794950008392334
96f3ab841096b6a480b4cae99bb05aebce1ff92d,47,0.7254759238521837,0.8723404255319149,0,0.608,0,0,0.005,0.16200000000000003,0,0,0.046,0.254,0,0,0.202,0.3490000000000001,0.001039266586303711,0.5270767211914062
ec2ec774925cb845f85a82f85c32d0019de31f01,47,0.710946248600224,0.8723404255319149,0,0.6729999999999999,0,0,0.004,0.18100000000000002,0,0,0.051,0.3000000000000001,0,0,0.22099999999999997,0.4600000000000001,0.001051187515258789,0.6009190082550049
1cec9a6fe588c047daa6c711814453840405561b,1,1.0,1.0,0,0.157,0,0,0.0,0.0,0,0,0.0,0.0,0,0,0.0,0.0,0.0010459423065185547,0.4279611110687256
2cad60b6c25c87a6a59d3d315ec7d72c552fbc58,47,0.715929451287794,0.7872340425531915,0,0.7260000000000001,0,0,0.006,0.14,0,0,0.062000000000000006,0.43500000000000005,0,0,0.236,0.5880000000000001,0.0010457038879394531,0.7864861488342285
0db3d81c93cb5a8142709ab657af59a046c6f7f4,8,0.8088235294117646,1.0,0,0.7969999999999999,0,0,0.005,0.042,0,0,0.047,0.096,0,0,0.101,0.697,0.0011107921600341797,0.33341288566589355
a36c903d4f1065bc59f5e6d2bb0f9d92a5e71d83,43,0.7798716920609461,0.7906976744186046,0,5.282000000000001,0,0,0.0,0.155,0,0,0.015,0.23500000000000001,0,0,0.14400000000000002,0.41700000000000004,0.0010030269622802734,0.28923606872558594
3dbc94481291a99ecf28d47b3f338df99d96df40,47,0.6873460246360582,0.851063829787234,0,0.521,0,0,0.003,0.182,0,0,0.036000000000000004,0.333,0,0,0.16300000000000003,0.42900000000000005,0.0011019706726074219,0.33411717414855957
0bca64d75e1a54b64b91917bdbeebde56ac177fb,49,0.8025479282622139,0.8979591836734694,0,5.957999999999999,0,0,0.002,0.695,0,0,0.033,0.788,0,0,0.16800000000000004,5.731999999999999,0.0010647773742675781,0.63578200340271
08aa21f9217df0a28d48be5be5db03ddf4867140,24,0.7093877551020408,0.7916666666666666,0,0.406,0,0,0.01,0.12700000000000003,0,0,0.047,0.259,0,0,0.129,0.35800000000000004,0.0010988712310791016,0.31421494483947754
b31877a46009d5ee52af9b5f737dabe241689931,24,0.7679591836734696,0.9166666666666666,0,0.41300000000000003,0,0,0.006,0.056,0,0,0.043000000000000003,0.208,0,0,0.156,0.28700000000000003,0.0009961128234863281,0.365649938583374
4f4e2b064e98ce1abce98428965f8eed86f4543e,24,0.6942857142857143,0.9166666666666666,0,0.517,0,0,0.009000000000000001,0.192,0,0,0.052000000000000005,0.30400000000000005,0,0,0.17600000000000002,0.47600000000000003,0.0013298988342285156,0.43996191024780273
2a11642511a3c69bac5aa1abd83d3219871395e3,22,0.7778656126482214,0.8181818181818182,0,3.0829999999999997,0,0,0.0,0.659,0,0,0.008,0.6759999999999999,0,0,0.037000000000000005,0.725,0.0010502338409423828,1.7150590419769287
44e32205a6f98f50af95e3940a48aa72971e9483,22,0.7499341238471674,0.9545454545454546,0,3.147,0,0,0.002,2.949,0,0,0.009000000000000001,2.972,0,0,0.034,2.9759999999999995,0.0009961128234863281,0.5860171318054199
d1e72ebede93d73d1a3caf74e391fd83516e0685,22,0.7075098814229249,0.9090909090909091,0,3.33,0,0,0.0,0.846,0,0,0.003,3.2670000000000003,0,0,0.023,3.298,0.0009968280792236328,0.31401610374450684
ce178d8e87ff6f9a12aea4b217c1e09254936236,1,1.0,1.0,0,0.07400000000000001,0,0,0.0,0.0,0,0,0.0,0.0,0,0,0.0,0.0,0.0010721683502197266,0.46044111251831055
b4609c81e41d678cf03898a7cc4a4660beef0f88,1,1.0,0.0,0,0.035,0,0,0.0,0.0,0,0,0.0,0.0,0,0,0.0,0.0,0.0009791851043701172,0.6423468589782715
88b951a227ca8d49df670bbacbd00a2e6c239f3e,1,1.0,1.0,0,0.06,0,0,0.0,0.0,0,0,0.0,0.0,0,0,0.0,0.0,0.0010559558868408203,0.046125173568725586
33bd8349641240def753858ea7809f38650cc662,5,0.7818181818181817,0.8,0,0.091,0,0,0.0,0.031,0,0,0.006,0.031,0,0,0.013,0.078,0.0011053085327148438,0.6119949817657471
f013141f60df0bbbd57388c7bdd01a764ddfc1fd,51,0.7338004656679701,0.9215686274509803,0,7.668000000000002,0,0,0.0,4.867,0,0,0.019,5.122999999999999,0,0,0.13899999999999998,7.511000000000001,0.0011119842529296875,0.6987228393554688
9fb4f47f352dc1c1f5f20de80840d39e1eebb985,4,0.7000000000000001,0.75,0,4.898000000000001,0,0,0.011,4.772,0,0,0.040999999999999995,4.8020000000000005,0,0,0.126,4.8870000000000005,0.0010449886322021484,0.6420164108276367
bff752134ba7626ca4cdb11a5a8d743d03af4cd8,7,0.8785714285714287,1.0,0,5.022,0,0,0.025,0.025,0,0,0.09000000000000001,4.843,0,0,0.171,4.924,0.0010831356048583984,0.5130977630615234
3ee9cc840088762c875a9c02531077279f7c237f,1,1.0,0.0,0,0.066,0,0,0.0,0.0,0,0,0.0,0.0,0,0,0.0,0.0,0.0009799003601074219,0.36612486839294434
54f8d3c02abe04765ffe957e7d412bde2adf58c1,1,1.0,1.0,0,0.055,0,0,0.0,0.0,0,0,0.0,0.0,0,0,0.0,0.0,0.0010781288146972656,0.37947797775268555
2bcf86d8af125b45d39bd1d43b8375911c551d78,1,1.0,1.0,0,0.064,0,0,0.0,0.0,0,0,0.0,0.0,0,0,0.0,0.0,0.001043081283569336,0.608590841293335
bce28f99f383051b419510ef72531e0f6fa67352,1,1.0,0.0,0,0.066,0,0,0.0,0.0,0,0,0.0,0.0,0,0,0.0,0.0,0.0014431476593017578,0.41422200202941895
aad2db8b12b8c61556df9df7de4fadc927633504,1,1.0,0.0,0,0.063,0,0,0.0,0.0,0,0,0.0,0.0,0,0,0.0,0.0,0.0010008811950683594,0.379335880279541
7e440785d9ccdafc84ae7a50022097dc3dd422e8,1,1.0,1.0,0,3.604,0,0,0.0,0.0,0,0,0.0,0.0,0,0,0.0,0.0,0.0009999275207519531,0.3779151439666748
d3f2a89ba229c57073e4f2a63a9a7f1053a5720d,1,1.0,1.0,0,0.054000000000000006,0,0,0.0,0.0,0,0,0.0,0.0,0,0,0.0,0.0,0.0010390281677246094,0.3367288112640381
d784612d0d3d18b2c3e892b85eaf4e7cff38c9dc,1,1.0,1.0,0,0.066,0,0,0.0,0.0,0,0,0.0,0.0,0,0,0.0,0.0,0.0009987354278564453,0.04191422462463379
c0779f42c7ca46c4cd3ade6261544b0da733e5d1,1,1.0,1.0,0,0.044,0,0,0.0,0.0,0,0,0.0,0.0,0,0,0.0,0.0,0.001001119613647461,0.5211708545684814
ad97f2020253c787e2978093976c3b6716955e32,1,1.0,1.0,0,0.029,0,0,0.0,0.0,0,0,0.0,0.0,0,0,0.0,0.0,0.0010437965393066406,0.9722943305969238
74c24ad1942abb68c8084e0ab1cf0d6e234a0650,1,1.0,1.0,0,0.036000000000000004,0,0,0.0,0.0,0,0,0.0,0.0,0,0,0.0,0.0,0.0010650157928466797,0.3375396728515625
f6f8e5dbedfed0d10bf483b636abac87d90925b3,1,1.0,0.0,0,0.02,0,0,0.0,0.0,0,0,0.0,0.0,0,0,0.0,0.0,0.0009899139404296875,0.5696840286254883
8912be8a88781518e8e47d37a73d42a03a7e0e8e,1,1.0,1.0,0,0.021,0,0,0.0,0.0,0,0,0.0,0.0,0,0,0.0,0.0,0.0013120174407958984,0.7050700187683105
4077b57f6dd784b0232db0c66999ff351176c323,1,1.0,1.0,0,0.021,0,0,0.0,0.0,0,0,0.0,0.0,0,0,0.0,0.0,0.0011239051818847656,0.501713752746582
6e9f406aacc8444d22c35d50ab2e90afab5cddd6,1,1.0,0.0,0,0.02,0,0,0.0,0.0,0,0,0.0,0.0,0,0,0.0,0.0,0.0009870529174804688,0.048393964767456055
eabf1aaa2523d3f4dc9c99631cc42cb03fa61372,1,1.0,0.0,0,0.029,0,0,0.0,0.0,0,0,0.0,0.0,0,0,0.0,0.0,0.0009999275207519531,0.4521799087524414
5445f22747d0aba7d9c42d37fb596e29ca51bcbc,1,1.0,1.0,0,0.012,0,0,0.0,0.0,0,0,0.0,0.0,0,0,0.0,0.0,0.0010790824890136719,0.39210009574890137
3e58ab33b9c294817699ce18277aa6e772d3ee4f,1,1.0,1.0,0,0.006999999999999999,0,0,0.0,0.0,0,0,0.0,0.0,0,0,0.0,0.0,0.0009741783142089844,0.6702148914337158
0b14928ee447a59f69bcaa87051af62300c72c84,1,1.0,1.0,0,0.003,0,0,0.0,0.0,0,0,0.0,0.0,0,0,0.0,0.0,0.0009930133819580078,0.43893885612487793
c3b38a3ba15ac662672ec4fbea52b3f3bcd17265,1,1.0,1.0,0,3.782,0,0,0.0,0.0,0,0,0.0,0.0,0,0,0.0,0.0,0.0010340213775634766,0.4028620719909668
77f875110ae0c9ed05362f1e7b95656fb1276fb4,1,1.0,1.0,0,3.961,0,0,0.0,0.0,0,0,0.0,0.0,0,0,0.0,0.0,0.0010411739349365234,0.5794899463653564
729adb624d3e720afb8686093814ab2bcc2d2f13,28,0.7669172932330827,0.9285714285714286,0,2.8599999999999994,0,0,0.004,0.087,0,0,0.014,2.695,0,0,0.05,2.773999999999999,0.001093149185180664,0.34476590156555176
dd761382d3cfdc11b5de0cb1246de4567cdf2fc2,13,0.9548229548229548,0.6153846153846154,0,1.3689999999999993,0,0,0.011,0.014000000000000002,0,0,0.036000000000000004,0.041,0,0,0.07900000000000001,1.2629999999999997,0.001001119613647461,0.4151029586791992
762641dcdbae9456aa2b72ec8fa1baa0acab942f,2,0.8,0.0,0,0.062,0,0,0.0,0.0,0,0,0.023,0.039,0,0,0.023,0.039,0.001055002212524414,0.47813916206359863
884d273f4207095f881167b3398fc2a55617ee9a,5,0.909090909090909,0.2,0,0.128,0,0,0.003,0.003,0,0,0.022,0.03900000000000001,0,0,0.040999999999999995,0.05800000000000001,0.0010161399841308594,0.2834789752960205
cbc8e0b2952164f97779c9a5fadca6acd2600ae2,6,0.8131868131868132,0.8333333333333334,0,0.22000000000000003,0,0,0.006,0.029,0,0,0.042,0.079,0,0,0.08499999999999999,0.15100000000000002,0.0010650157928466797,0.6745169162750244
182e335432fe4634d770c5861be40dacf1816f0c,18,0.6917970602181128,0.6666666666666666,0,0.805,0,0,0.0,0.7300000000000001,0,0,0.003,0.7490000000000001,0,0,0.032,0.8000000000000002,0.0010008811950683594,0.4792466163635254
f110da945a8af0914f348cfe576b5a8257159fd9,6,0.934065934065934,0.5,0,0.052000000000000005,0,0,0.001,0.001,0,0,0.007,0.026000000000000002,0,0,0.013999999999999999,0.031000000000000003,0.0010480880737304688,0.23502182960510254
47a9ea7c828772625b9e26c0c7a6db494ea626a3,3,0.9285714285714287,0.3333333333333333,0,0.17400000000000002,0,0,0.0,0.0,0,0,0.006999999999999999,0.067,0,0,0.07400000000000001,0.07400000000000001,0.0010519027709960938,0.37500500679016113
94beded83960af2a15992f6cec8f1f59d1f3c051,8,0.7303921568627452,0.375,0,0.07600000000000001,0,0,0.002,0.024,0,0,0.012,0.052,0,0,0.034,0.064,0.0010652542114257812,0.0654001235961914
ca2e59c513edc2a8b30ff62595e01f8dff79f0d2,15,0.8451612903225808,0.8,0,7.558000000000001,0,0,0.001,0.616,0,0,0.051000000000000004,5.419000000000001,0,0,0.748,6.522000000000001,0.0011019706726074219,0.6575140953063965
e99b0dde8ee5069eaee745b62b57b109def4b22c,39,0.7555988315481987,0.717948717948718,0,1.006,0,0,0.023,0.197,0,0,0.123,0.5760000000000001,0,0,0.32200000000000006,0.794,0.0010790824890136719,0.43752002716064453
46ea7e5e963b09b63d6a54cddd7fe391d0d5b6f4,1,1.0,1.0,0,0.098,0,0,0.0,0.0,0,0,0.0,0.0,0,0,0.0,0.0,0.0009839534759521484,0.34638118743896484
369d0616ce4b9045ef439ca79c02e08c726398d2,1,1.0,1.0,0,0.036000000000000004,0,0,0.0,0.0,0,0,0.0,0.0,0,0,0.0,0.0,0.0010631084442138672,0.805156946182251
fde19e79d508f1206871796ad1d2f84cfcb398dc,1,1.0,1.0,0,0.268,0,0,0.0,0.0,0,0,0.0,0.0,0,0,0.0,0.0,0.0010581016540527344,0.7601978778839111
0fa0bfd8bb7a540015fb900f6f6832b88d37a1ae,1,1.0,1.0,0,4.85,0,0,0.0,0.0,0,0,0.0,0.0,0,0,0.0,0.0,0.0009899139404296875,0.4811570644378662
3387734b4fa501c355588b736cccb83f13347ae2,43,0.7710140701319528,0.7906976744186046,0,10.153000000000002,0,0,0.022,3.2069999999999994,0,0,0.128,8.238999999999999,0,0,0.48300000000000004,8.831,0.0010721683502197266,0.41823697090148926
e00e871d1d57ac76680087876b36764c4f8b28f8,7,0.7428571428571428,0.8571428571428571,0,2.897,0,0,0.052000000000000005,0.249,0,0,0.237,1.525,0,0,0.751,2.5799999999999996,0.0010640621185302734,0.4778280258178711
b3d86ca08a22afb47338dea0a3fcad2a58ece49c,63,0.7526481064866893,0.8571428571428571,0,4.385,0,0,0.007,0.267,0,0,0.07799999999999999,2.3189999999999995,0,0,0.3390000000000001,3.6709999999999994,0.0010159015655517578,0.15536785125732422
3609993fb588017c77fc1781d697dcf1717cd73a,43,0.7774659182036889,0.7209302325581395,0,8.284999999999998,0,0,0.032,1.621,0,0,0.16500000000000004,1.8489999999999998,0,0,0.439,7.372999999999999,0.0010390281677246094,0.04034996032714844
c70e05ae41b4990a9d1e5f442219411abc6b2afb,57,0.7634498540203581,0.5789473684210527,0,7.811999999999999,0,0,0.004,5.203000000000001,0,0,0.069,5.363999999999999,0,0,0.32000000000000006,6.336,0.0010919570922851562,0.405742883682251
5afe35c02481b6bb3553708b027705590d99c22a,57,0.7117967332123412,0.8947368421052632,0,7.859,0,0,0.005,1.617,0,0,0.068,6.9879999999999995,0,0,0.3530000000000001,7.233,0.0011048316955566406,0.039447784423828125
b278ac8c390f38342d2503d5d75d441e77af39a1,2,1.0,1.0,0,1.1609999999999998,0,0,0.0,0.0,0,0,0.019,0.019,0,0,0.019,0.019,0.0010328292846679688,0.4907572269439697
e1618fa2327967562c6af0848c8d5873e0040542,20,0.8216027874564459,0.8,0,0.62,0,0,0.015000000000000001,0.05500000000000001,0,0,0.09000000000000001,0.31800000000000006,0,0,0.223,0.4750000000000001,0.0010530948638916016,0.44178199768066406
89cbfa54b041541077b8158b667ee3830a8abe5c,112,0.7586788874841972,0.9196428571428571,0,15.825,0,0,0.005,4.2219999999999995,0,0,0.077,9.995000000000001,0,0,0.43200000000000005,12.905000000000001,0.0011272430419921875,0.05242013931274414
07f537120f6a9220c8cc8216b22f9f5744f619b1,68,0.7386823977448802,0.6470588235294118,0,7.638,0,0,0.006,0.917,0,0,0.066,6.937000000000001,0,0,0.33100000000000007,7.377000000000001,0.0011179447174072266,0.24280333518981934
5cdac9cfd5a74b0a52ebde32798b973c6edbaa79,48,0.7943667157584684,0.8958333333333334,0,5.756,0,0,0.004,0.257,0,0,0.047,0.534,0,0,0.258,0.7320000000000001,0.0010869503021240234,0.06372308731079102
c368955343029d1a99d1b6817eb9fef0c62f02d3,1,1.0,1.0,0,0.032,0,0,0.0,0.0,0,0,0.0,0.0,0,0,0.0,0.0,0.0009930133819580078,0.701242208480835
a410aab6515931489dc2594d4e0f0ecac2c66071,6,0.7802197802197801,0.6666666666666666,0,0.48600000000000004,0,0,0.0,0.28800000000000003,0,0,0.02,0.28900000000000003,0,0,0.075,0.41200000000000003,0.001051187515258789,0.5755541324615479
e21cb463c0824425abaa5e2dd96c24d8f52de619,1,1.0,0.0,0,0.025,0,0,0.0,0.0,0,0,0.0,0.0,0,0,0.0,0.0,0.0010418891906738281,0.7515370845794678
a48d045709e32af2d06aca82a355ee3409a6773c,1,1.0,0.0,0,0.025,0,0,0.0,0.0,0,0,0.0,0.0,0,0,0.0,0.0,0.000982046127319336,0.43680572509765625
92e63fb3c87c73359c395406fed9c524b8626595,1,1.0,1.0,0,0.058,0,0,0.0,0.0,0,0,0.0,0.0,0,0,0.0,0.0,0.0010449886322021484,0.09125494956970215
cee7cc6b6470362b12c134b4ed3f3b9bdcd4e465,1,1.0,1.0,0,0.059,0,0,0.0,0.0,0,0,0.0,0.0,0,0,0.0,0.0,0.0010161399841308594,0.4686551094055176
bf7767867378d9d33551ad54687b48c8fbecf424,2,1.0,0.5,0,0.027,0,0,0.0,0.0,0,0,0.001,0.001,0,0,0.001,0.001,0.0011048316955566406,0.4784209728240967
b00e65686eb1b11c0b814c4aa0d6a22c03be958c,2,1.0,0.5,0,0.028000000000000004,0,0,0.0,0.0,0,0,0.001,0.001,0,0,0.001,0.001,0.0009737014770507812,0.4115610122680664
bfa50b3edf09aa41363eeae28b4abe3b86f2e261,8,0.8872549019607843,0.625,0,0.315,0,0,0.003,0.082,0,0,0.028999999999999998,0.085,0,0,0.126,0.126,0.0011017322540283203,0.2568790912628174
6b7a8480102144663b567982a5536340a57a431e,1,1.0,1.0,0,0.131,0,0,0.0,0.0,0,0,0.0,0.0,0,0,0.0,0.0,0.001035928726196289,0.48163819313049316
c01fa9aa42e078951f9d77ffe3b7546411278633,24,0.9089795918367346,0.7916666666666666,0,1.3159999999999998,0,0,0.033,0.08099999999999999,0,0,0.14400000000000002,0.276,0,0,0.30400000000000005,0.42600000000000005,0.0010080337524414062,0.04143118858337402
75768ba2724e2bb1d9a7a450f882be7d9f806a57,1,1.0,1.0,0,0.047,0,0,0.0,0.0,0,0,0.0,0.0,0,0,0.0,0.0,0.0013511180877685547,0.21857094764709473
589ce593070cb5bdb4053a71fe97342509037170,1,1.0,1.0,0,0.079,0,0,0.0,0.0,0,0,0.0,0.0,0,0,0.0,0.0,0.0010590553283691406,0.3817129135131836
fa9f1aae197bacc5fea2394981cabeee3399759b,57,0.7375838396591176,0.8421052631578947,0,7.914,0,0,0.004,0.8920000000000001,0,0,0.058,6.347,0,0,0.32800000000000007,6.774,0.0010192394256591797,0.40039777755737305
353e06a8ac01542e1dfac877c5e05880ab2bb52c,57,0.7418290854572714,0.9298245614035088,0,7.8580000000000005,0,0,0.003,1.1109999999999998,0,0,0.041999999999999996,1.629,0,0,0.29900000000000004,7.561000000000001,0.0010409355163574219,0.2583119869232178
2e1a1d453636d0d456ef7883b3560cc52d64a9f2,57,0.7362108419474473,0.8947368421052632,0,7.9719999999999995,0,0,0.003,6.172999999999999,0,0,0.041,6.676,0,0,0.29500000000000004,6.952,0.0010569095611572266,0.22641801834106445
