cycle_id,num_testsuite,NORMALIZED_FPA,accuracy,total_failures_in_cycle,exec_time,optimal_failures_25%,failures_in_25%_ordered,optimal_exec_time_25%,exec_time_25%,optimal_failures_50%,failures_in_50%_ordered,optimal_exec_time_50%,exec_time_50%,optimal_failures_75%,failures_in_75%_ordered,optimal_exec_time_75%,exec_time_75%,prediction_time,learning_time
f9e08f8eed413e17c5d7655c686e7f4019779950,1,1.0,0.0,0,0.055,0,0,0.0,0.0,0,0,0.0,0.0,0,0,0.0,0.0,0.0010302066802978516,0.4367091655731201
e263a7cf75537a505a69015bdf2312d4a1a0fc41,21,0.8215040773180309,0.14285714285714285,0,27.305,0,0,0.018000000000000002,2.1449999999999996,0,0,0.08700000000000001,24.279999999999998,0,0,0.25,24.312999999999995,0.00109100341796875,0.014371871948242188
b0a68dbc52507dfff51eed7ff625cc37dbebde0e,1,1.0,1.0,0,0.006999999999999999,0,0,0.0,0.0,0,0,0.0,0.0,0,0,0.0,0.0,0.001008749008178711,0.4569430351257324
fe0db49d62f50afabf12da2b9077ed87c0f37ed1,42,0.8295876490130938,0.40476190476190477,0,52.321,0,0,0.061000000000000006,0.16899999999999998,0,0,0.30600000000000005,10.333,0,0,0.8230000000000001,25.230999999999998,0.0011141300201416016,0.1045680046081543
db23207891d4c88a828cacff06f799c39dd29c2c,10,0.7999999999999999,0.9,0,29.737,0,0,0.022000000000000002,1.2679999999999998,0,0,0.069,15.955,0,0,0.15700000000000003,29.637999999999998,0.0010471343994140625,0.024106740951538086
7233bf46d9008b026e822053d793d38c0f6d92c4,10,0.8077922077922078,0.3,0,29.986000000000004,0,0,0.021,0.021,0,0,0.06,28.652,0,0,0.14200000000000002,28.703000000000003,0.0010199546813964844,0.58896803855896
354f627aaff8fe98d3c71fcf0a7205164fe24068,26,0.7979358168037413,0.5,0,51.064,0,0,0.08,14.528,0,0,0.318,18.910000000000004,0,0,0.7909999999999999,46.246,0.0010921955108642578,0.6235671043395996
f98a1ddc19803559812d70b4326db9c70404f0fc,2,0.8,1.0,0,21.868000000000002,0,0,0.0,0.0,0,0,0.018000000000000002,21.85,0,0,0.018000000000000002,21.85,0.0010957717895507812,0.03830099105834961
1de6355b694ed9d9e2074c3dfb5bb4f3d39e6611,4,0.7999999999999999,0.25,0,0.196,0,0,0.008,0.024,0,0,0.032,0.07,0,0,0.078,0.188,0.001081228256225586,0.024042844772338867
db1419aa5f6e97ae6a8e97b3ad4dea6e063d5c23,1,1.0,1.0,0,2.105,0,0,0.0,0.0,0,0,0.0,0.0,0,0,0.0,0.0,0.001071929931640625,0.5818970203399658
efc754a67cddd2dfd0015498b2ee5218c6025ef3,1,1.0,1.0,0,2.438,0,0,0.0,0.0,0,0,0.0,0.0,0,0,0.0,0.0,0.0009427070617675781,0.012480020523071289
4f8452880afc3fbedeb1f16e1b72035c9305be30,21,0.6306251887647237,0.23809523809523808,0,27.109999999999996,0,0,0.015,2.5709999999999997,0,0,0.078,24.637999999999998,0,0,0.246,27.06,0.0009837150573730469,0.027956008911132812
f4e275e781db855eda690fb3d3b48ceb9476adf1,1,1.0,0.0,0,0.23,0,0,0.0,0.0,0,0,0.0,0.0,0,0,0.0,0.0,0.0010881423950195312,0.6356728076934814
97aad922da38e9640bafe2011d1f437bd7ad7c95,26,0.7719722625383003,0.7692307692307693,0,51.297,0,0,0.08199999999999999,0.382,0,0,0.309,16.845000000000002,0,0,0.8049999999999999,45.219,0.0010519027709960938,0.32294774055480957
6bfff9055ba3db5df39445712f28f3142de2f92d,1,1.0,1.0,0,0.532,0,0,0.0,0.0,0,0,0.0,0.0,0,0,0.0,0.0,0.0010590553283691406,0.6772069931030273
676aa790441780aeada06499fad9b3321618ebff,1,1.0,0.0,0,0.127,0,0,0.0,0.0,0,0,0.0,0.0,0,0,0.0,0.0,0.0010519027709960938,0.6720778942108154
047c2346766d8ac087dc6573b9bd2b26cc26ab51,1,1.0,1.0,0,0.124,0,0,0.0,0.0,0,0,0.0,0.0,0,0,0.0,0.0,0.0012180805206298828,0.6926369667053223
a39385a500fc0e8993d967a8025b931d3337ea04,1,1.0,0.0,2,0.122,0,0,0.0,0.0,0,0,0.0,0.0,0,0,0.0,0.0,0.001294851303100586,0.47612905502319336
750d338864a92521f4daec993af7ef0aba9d609b,1,1.0,1.0,0,0.174,0,0,0.0,0.0,0,0,0.0,0.0,0,0,0.0,0.0,0.0009942054748535156,0.01611924171447754
0f09727be891a123005992eedb16963ec14578d5,1,1.0,1.0,0,0.11699999999999999,0,0,0.0,0.0,0,0,0.0,0.0,0,0,0.0,0.0,0.000982046127319336,0.01516413688659668
9f0c54042226e1b19f4eb48b8f09885ac2aa221a,1,1.0,1.0,0,0.11599999999999999,0,0,0.0,0.0,0,0,0.0,0.0,0,0,0.0,0.0,0.0009801387786865234,0.6707561016082764
5f3e1cecb76c4eef043607ee231f50d7d68c9108,1,1.0,1.0,0,0.142,0,0,0.0,0.0,0,0,0.0,0.0,0,0,0.0,0.0,0.0010542869567871094,0.7199721336364746
bbb4c8810247c0f8697bd677eee0c9895235afcf,1,1.0,1.0,0,0.11800000000000001,0,0,0.0,0.0,0,0,0.0,0.0,0,0,0.0,0.0,0.0010228157043457031,0.013659238815307617
05fdca32c087afeff5f0f0901c52cfb1264a74cd,1,1.0,1.0,0,0.127,0,0,0.0,0.0,0,0,0.0,0.0,0,0,0.0,0.0,0.0010120868682861328,0.03213691711425781
7197abfd17530a5417097268a1e18a685edc5889,1,1.0,0.0,0,0.11199999999999999,0,0,0.0,0.0,0,0,0.0,0.0,0,0,0.0,0.0,0.001077890396118164,0.4673750400543213
5d3269b1c5d2bfed8720814b439830a00f64b36a,1,1.0,0.0,0,0.11599999999999999,0,0,0.0,0.0,0,0,0.0,0.0,0,0,0.0,0.0,0.001116037368774414,0.027666807174682617
e84d32281523bba86c06b457a78cf092902ab2b4,22,0.7947299077733863,0.45454545454545453,0,52.185,0,0,0.082,4.295000000000002,0,0,0.27999999999999997,6.965000000000002,0,0,1.447,51.266999999999996,0.0011687278747558594,0.1888442039489746
9c38fde99627d7d8cd7ffe3c7bd704824bab0960,1,1.0,1.0,0,0.131,0,0,0.0,0.0,0,0,0.0,0.0,0,0,0.0,0.0,0.0009987354278564453,0.19900107383728027
b2dbfb9bbec197bf57cca03f47253d9551769bf8,21,0.760797342192691,0.5238095238095238,0,51.300999999999995,0,0,0.08700000000000001,27.977,0,0,0.278,28.204,0,0,0.7240000000000001,42.514,0.0010280609130859375,0.14114165306091309
a1f4d43253ac11abe8cf3ed53876dabc885d7b30,1,1.0,1.0,0,0.23600000000000002,0,0,0.0,0.0,0,0,0.0,0.0,0,0,0.0,0.0,0.0010170936584472656,0.022438764572143555
d765941b4ff45091a2435e98a007d9131293e96f,1,1.0,1.0,0,0.254,0,0,0.0,0.0,0,0,0.0,0.0,0,0,0.0,0.0,0.0009851455688476562,0.36109209060668945
4271d0f15e0b675a83f20343eaa38fe642b09e65,1,1.0,1.0,0,0.258,0,0,0.0,0.0,0,0,0.0,0.0,0,0,0.0,0.0,0.0010471343994140625,0.015379905700683594
cbc5a146154ada255d491d6509497d0d57bad336,1,1.0,1.0,0,0.19699999999999998,0,0,0.0,0.0,0,0,0.0,0.0,0,0,0.0,0.0,0.0010249614715576172,0.32718896865844727
1d2efd6dd123884324098eee62871e007268333d,2,1.0,1.0,0,24.291,0,0,0.0,0.0,0,0,2.406,2.406,0,0,2.406,2.406,0.0010752677917480469,0.22205901145935059
09d8687ba1612f43769d72489a5c89d40d168718,37,0.7894736842105263,0.6216216216216216,0,23.099000000000004,0,0,0.039,6.329,0,0,0.175,7.716999999999999,0,0,0.534,8.059,0.0012352466583251953,0.5414657592773438
effe551657921069b871519156a934e4ef3ae916,61,0.7480362693632221,0.8688524590163934,0,53.84,0,0,0.039999999999999994,36.821,0,0,0.23100000000000007,42.78299999999999,0,0,0.7080000000000002,49.934000000000005,0.0012290477752685547,0.4577357769012451
586d223e8049873dfa350e5f575e3c03e714dbcf,1,1.0,1.0,0,0.175,0,0,0.0,0.0,0,0,0.0,0.0,0,0,0.0,0.0,0.0010838508605957031,1.0692541599273682
9afc2969a3b491476525e100a8a542027576952e,5,0.7818181818181817,0.8,0,0.398,0,0,0.018000000000000002,0.02,0,0,0.038000000000000006,0.269,0,0,0.05800000000000001,0.28900000000000003,0.0013179779052734375,0.2944767475128174
7705470ba1ca2bf95f6442f06f68f007f33a4aeb,1,1.0,1.0,0,21.15,0,0,0.0,0.0,0,0,0.0,0.0,0,0,0.0,0.0,0.0010390281677246094,1.0597190856933594
fe122baccecc1689d128482a45694a0c3e293796,22,0.7960474308300395,0.8636363636363636,0,51.705,0,0,0.07500000000000001,0.183,0,0,0.288,21.112,0,0,1.3230000000000002,49.034,0.0010118484497070312,1.2106001377105713
1e0666d90d8a12cb010265ca453a5cdfadf1ed77,22,0.7119894598155468,0.8181818181818182,0,51.589,0,0,0.07700000000000001,2.2990000000000004,0,0,0.294,22.934,0,0,1.936,51.339999999999996,0.0011067390441894531,0.1958000659942627
5a23a77eacd7f42931f2cacf81061792b5052040,22,0.7778656126482214,0.8181818181818182,0,52.055,0,0,0.089,1.3270000000000002,0,0,0.317,39.704,0,0,1.848,45.302,0.0011088848114013672,0.03032088279724121
ee2f71d9fd2ce253f53de137950fa90087b9f565,22,0.7370223978919632,0.6363636363636364,0,52.17400000000001,0,0,0.08000000000000002,7.611000000000001,0,0,0.306,7.889000000000002,0,0,1.632,30.025000000000006,0.0011777877807617188,0.24637889862060547
74ddb1257444623206fcbdd8d0ac5e98d57ca2ba,22,0.7509881422924901,0.8181818181818182,0,51.66800000000001,0,0,0.087,17.121999999999996,0,0,0.305,22.098,0,0,1.4370000000000003,22.267000000000003,0.001062154769897461,0.26594090461730957
0d3290e74ffdd8be397d14fececadca5516202dd,1,1.0,1.0,0,21.85,0,0,0.0,0.0,0,0,0.0,0.0,0,0,0.0,0.0,0.0009949207305908203,0.3757500648498535
9a3040cefb70a20e34b05a675d8a485fc2534dfe,1,1.0,1.0,0,22.06,0,0,0.0,0.0,0,0,0.0,0.0,0,0,0.0,0.0,0.0009989738464355469,0.3322410583496094
6d8ef99f2ed43b9f71005561af57e50c3b24f7d0,1,1.0,1.0,0,21.631,0,0,0.0,0.0,0,0,0.0,0.0,0,0,0.0,0.0,0.0010638236999511719,0.8303680419921875
54f7d7392badfce4b44e834146d93a6cde58f904,1,1.0,1.0,0,21.749000000000002,0,0,0.0,0.0,0,0,0.0,0.0,0,0,0.0,0.0,0.0011479854583740234,0.23031878471374512
328ff753a9b0e231f3198b2e5196219b8740f8b9,3,1.0,1.0,0,0.14400000000000002,0,0,0.0,0.0,0,0,0.013999999999999999,0.013999999999999999,0,0,0.051000000000000004,0.051000000000000004,0.0011730194091796875,0.3447732925415039
982ecd8aaf88282a64c96fd274bac94a405cc419,25,0.7035294117647057,0.88,0,52.167,0,0,0.099,19.684,0,0,0.303,27.953000000000003,0,0,0.867,28.263,0.001096963882446289,0.5012941360473633
3e947380d02dbd6d8f4e7590e3282498a16d6d32,26,0.8284147718109982,0.8846153846153846,0,50.88399999999999,0,0,0.087,0.21200000000000002,0,0,0.326,24.707,0,0,0.849,40.967,0.0010688304901123047,0.3789961338043213
a74b6ef5632de238a9cfee97a9dddef1143b880a,15,0.6008064516129031,0.9333333333333333,0,20.059999999999995,0,0,0.043000000000000003,16.68,0,0,0.127,19.814999999999998,0,0,0.363,19.989999999999995,0.001024007797241211,0.50801682472229
eda31906bc6c2ab4a91d77c8706977a3586a81e2,26,0.8308337364941139,0.9230769230769231,0,51.515,0,0,0.07999999999999999,14.687999999999999,0,0,0.322,17.108999999999998,0,0,0.86,19.68,0.0010879039764404297,0.5360591411590576
7f15b0e5cdb5c92eab77b33da0eaae6e546910f7,22,0.7739130434782611,0.8636363636363636,0,51.617,0,0,0.089,6.731999999999999,0,0,0.328,9.0,0,0,1.472,9.974,0.0013370513916015625,0.6330218315124512
28e27d5452bd9cfc707231b1b3f5234422711109,22,0.7728590250329381,0.9545454545454546,0,52.062,0,0,0.088,21.304999999999996,0,0,0.325,22.628999999999998,0,0,1.897,24.887999999999998,0.0014450550079345703,0.20451688766479492
5a55a774056b400f9fc488fe8519bb9f73d02ceb,1,1.0,1.0,0,2.435,0,0,0.0,0.0,0,0,0.0,0.0,0,0,0.0,0.0,0.0010528564453125,0.23622894287109375
3cd6a2c19f46fdaf8396f15e15bc789c745cb9b9,22,0.746772068511199,0.7727272727272727,0,52.689,0,0,0.085,36.516999999999996,0,0,0.315,39.28,0,0,2.286,46.853,0.0013320446014404297,0.3896181583404541
32d58f94667615eabe93258d0ba38048f75ba148,22,0.7667984189723321,0.8636363636363636,0,52.024999999999984,0,0,0.088,24.058,0,0,0.322,33.836,0,0,1.8989999999999998,35.172999999999995,0.001093149185180664,0.49698781967163086
0a8ea398409f8596edc29ae4ef8a6c349c6e7af7,26,0.7684244476697308,0.8461538461538461,0,51.725,0,0,0.08300000000000002,5.752,0,0,0.315,26.776000000000003,0,0,0.851,29.341,0.001046895980834961,0.7431619167327881
7ae7af989df7c0754f92b54c5f6470bf2d234c9c,22,0.7367588932806325,0.8636363636363636,0,52.053,0,0,0.07400000000000001,38.349000000000004,0,0,0.295,42.782,0,0,1.6600000000000001,42.919,0.0009729862213134766,0.35440993309020996
70e051946c4f3700cce3a0e1906a5371e24f7d84,22,0.7272727272727274,0.9090909090909091,0,52.848000000000006,0,0,0.087,24.622999999999998,0,0,0.307,45.552,0,0,1.999,47.002,0.0010938644409179688,0.47218775749206543
0ac87b17a286ad3ed11ad585032d921f3a8c3434,22,0.7470355731225296,0.8636363636363636,0,52.10999999999998,0,0,0.07600000000000001,40.537,0,0,0.292,46.315999999999995,0,0,1.588,48.609999999999985,0.0010318756103515625,0.8248898983001709
33604af689f052c8d1dae41c2354e23eb3673e6d,3,1.0,1.0,0,2.503,0,0,0.0,0.0,0,0,0.018000000000000002,0.018000000000000002,0,0,0.043000000000000003,0.043000000000000003,0.0009579658508300781,0.4941749572753906
74138fee26056e9f5c6ada94fae30c06fa8a1b9f,1,1.0,1.0,0,0.187,0,0,0.0,0.0,0,0,0.0,0.0,0,0,0.0,0.0,0.0009491443634033203,0.27538204193115234
7663775d978c535e35287ebb333dba0f169100d4,1,1.0,1.0,0,0.16899999999999998,0,0,0.0,0.0,0,0,0.0,0.0,0,0,0.0,0.0,0.0011472702026367188,0.43532800674438477
9e151155a15598494079b08e0385aebbd050b999,33,0.6967036475377125,0.8787878787878788,0,51.851,0,0,0.043000000000000003,26.148,0,0,0.22500000000000003,28.933999999999997,0,0,0.695,29.158,0.0013568401336669922,0.7143630981445312
28caccb2f0b5829d5904ace52a6783941ed41b96,26,0.8266408643767134,0.8846153846153846,0,52.36900000000001,0,0,0.08300000000000002,2.3930000000000002,0,0,0.32,17.208,0,0,0.859,23.849999999999998,0.0011191368103027344,0.31123995780944824
f98f8bf48a08e55d9b07a770dad8b3fb927aa44e,26,0.8614739558135783,0.7692307692307693,1,51.010999999999996,1,1,21.876,24.286,1,1,22.096000000000004,33.94500000000001,1,1,22.496,34.31,0.0014348030090332031,0.2596311569213867
fd63ffd6af5fe72cbcb1f05888c7b3aa672013cc,31,0.6826996927803382,0.9032258064516129,0,52.28099999999999,0,0,0.072,20.162,0,0,0.34199999999999997,25.055,0,0,1.0799999999999998,51.859,0.0013759136199951172,0.4810760021209717
bf545e4dd3a0414879b5707c8750613c24db8730,48,0.7154691773616665,0.8333333333333334,0,57.866000000000014,0,0,0.08600000000000001,23.676000000000005,0,0,0.40700000000000003,26.832000000000008,0,0,1.21,38.83000000000001,0.0010938644409179688,0.5114598274230957
4da8e8ad1d29f542306e3766511fe0c6e1e3eacb,1,1.0,1.0,0,21.451999999999998,0,0,0.0,0.0,0,0,0.0,0.0,0,0,0.0,0.0,0.0010340213775634766,0.959658145904541
c7bd46892111853d766c28235e0fa5c26b091f93,2,1.0,1.0,0,15.945,0,0,0.0,0.0,0,0,1.4480000000000002,1.4480000000000002,0,0,1.4480000000000002,1.4480000000000002,0.001155853271484375,0.7910201549530029
2d11919cb66ef7ba3a6179b36dfb1703f8a89c71,2,1.0,1.0,0,15.979000000000001,0,0,0.0,0.0,0,0,1.454,1.454,0,0,1.454,1.454,0.0012030601501464844,0.6413459777832031
279f0c652ae48942b37dc87529ee2a40a68a4cc9,2,0.8,1.0,0,8.205,0,0,0.0,0.0,0,0,4.1,4.105,0,0,4.1,4.105,0.0010709762573242188,1.1392877101898193
583638baf42a6ca0cdba74d8f0fd9206823d73d4,30,0.731993654151243,0.8666666666666667,0,52.43499999999999,0,0,0.095,0.5740000000000001,0,0,0.3420000000000001,14.837999999999997,0,0,0.9129999999999999,15.779,0.0010678768157958984,0.46934032440185547
e337e7b64e03763bdc2c22ee44b0f3840afabdd6,2,0.8,0.5,0,0.061000000000000006,0,0,0.0,0.0,0,0,0.009000000000000001,0.052000000000000005,0,0,0.009000000000000001,0.052000000000000005,0.0010340213775634766,0.5042829513549805
c4a7e644a5fc43210fa0a563e9087347e3eef67d,21,0.7988523104802175,0.8095238095238095,0,51.13100000000001,0,0,0.089,16.797,0,0,0.282,17.139,0,0,0.775,26.913999999999998,0.0016560554504394531,0.35916733741760254
8cdf22e417fd6f62e3052aa79c6c94c5adc167d7,3,0.7857142857142856,0.6666666666666666,0,0.29,0,0,0.0,0.0,0,0,0.013999999999999999,0.23199999999999998,0,0,0.058,0.246,0.0009608268737792969,0.25071001052856445
50402e2c494d0b88f13f80cc76c914dadf350ab9,1,1.0,1.0,0,0.005,0,0,0.0,0.0,0,0,0.0,0.0,0,0,0.0,0.0,0.0010137557983398438,0.38813209533691406
63eba2740e08ede085c78b131bc1a9c3f1d5ddb1,21,0.7200241618846271,0.8095238095238095,0,50.623999999999995,0,0,0.08800000000000001,41.403999999999996,0,0,0.272,43.57900000000001,0,0,0.739,43.951,0.0011820793151855469,0.5446839332580566
513f20ad26f2e940e9224be387eafd5d9c58556f,26,0.8139009837123045,0.8461538461538461,0,51.306,0,0,0.07100000000000001,0.37700000000000006,0,0,0.302,20.6,0,0,0.8099999999999999,48.792,0.0010998249053955078,0.3572371006011963
bdd455596c53a97ce5edbf616a30f33d278ae41f,4,0.9333333333333332,0.5,0,0.307,0,0,0.005,0.021,0,0,0.026000000000000002,0.026000000000000002,0,0,0.08399999999999999,0.249,0.001069784164428711,0.6081581115722656
0986e7970561a77ade9bdaaf701e14017d105464,35,0.8437290409121393,0.9428571428571428,0,27.795,0,0,0.016,0.08500000000000002,0,0,0.065,24.503000000000004,0,0,0.266,24.654,0.0013120174407958984,0.5861377716064453
39acf07bc85fb77c2eb287d05302948597ccc0d9,27,0.6750360750360751,0.7777777777777778,0,51.08899999999999,0,0,0.08,7.978,0,0,0.298,48.233000000000004,0,0,0.871,50.763999999999996,0.0011591911315917969,0.20451569557189941
61ab2a7a573bc575a1862b487d769fbd892db098,2,1.0,0.0,0,0.5000000000000001,0,0,0.0,0.0,0,0,0.073,0.073,0,0,0.073,0.073,0.001238107681274414,0.5668449401855469
ee8a6c716ae0b1253f7d52ba7c3b4a400c03fc2d,1,1.0,1.0,0,0.083,0,0,0.0,0.0,0,0,0.0,0.0,0,0,0.0,0.0,0.0010449886322021484,0.39428091049194336
e0f5d6061f2c212c4e71f6e1b83506a045403bdb,46,0.6690340485213813,0.8913043478260869,0,52.093,0,0,0.03,2.6430000000000002,0,0,0.164,35.249,0,0,0.643,37.836999999999996,0.001074075698852539,0.5042788982391357
9b24a71e9930d7e929f9413c769ecd412fe830e9,1,1.0,1.0,0,0.078,0,0,0.0,0.0,0,0,0.0,0.0,0,0,0.0,0.0,0.00102996826171875,0.5861387252807617
5696c5208cdb00ae21cd45e07f2dc88ea6796091,9,0.7824561403508772,0.7777777777777778,0,0.164,0,0,0.004,0.052000000000000005,0,0,0.015,0.061000000000000006,0,0,0.037000000000000005,0.074,0.0010650157928466797,0.3742947578430176
def9299707ed1063d249559f0182f0fe559d33be,22,0.6669301712779974,0.9090909090909091,0,52.077,0,0,0.07899999999999999,25.155000000000005,0,0,0.287,45.46200000000001,0,0,1.547,51.847,0.00144195556640625,1.1102688312530518
16a7be9334f986fad9c0a4ede14f5d4ac6d567fc,23,0.7118408880666048,1.0,0,27.443,0,0,0.019000000000000003,2.52,0,0,0.086,5.007999999999999,0,0,0.27,5.066999999999999,0.001094818115234375,0.649399995803833
baba8cc875f5b197c08123b2d9add4cec3772300,22,0.796574440052701,0.8636363636363636,0,52.319,0,0,0.08100000000000002,8.752,0,0,0.291,9.042000000000002,0,0,1.9620000000000002,9.191,0.0010890960693359375,0.6501691341400146
e82b2129021420d2c42af8232c6565b223685d80,22,0.7517786561264822,0.9090909090909091,0,52.098000000000006,0,0,0.08100000000000002,18.79,0,0,0.297,40.76000000000001,0,0,1.841,44.336000000000006,0.0010571479797363281,0.364642858505249
c6edda83ce73bd42f5dbdb92eba7f9e4a9264d58,3,1.0,0.3333333333333333,0,0.004,0,0,0.0,0.0,0,0,0.001,0.001,0,0,0.002,0.002,0.0010428428649902344,0.4493389129638672
a4fc3e9b714e9c91768c04f6268179ed582dd922,2,0.8,1.0,0,0.007,0,0,0.0,0.0,0,0,0.003,0.004,0,0,0.003,0.004,0.0012028217315673828,0.8171858787536621
84ca5c79e31dd177169f4c074da5cb98fa1cdedd,1,1.0,1.0,0,0.09,0,0,0.0,0.0,0,0,0.0,0.0,0,0,0.0,0.0,0.0011792182922363281,0.49425172805786133
9a9b83857fd20c38a520642553c9106de548854f,1,1.0,1.0,0,0.035,0,0,0.0,0.0,0,0,0.0,0.0,0,0,0.0,0.0,0.0010631084442138672,0.5570218563079834
cbff61409d719d08c711baba4e89e03e2397df79,3,0.7142857142857142,1.0,0,0.008,0,0,0.0,0.0,0,0,0.002,0.004,0,0,0.004,0.006,0.001071929931640625,0.5256161689758301
6b47a571b665934d81ea8b3d000a3b56ed1310e5,1,1.0,1.0,0,2.423,0,0,0.0,0.0,0,0,0.0,0.0,0,0,0.0,0.0,0.0010449886322021484,0.5174329280853271
016222a00fbcaf6870f4552d5f27b7a375412340,40,0.7135953026196932,0.9,0,66.138,0,0,0.06000000000000001,31.630999999999997,0,0,0.24999999999999997,32.093,0,0,0.75,64.911,0.0010488033294677734,0.9836149215698242
33a52972db9afbe9baf2be23d8faeeb9bab01ea7,28,0.7193414570910034,0.8928571428571429,0,52.701,0,0,0.099,42.991,0,0,0.35,46.498999999999995,0,0,1.097,47.019,0.001294851303100586,0.7619988918304443
00f2cbe0dfe83947126fbfcbb6fa186899b555aa,5,0.8181818181818181,1.0,0,0.11499999999999999,0,0,0.001,0.078,0,0,0.012,0.079,0,0,0.024,0.09,0.0010449886322021484,0.49340367317199707
5a62c007b8b791c025cf2d4d60bb6da1aad86589,5,0.9272727272727272,1.0,0,0.12000000000000001,0,0,0.001,0.015,0,0,0.010000000000000002,0.016,0,0,0.025,0.025,0.0010409355163574219,0.9681351184844971
13f756d83675e7bbdf62d3375cddae8bf4bcc599,46,0.7464116260332428,0.8478260869565217,0,51.43200000000001,0,0,0.030000000000000002,26.556,0,0,0.153,32.307,0,0,0.5980000000000001,34.751000000000005,0.0011749267578125,0.5424149036407471
b345cc13ca141727d82d186732ea6b1ec7cab59d,1,1.0,1.0,0,0.085,0,0,0.0,0.0,0,0,0.0,0.0,0,0,0.0,0.0,0.0010619163513183594,0.7413589954376221
5509eb7e31b74667950d30d166c77428061d6b4a,22,0.7657444005270091,0.9090909090909091,0,52.46900000000001,0,0,0.086,0.183,0,0,0.331,24.611,0,0,2.074,52.141000000000005,0.0010952949523925781,0.7518949508666992
9f52fe40e25fe3861b7e8b8f05572cdbcba20456,46,0.7117662856972338,0.9347826086956522,0,51.41999999999999,0,0,0.030000000000000002,18.844,0,0,0.172,26.604,0,0,0.62,29.543,0.0011587142944335938,0.39278626441955566
db99bbd8f2c41b4c897312dbc4e4937227f9bec0,46,0.817880695890902,0.8913043478260869,0,52.109,0,0,0.031000000000000003,14.703999999999999,0,0,0.16799999999999998,39.418000000000006,0,0,0.645,45.394999999999996,0.0011699199676513672,1.449883222579956
43b2fffb08b317f697244638f12ba267d2807b9f,46,0.8086001611411182,0.9347826086956522,0,51.86299999999999,0,0,0.031,0.092,0,0,0.16599999999999998,8.54,0,0,0.621,34.646,0.0010800361633300781,1.0321638584136963
c0eb48f7e83987c5ed112b82f0d651aff5149ae4,1,1.0,1.0,0,0.006999999999999999,0,0,0.0,0.0,0,0,0.0,0.0,0,0,0.0,0.0,0.0010061264038085938,0.7712409496307373
071dbe7c211380bd4bed252c9b7a767279d112bc,1,1.0,1.0,0,0.003,0,0,0.0,0.0,0,0,0.0,0.0,0,0,0.0,0.0,0.0011200904846191406,0.44718170166015625
11580a9ab6fd81cf832f52e2713fc0273dd70a13,20,0.7829268292682927,0.9,0,50.629,0,0,0.083,22.150999999999996,0,0,0.26,24.712999999999997,0,0,2.751,40.908,0.0011153221130371094,1.2510793209075928
a4594450b64b104553edb9f8c8c3f3f82b0cfb07,1,1.0,1.0,0,0.002,0,0,0.0,0.0,0,0,0.0,0.0,0,0,0.0,0.0,0.0010743141174316406,0.9118232727050781
910ae1741aa6324566687775e81cbe3f8909024c,15,0.8427419354838709,0.9333333333333333,0,26.669999999999998,0,0,0.012,0.041,0,0,0.09,0.434,0,0,0.33,24.543,0.0011069774627685547,0.524151086807251
586296992e5fb4d68bf87c7914573813e1fcacd9,56,0.7532769978042451,0.8571428571428571,0,55.627,0,0,0.033,2.7550000000000003,0,0,0.15800000000000003,7.332999999999999,0,0,0.6100000000000001,26.159999999999997,0.001065969467163086,0.35578298568725586
de71c0e40599310d519cc4da8d217e67ca38847a,15,0.7774193548387097,1.0,0,26.82,0,0,0.013,0.168,0,0,0.086,2.3029999999999995,0,0,0.314,24.374,0.0010747909545898438,0.7559459209442139
e8db278a29e0b363c8fe22d2cbcdd7db36b614b5,3,0.7857142857142856,1.0,0,0.029000000000000005,0,0,0.0,0.0,0,0,0.009000000000000001,0.01,0,0,0.019000000000000003,0.019000000000000003,0.0010170936584472656,0.9113399982452393
9264ccd2857cc25cabf6a309f323dd95ed319495,44,0.7028941096356827,0.9318181818181818,0,56.921000000000014,0,0,0.07200000000000001,40.52,0,0,0.298,54.45800000000001,0,0,0.961,56.35500000000001,0.0011126995086669922,1.142042875289917
d4e1ad171208fc1a63de63b4a7e4c08e43edc41a,24,0.7520408163265306,0.875,0,51.908,0,0,0.056,2.5399999999999996,0,0,0.22699999999999998,41.797,0,0,1.941,51.577999999999996,0.0012900829315185547,0.7779412269592285
ed1723428847e2e7c24e9a8c3e379fda0c0f7496,4,0.9666666666666667,0.0,4,0.047,1,1,0.005,0.009000000000000001,2,2,0.014000000000000002,0.014000000000000002,3,3,0.025,0.025,0.0012311935424804688,0.5031270980834961
49f8c2a817f811bdc9fc3e7f550a8e0b13503e7f,4,0.9,1.0,0,0.023,0,0,0.002,0.002,0,0,0.005,0.013000000000000001,0,0,0.012,0.016,0.0009670257568359375,0.8061888217926025
67325cf97946f053da51dd358a9ffca0a9676c03,1,1.0,1.0,0,0.031,0,0,0.0,0.0,0,0,0.0,0.0,0,0,0.0,0.0,0.0010030269622802734,0.4941089153289795
0bfb0f2b5ec98b5fd85dd5ab58c6a4dd3c0a821a,22,0.7818181818181819,0.8636363636363636,0,51.83200000000001,0,0,0.091,14.912999999999998,0,0,0.34299999999999997,22.599999999999994,0,0,2.0229999999999997,25.096999999999998,0.0012316703796386719,0.7337527275085449
2bbdd4e503e69fc06c5d371c15eec14258eac6d8,22,0.7251646903820819,0.8636363636363636,0,56.61699999999999,0,0,0.09,35.31699999999999,0,0,0.338,52.08,0,0,2.329,52.276999999999994,0.0010378360748291016,0.6786267757415771
6af248a09f5ca72a7cdbc6a0c0518026d8963149,2,1.0,1.0,0,0.024,0,0,0.0,0.0,0,0,0.001,0.001,0,0,0.001,0.001,0.0010762214660644531,1.1812889575958252
b39bac24d89b711a99962e05131a43b0d6c39865,22,0.7749670619235837,0.8636363636363636,0,56.277,0,0,0.09,16.72,0,0,0.336,21.112,0,0,1.9089999999999998,24.766000000000002,0.0011909008026123047,1.0893070697784424
c7be7b41fb1a8da249ebba27df1b2f0f4ffcdb17,1,1.0,1.0,0,0.001,0,0,0.0,0.0,0,0,0.0,0.0,0,0,0.0,0.0,0.0010666847229003906,0.5490000247955322
1ef212e0629d8b19a3b974cbb428a1f000f1c540,3,0.7857142857142856,0.3333333333333333,4,3.159,0,0,0.0,0.0,3,1,1.067,2.09,4,1,3.157,2.0919999999999996,0.001055002212524414,0.6344151496887207
6e6cb12471757b4d2edf8ce110855fa6fa7c7329,2,1.0,0.5,0,8.221,0,0,0.0,0.0,0,0,4.109,4.109,0,0,4.109,4.109,0.001093149185180664,0.8025085926055908
a5f85b0a383d9983ddf0dcaeb744f7ea6b5c27b7,1,1.0,0.0,0,0.067,0,0,0.0,0.0,0,0,0.0,0.0,0,0,0.0,0.0,0.0010437965393066406,0.914280891418457
fe93454cbc2e4f6b60d854459ca2dba0e0eb1bc3,2,1.0,1.0,0,8.224000000000002,0,0,0.0,0.0,0,0,4.1110000000000015,4.1110000000000015,0,0,4.1110000000000015,4.1110000000000015,0.0010287761688232422,0.9308538436889648
3c8b03103f9a120be50b9e81f738ec1b903336e9,17,0.8750700280112044,0.8823529411764706,0,55.221,0,0,0.07100000000000001,0.177,0,0,0.24600000000000002,15.062999999999999,0,0,2.715,27.452999999999996,0.001280069351196289,1.2983248233795166
ce81551eca5b514ad588c020f9e89ef0b9da90a0,2,0.8,0.5,0,0.064,0,0,0.0,0.0,0,0,0.002,0.062,0,0,0.002,0.062,0.0010371208190917969,0.6691949367523193
2a819f7e7a34875dad787aad2a2614e9a5ec93ae,1,1.0,0.0,0,0.059000000000000004,0,0,0.0,0.0,0,0,0.0,0.0,0,0,0.0,0.0,0.0010590553283691406,1.9405572414398193
a053fefc0e9349ad5e97ff2353e3a8cf6873bfa7,3,0.7857142857142856,1.0,0,0.172,0,0,0.0,0.0,0,0,0.015,0.032,0,0,0.047,0.157,0.0010139942169189453,0.9802210330963135
7c58d8a9919c5c9dbc1485a21d56bb3f37444060,65,0.7155180697165427,0.9230769230769231,0,65.72699999999999,0,0,0.034,8.948,0,0,0.20800000000000002,29.676,0,0,0.7110000000000001,65.41,0.0010881423950195312,1.2127790451049805
8700816250e849d9f8d0fc402b090aec6ba7ab60,22,0.7180500658761527,0.8636363636363636,0,54.914000000000016,0,0,0.099,4.4430000000000005,0,0,0.35300000000000004,34.362,0,0,2.126,35.87100000000001,0.0010890960693359375,0.9817430973052979
e896a18f4c92b81837982ae7d678a8618d09293f,1,1.0,1.0,0,0.002,0,0,0.0,0.0,0,0,0.0,0.0,0,0,0.0,0.0,0.0010559558868408203,1.0440049171447754
dea25cad0dc2fe6163dfe78dd0d54a385e2ac676,3,0.7142857142857142,1.0,0,0.051000000000000004,0,0,0.0,0.0,0,0,0.001,0.048,0,0,0.003,0.05,0.0010859966278076172,0.7867922782897949
1da722275c6780c253d1026f39c9dddcbc9ccef1,3,1.0,1.0,0,0.026000000000000002,0,0,0.0,0.0,0,0,0.0,0.0,0,0,0.002,0.002,0.0010349750518798828,1.1828219890594482
6c870782ecd20e5d460f8454fff316834710d4f2,1,1.0,1.0,0,0.066,0,0,0.0,0.0,0,0,0.0,0.0,0,0,0.0,0.0,0.0011010169982910156,1.5890018939971924
2df53eb9e85e7151b0115e3d293398f4b8b6a2b8,1,1.0,1.0,0,0.052000000000000005,0,0,0.0,0.0,0,0,0.0,0.0,0,0,0.0,0.0,0.0010330677032470703,1.1816470623016357
2541eb43d2716599ab687bce2a61751a3ebdbe9d,1,1.0,1.0,0,0.003,0,0,0.0,0.0,0,0,0.0,0.0,0,0,0.0,0.0,0.0013589859008789062,0.7117788791656494
e191b9ca9486f2b4273ed5effba490c27a096ddc,22,0.7915678524374177,0.9090909090909091,0,54.38699999999999,0,0,0.094,18.756,0,0,0.35100000000000003,21.006,0,0,2.3419999999999996,48.393,0.00102996826171875,0.7586750984191895
35ea189f533c703906d9f770dff684c4557b18a7,1,1.0,1.0,0,0.038,0,0,0.0,0.0,0,0,0.0,0.0,0,0,0.0,0.0,0.0010030269622802734,0.7348651885986328
afe78a030b57e3f74825e134d6615ef4878778cc,21,0.8160676532769557,0.8095238095238095,0,53.464,0,0,0.105,25.766000000000002,0,0,0.329,42.337,0,0,0.812,50.678999999999995,0.0010609626770019531,0.7139537334442139
76e45d6a50da6228c44b04a565dca96432c4b197,21,0.7894895801872547,0.8571428571428571,0,53.37900000000001,0,0,0.098,16.817,0,0,0.322,17.046999999999997,0,0,0.8420000000000001,23.738999999999997,0.0010998249053955078,0.7240090370178223
6a3aad23990b7965e726f76653ba3513e5adc836,6,0.8131868131868132,0.8333333333333334,0,0.35300000000000004,0,0,0.001,0.001,0,0,0.006,0.29700000000000004,0,0,0.037,0.34800000000000003,0.001104116439819336,0.47975921630859375
5d072ef89fbc2532f621a5a0b4d6791cb926a997,21,0.7478103292056784,0.8571428571428571,0,53.029999999999994,0,0,0.10200000000000001,6.74,0,0,0.32099999999999995,23.073999999999998,0,0,0.817,23.224999999999998,0.0010979175567626953,0.9715580940246582
c01e3e48a823c4e913ebe3c6694a127019560aa5,50,0.8067093768200349,0.88,0,54.581,0,0,0.024,2.4699999999999998,0,0,0.116,28.87500000000001,0,0,0.5549999999999999,33.60400000000001,0.0010139942169189453,0.72943115234375
b9c2c119c18dea618854e43639284a6eb799c925,22,0.6901185770750989,0.9090909090909091,0,54.96399999999999,0,0,0.101,18.87,0,0,0.381,49.327000000000005,0,0,1.977,50.690999999999995,0.0011126995086669922,1.1958789825439453
e76397c0c7f7889f82a0a59203ad16a673f1e704,1,1.0,0.0,1,25.162,0,0,0.0,0.0,0,0,0.0,0.0,0,0,0.0,0.0,0.0010349750518798828,1.31064772605896
b34408aa82918b6fa8cd4033921d0331d8ef2b5a,1,1.0,1.0,0,25.715999999999998,0,0,0.0,0.0,0,0,0.0,0.0,0,0,0.0,0.0,0.0009579658508300781,0.8015701770782471
abb0fc08e7014d8e20e957e5c43ef04b22353d2c,54,0.7385599110369752,0.8888888888888888,0,55.579,0,0,0.027999999999999997,45.513999999999996,0,0,0.15900000000000003,48.695,0,0,0.661,49.181,0.0010118484497070312,0.7804999351501465
57f493adef716d49ed1fd2f4e857febfe0a48aa8,1,1.0,0.0,0,0.08199999999999999,0,0,0.0,0.0,0,0,0.0,0.0,0,0,0.0,0.0,0.0010449886322021484,0.8527209758758545
84dcf5f3e54ee40b806108a713fd4c334900834a,4,0.6666666666666666,0.75,0,0.07,0,0,0.001,0.065,0,0,0.003,0.067,0,0,0.005,0.069,0.0010192394256591797,0.7990257740020752
344403579a552b26c0a1ab79915b7c91aac4a13c,1,1.0,1.0,0,0.085,0,0,0.0,0.0,0,0,0.0,0.0,0,0,0.0,0.0,0.0009458065032958984,0.6816310882568359
a9159aba0efda305e6985f904072bfe82ee2a1d1,1,1.0,0.0,0,0.069,0,0,0.0,0.0,0,0,0.0,0.0,0,0,0.0,0.0,0.0009958744049072266,0.8938448429107666
ee4ce5f4ece734cb6d3d9f0e215e42b565290fdb,1,1.0,1.0,0,0.066,0,0,0.0,0.0,0,0,0.0,0.0,0,0,0.0,0.0,0.0010280609130859375,0.5486540794372559
c65777acf65ee83967ca394adb6619330be9790f,1,1.0,1.0,0,0.066,0,0,0.0,0.0,0,0,0.0,0.0,0,0,0.0,0.0,0.0010652542114257812,0.4346587657928467
109a55735e2b93889e6fcc5d8b867451f291e9ef,3,0.7142857142857142,1.0,0,0.185,0,0,0.0,0.0,0,0,0.02,0.126,0,0,0.059,0.165,0.0010578632354736328,0.6026899814605713
4d49a1953e287fffbd10ba2707ed1b3806eef21b,70,0.6720321931589537,0.8571428571428571,0,72.926,0,0,0.019999999999999997,29.589999999999996,0,0,0.17400000000000004,59.797,0,0,0.6390000000000001,72.762,0.0011529922485351562,1.1688311100006104
e4e9fc66487aa7386917030810fd468856483ab4,9,0.6877192982456141,0.6666666666666666,0,49.59999999999999,0,0,0.28099999999999997,14.358999999999998,0,0,1.9419999999999997,43.62899999999999,0,0,6.388999999999999,46.94799999999999,0.0010797977447509766,0.613839864730835
9adf0d7f6ebd27aee0124c73037085abdb048748,1,1.0,1.0,0,0.172,0,0,0.0,0.0,0,0,0.0,0.0,0,0,0.0,0.0,0.0010311603546142578,0.8308138847351074
eb162b8f1166f0d77482feba8c09594d0ba934fc,2,0.8,0.5,0,0.164,0,0,0.0,0.0,0,0,0.065,0.099,0,0,0.065,0.099,0.0009679794311523438,0.5601270198822021
fdfbd85433facd2259fa8bbb45bfe2e99bf9f432,1,1.0,1.0,0,0.187,0,0,0.0,0.0,0,0,0.0,0.0,0,0,0.0,0.0,0.0010020732879638672,1.3596398830413818
c3a83486048dba356a8f6638c5cbd1eb12a93bd3,1,1.0,0.0,0,0.052000000000000005,0,0,0.0,0.0,0,0,0.0,0.0,0,0,0.0,0.0,0.0010449886322021484,0.8494048118591309
e23402c1dc133842c1acef0a2d7cd1f386647de7,1,1.0,1.0,0,0.018000000000000002,0,0,0.0,0.0,0,0,0.0,0.0,0,0,0.0,0.0,0.0009548664093017578,0.5909149646759033
718b2bfcb7b5d94b6def4d7e89f6ebc49ff11563,1,1.0,1.0,0,0.011000000000000001,0,0,0.0,0.0,0,0,0.0,0.0,0,0,0.0,0.0,0.0010349750518798828,0.8161189556121826
22a39cbc721d5c0391dea1ed10e5350f917c79db,1,1.0,1.0,0,0.011000000000000001,0,0,0.0,0.0,0,0,0.0,0.0,0,0,0.0,0.0,0.0010628700256347656,0.6307966709136963
b38438075dd34fcc19c8df877446e4014ed8579c,1,1.0,1.0,0,25.518,0,0,0.0,0.0,0,0,0.0,0.0,0,0,0.0,0.0,0.0009989738464355469,0.7089262008666992
87c5e5377589c4fbbd499010a27b1e345ec38224,1,1.0,1.0,0,25.553,0,0,0.0,0.0,0,0,0.0,0.0,0,0,0.0,0.0,0.0009493827819824219,0.35030484199523926
fe265088974f937c8a9626052dd5d29b1a207dbd,1,1.0,1.0,0,25.438000000000002,0,0,0.0,0.0,0,0,0.0,0.0,0,0,0.0,0.0,0.0013356208801269531,0.9192318916320801
7b1b3624d78e659e0bf80b061756d8c6e08640c6,1,1.0,1.0,0,0.253,0,0,0.0,0.0,0,0,0.0,0.0,0,0,0.0,0.0,0.0010690689086914062,0.7930123805999756
54eeaee27c4d73a5b3b6ee84e53ee9046919a18b,53,0.7643762612903857,0.8867924528301887,0,68.19199999999998,0,0,0.022,4.3759999999999994,0,0,0.14100000000000001,21.445999999999998,0,0,0.65,21.787000000000003,0.0011250972747802734,1.380568027496338
284886bd96c93740a26cac4c6e39a255fecf6062,18,0.8923660502607869,0.8333333333333334,0,43.791000000000004,0,0,0.017,0.054,0,0,0.15200000000000002,25.477000000000004,0,0,0.395,27.898000000000003,0.0009779930114746094,0.9563720226287842
b2da444800d4c5d472da58a6b776891621d11718,22,0.7491436100131753,0.8636363636363636,0,54.028,0,0,0.099,4.354000000000001,0,0,0.35600000000000004,9.065000000000001,0,0,1.7259999999999998,27.747999999999998,0.0009846687316894531,0.8802733421325684
2e72f7494ae59cb11b11a43f87839315390beaf4,3,0.7142857142857142,1.0,0,2.4810000000000003,0,0,0.0,0.0,0,0,0.025,2.4290000000000003,0,0,0.052000000000000005,2.4560000000000004,0.0011110305786132812,0.3582608699798584
76c4ec233c1a61b1f46df6d6847b889c0a7a978a,1,1.0,1.0,0,0.203,0,0,0.0,0.0,0,0,0.0,0.0,0,0,0.0,0.0,0.0010759830474853516,0.5484979152679443
7506aa1a2c648ca3da724aa83de41bf526239add,1,1.0,1.0,0,0.244,0,0,0.0,0.0,0,0,0.0,0.0,0,0,0.0,0.0,0.0009541511535644531,1.0139057636260986
8f06c0ddc6fb9d17075e688265ac3767259bc5e4,1,1.0,1.0,0,0.21,0,0,0.0,0.0,0,0,0.0,0.0,0,0,0.0,0.0,0.001177072525024414,0.7962760925292969
1d031d6eb6e6861f38e228bd587ff74e7f6fcce8,1,1.0,1.0,0,0.214,0,0,0.0,0.0,0,0,0.0,0.0,0,0,0.0,0.0,0.0010509490966796875,0.8766829967498779
426cd8c52ef1732ad3a57171429bf7704d80bcc0,1,1.0,1.0,0,0.22699999999999998,0,0,0.0,0.0,0,0,0.0,0.0,0,0,0.0,0.0,0.0009467601776123047,1.3816008567810059
24df623ed69f86a13a2ec453f480a4e3f93b04ff,1,1.0,1.0,0,0.243,0,0,0.0,0.0,0,0,0.0,0.0,0,0,0.0,0.0,0.0010600090026855469,1.2128572463989258
14a08584c7cf63dfadddaeec102820f9de901c60,1,1.0,0.0,0,0.017,0,0,0.0,0.0,0,0,0.0,0.0,0,0,0.0,0.0,0.001026153564453125,0.6186501979827881
31373778a21bf4124ba2c120e384db8062f0a2b6,29,0.7081239041496202,0.7586206896551724,0,54.431,0,0,0.12300000000000001,8.878,0,0,0.35700000000000004,9.451999999999998,0,0,0.9349999999999999,49.129,0.0011382102966308594,0.8116762638092041
4a0bf370411e027ee9c7e835f4834593917aa35d,2,0.8,1.0,0,0.044,0,0,0.0,0.0,0,0,0.016,0.027999999999999997,0,0,0.016,0.027999999999999997,0.0010769367218017578,0.7665038108825684
db551e3eb6805a69d4967265570811b011fd89f4,2,0.8,1.0,0,0.049,0,0,0.0,0.0,0,0,0.024,0.025,0,0,0.024,0.025,0.0012500286102294922,0.6957390308380127
d9406824aeba0e977c0692971a6dbb2e62823886,1,1.0,1.0,0,0.081,0,0,0.0,0.0,0,0,0.0,0.0,0,0,0.0,0.0,0.0009562969207763672,0.5082509517669678
6c3a1bb78c3e92fded50c1c1e9f4c3e2e6e9dd4c,22,0.7520421607378129,0.8181818181818182,0,54.167,0,0,0.10500000000000001,1.4,0,0,0.367,22.145,0,0,1.827,26.436,0.0010349750518798828,0.8218240737915039
6aa7ba1d927cc57769d4ed589326053849b235ea,1,1.0,1.0,0,0.096,0,0,0.0,0.0,0,0,0.0,0.0,0,0,0.0,0.0,0.001026153564453125,1.2811880111694336
3206b41cc6b60ef2854273ab0eee5e406f9f6efa,1,1.0,1.0,0,0.08199999999999999,0,0,0.0,0.0,0,0,0.0,0.0,0,0,0.0,0.0,0.0010559558868408203,1.7892098426818848
c1d92d87157b7d5a27aa989eff14e302e15f96d7,27,0.7344877344877346,0.7407407407407407,0,68.30099999999999,0,0,0.41000000000000003,34.285000000000004,0,0,1.0539999999999998,48.257000000000005,0,0,2.207,67.424,0.0010030269622802734,0.3678929805755615
4dc97b64005f0083b2facaa70f661138a4fa3fc0,57,0.6493490097056734,0.7543859649122807,0,71.75,0,0,0.7410000000000001,35.45900000000001,0,0,1.665,40.681999999999995,0,0,3.036,69.383,0.0011909008026123047,0.5288231372833252
59bc597a256f0146b5bb05d951ae2d84963cf3df,1,1.0,1.0,0,0.16399999999999998,0,0,0.0,0.0,0,0,0.0,0.0,0,0,0.0,0.0,0.001051187515258789,0.7924332618713379
51f13c846dae950e1d27693c9e23c1063945210f,74,0.6986105568655905,0.7972972972972973,0,76.996,0,0,0.9440000000000002,39.381,0,0,2.147,44.786,0,0,3.8130000000000006,71.784,0.001283884048461914,0.9045240879058838
81210eb267181b766acaf201a424a80d96bb5bed,1,1.0,1.0,0,0.051,0,0,0.0,0.0,0,0,0.0,0.0,0,0,0.0,0.0,0.0009531974792480469,1.170705795288086
e6832682adbd29fc47e90109a59ed5dca0c9d742,2,0.8,0.5,0,0.119,0,0,0.0,0.0,0,0,0.051,0.068,0,0,0.051,0.068,0.0010669231414794922,0.6200869083404541
5815293807b55cef2792edd9c440160ca8292b3f,22,0.6527009222661396,0.8181818181818182,0,55.128,0,0,0.385,32.193,0,0,1.0070000000000001,53.893,0,0,2.372,54.413,0.0010838508605957031,1.221217155456543
261e73236c58e094d5d68c5a063152a7169beafd,22,0.6521739130434783,0.7272727272727273,0,56.022999999999996,0,0,0.375,6.319999999999999,0,0,0.994,37.135999999999996,0,0,3.396,41.574999999999996,0.0010869503021240234,0.5667810440063477
209976ee53c9b584c013a9b0b21ec98ef733c6f1,22,0.6885375494071146,0.7727272727272727,0,55.42099999999999,0,0,0.361,6.5120000000000005,0,0,0.977,27.637999999999998,0,0,2.636,54.772,0.0009839534759521484,0.5809450149536133
cf402c948b2144ea83c40edb00163b74505335d1,22,0.7905138339920951,0.6818181818181818,0,55.440999999999995,0,0,0.388,29.784,0,0,1.047,34.554,0,0,3.027,50.395,0.0010340213775634766,0.6474392414093018
5e3359388b0732fd1b3d055036187525eea76521,5,0.6909090909090908,0.2,0,0.49400000000000005,0,0,0.075,0.166,0,0,0.155,0.249,0,0,0.238,0.329,0.0010371208190917969,0.6819131374359131
ab2aa8d6fdcdf5b3d326e7e86ac9d045f4859e98,35,0.8125419181757211,0.8571428571428571,0,69.52,0,0,0.5230000000000001,7.316999999999999,0,0,1.344,8.312000000000001,0,0,2.719,66.19800000000001,0.0011057853698730469,0.5086910724639893
2b9443351e9c89e812b4166f38c0f137eeaa0777,35,0.7731052984574112,0.6857142857142857,0,69.81700000000001,0,0,0.5529999999999999,0.981,0,0,1.396,59.153,0,0,2.822,66.641,0.0013120174407958984,0.634702205657959
e180578289a5c65e19e430bd3300a72c9ba97a9b,1,1.0,1.0,0,0.059000000000000004,0,0,0.0,0.0,0,0,0.0,0.0,0,0,0.0,0.0,0.001024007797241211,0.6359150409698486
fe24fcae4fa7c308dcc8ac232e06f310e52545d6,54,0.7645259938837922,0.8703703703703703,0,70.60000000000001,0,0,0.6900000000000002,3.5220000000000007,0,0,1.613,52.04399999999999,0,0,2.893,55.496,0.0011320114135742188,0.9537270069122314
d6beaa363bca8324c7a699ce797a89698d49ba54,54,0.7584468538596979,0.8333333333333334,0,70.69,0,0,0.6510000000000001,29.072,0,0,1.5200000000000002,48.519999999999996,0,0,2.762,53.714,0.0011539459228515625,0.39171719551086426
65e1c9c38becbee2f84d822cd65fd7dbce42b903,1,1.0,1.0,0,0.077,0,0,0.0,0.0,0,0,0.0,0.0,0,0,0.0,0.0,0.0010540485382080078,0.4639098644256592
822bd135f3a54b8fbeb23c313535b13c18198c3a,2,0.8,1.0,0,0.134,0,0,0.0,0.0,0,0,0.063,0.071,0,0,0.063,0.071,0.0009632110595703125,0.9715268611907959
9e2b2c09732ca596331f7ca34ba4e0f03d70093d,38,0.83874020716126,0.8421052631578947,0,69.576,0,0,0.5760000000000001,4.795000000000001,0,0,1.5000000000000002,10.057999999999998,0,0,2.758,41.035000000000004,0.001056671142578125,0.9925100803375244
a7bd568249f9ec20b69b2a700da6a0648e93a842,24,0.7614285714285715,0.8333333333333334,0,54.537,0,0,0.42300000000000004,6.924,0,0,0.9739999999999999,23.537999999999997,0,0,1.855,24.182000000000002,0.0011968612670898438,0.6582059860229492
c5f2e40e7a8234fe48e08d451d3152ba58a03ac6,28,0.7730101114856106,0.8214285714285714,0,46.522999999999996,0,0,0.359,14.482,0,0,0.8199999999999998,40.709,0,0,1.5460000000000003,43.24999999999999,0.0009908676147460938,0.7408349514007568
9d432121e1c60557da3e159252a88885944e5f00,23,0.7819148936170213,0.6956521739130435,0,56.051,0,0,0.38600000000000007,8.341000000000001,0,0,0.985,9.114,0,0,3.261,13.730000000000002,0.0009860992431640625,0.811676025390625
0c838a799ace7673e721bd29f0570097eb8f2925,10,0.8701298701298702,0.8,0,29.295,0,0,0.127,0.41500000000000004,0,0,0.45200000000000007,0.7020000000000001,0,0,0.8640000000000001,1.114,0.0010008811950683594,0.5378310680389404
5ea5c9624eee945ba6bf41e181066343e48272ce,9,0.7999999999999998,0.8888888888888888,0,0.5930000000000001,0,0,0.093,0.102,0,0,0.201,0.283,0,0,0.318,0.39299999999999996,0.0009698867797851562,0.6832830905914307
7479b372cd4291d2a51e51dd10690952d9fd7019,83,0.6887412782009131,0.7951807228915663,0,78.499,0,0,1.0280000000000002,34.653,0,0,2.298,61.219,0,0,4.073,62.580999999999996,0.0011391639709472656,0.645977258682251
6b57d2a14089735cf1c653a2717d05023a3be441,5,0.8363636363636362,0.8,0,25.992,0,0,0.059000000000000004,0.191,0,0,0.12,0.252,0,0,0.207,0.311,0.0011053085327148438,0.6248660087585449
79b4df582d0035e196d4dc10894778fae58311ce,8,0.8431372549019607,0.625,0,19.914,0,0,0.14300000000000002,0.199,0,0,0.31500000000000006,13.448000000000002,0,0,2.5989999999999998,17.686,0.0009768009185791016,0.4089019298553467
933796e9330ed5043ad8e76d9fa2cb8b1d3a8e3a,1,1.0,1.0,0,0.131,0,0,0.0,0.0,0,0,0.0,0.0,0,0,0.0,0.0,0.0010519027709960938,0.867595911026001
2a915f5872beca562a72a1ded95652f87b5daaa3,48,0.7026351777824533,0.7916666666666666,0,72.333,0,0,0.7829999999999998,35.384,0,0,1.802,40.894000000000005,0,0,3.294,42.287,0.0013730525970458984,0.5770869255065918
31c0d3a8e94b1016843596acea17a63bed9d4558,51,0.7213240785485219,0.8235294117647058,0,56.152,0,0,0.6240000000000001,17.711000000000002,0,0,1.41,20.887000000000004,0,0,2.653,51.12500000000001,0.0011150836944580078,0.5667147636413574
703228a3d40881ea52faada723726b05f6d77b8a,24,0.7795918367346938,0.75,0,54.297000000000004,0,0,0.42800000000000005,30.171,0,0,0.9909999999999999,30.839999999999996,0,0,1.903,49.247,0.0011210441589355469,1.4275469779968262
4aebb1129d397b20c8f911ccdf1e3595f020d127,1,1.0,1.0,0,0.073,0,0,0.0,0.0,0,0,0.0,0.0,0,0,0.0,0.0,0.0009491443634033203,0.6425809860229492
8b9fe1b01ce21003f6a6ff8391ad2a64f4d21030,65,0.6735813804516095,0.7846153846153846,0,76.932,0,0,0.8570000000000001,29.340000000000003,0,0,1.941,44.775999999999996,0,0,3.427,47.966,0.0010139942169189453,0.5164370536804199
4b5fa7d8d2d398a6eed0725ff4b2a8177da56896,23,0.7592506938020352,0.8695652173913043,0,54.98100000000001,0,0,0.35800000000000004,39.967999999999996,0,0,0.934,42.88800000000001,0,0,2.4000000000000004,48.18000000000001,0.0011210441589355469,0.6761510372161865
45fbfb82fd1f5168a7183e78ece89da7a60e21fe,1,1.0,1.0,0,25.85,0,0,0.0,0.0,0,0,0.0,0.0,0,0,0.0,0.0,0.0010328292846679688,0.984429121017456
d675cd1362d502de0a94e0ff4d10e9c4ada579e4,1,1.0,1.0,0,2.478,0,0,0.0,0.0,0,0,0.0,0.0,0,0,0.0,0.0,0.0009560585021972656,0.8969790935516357
b5a2c343d52885dada56baa5c681b4c63533cf52,23,0.7782146160962071,0.8260869565217391,0,55.356,0,0,0.366,14.589,0,0,0.952,20.105,0,0,2.774,22.993,0.0010461807250976562,0.83707594871521
f5c46b9fc80754c601205e6ef13c5b7e9a5003e2,1,1.0,1.0,0,2.5669999999999997,0,0,0.0,0.0,0,0,0.0,0.0,0,0,0.0,0.0,0.0010690689086914062,1.0093181133270264
722a5af4f1786599f22e91a34af459883c7a6a8b,1,1.0,1.0,0,25.285,0,0,0.0,0.0,0,0,0.0,0.0,0,0,0.0,0.0,0.0010151863098144531,0.6977450847625732
5411db017b093f0995a9b7807a6a4dabb0f1e0ea,1,1.0,1.0,0,31.184,0,0,0.0,0.0,0,0,0.0,0.0,0,0,0.0,0.0,0.0010139942169189453,0.879241943359375
31e141019010d27dfb3c1a1fb712433268b520f0,1,1.0,1.0,0,2.499,0,0,0.0,0.0,0,0,0.0,0.0,0,0,0.0,0.0,0.000946044921875,0.7510058879852295
d357d9d563c4a34fa2ab3cdc68221c851a9de4f5,3,0.7857142857142856,0.3333333333333333,0,0.191,0,0,0.0,0.0,0,0,0.05,0.078,0,0,0.113,0.128,0.0010769367218017578,0.6291308403015137
156653ea56fe215b97a263a770ea7094ff6adb84,20,0.6895470383275262,0.95,0,59.564,0,0,0.394,33.349,0,0,0.871,52.105,0,0,3.7,56.714,0.0010900497436523438,1.1508989334106445
3378280035f388157e007a06f7fcb74698b91e3e,51,0.7336686728462858,0.803921568627451,0,61.872,0,0,0.6070000000000001,5.355,0,0,1.393,6.669,0,0,2.642,26.311000000000003,0.0011107921600341797,0.689849853515625
41a3e9c52d52f60d121ae99d281881a55e006bca,51,0.8223432763695472,0.8235294117647058,0,61.933,0,0,0.632,0.7590000000000002,0,0,1.4669999999999999,12.426,0,0,2.7310000000000008,29.613999999999997,0.0010061264038085938,0.7602932453155518
a64b4cc5329f2275a5513b12622863e99a803a24,1,1.0,1.0,0,0.257,0,0,0.0,0.0,0,0,0.0,0.0,0,0,0.0,0.0,0.0009527206420898438,0.4045450687408447
bfd83b00eb5743ad4ad0d24957f84b61ef9f5f79,23,0.7347363552266419,0.8695652173913043,0,60.652,0,0,0.374,8.57,0,0,0.976,42.452,0,0,2.4560000000000004,45.724,0.0010890960693359375,1.2802062034606934
c295a589777a35730c90b26f28f7cc938d4053e3,1,1.0,1.0,0,1.369,0,0,0.0,0.0,0,0,0.0,0.0,0,0,0.0,0.0,0.0010099411010742188,1.3943188190460205
f00d97a6cea0a08c8112ffb8bd0b6847373899ae,59,0.6879361914257225,0.7627118644067796,0,63.339,0,0,0.7180000000000002,5.8580000000000005,0,0,1.652,15.645999999999999,0,0,3.0250000000000004,16.697999999999997,0.0012540817260742188,0.6833641529083252
c29e08e98a4d1f12842375cb8fb259b8e5054b0f,2,1.0,1.0,0,15.793000000000001,0,0,0.0,0.0,0,0,1.5759999999999998,1.5759999999999998,0,0,1.5759999999999998,1.5759999999999998,0.0009579658508300781,0.5163187980651855
70b9170cac5a47f6d55cdced51e94ac9a8fec28a,5,0.7636363636363634,0.8,0,14.454999999999998,0,0,0.059000000000000004,14.2,0,0,0.11800000000000001,14.258999999999999,0,0,0.179,14.319999999999999,0.0010979175567626953,0.8853480815887451
d4f28d7ff397386b208823c577180938e15769d3,3,0.9285714285714287,0.6666666666666666,0,0.543,0,0,0.0,0.0,0,0,0.069,0.162,0,0,0.231,0.231,0.0013380050659179688,0.7151548862457275
936b820a4e9b9f96661c961bab87e4ec05ca0574,23,0.7925531914893618,0.9130434782608695,0,61.31700000000001,0,0,0.38300000000000006,5.587000000000001,0,0,0.971,37.10900000000001,0,0,3.032,46.27600000000001,0.0010349750518798828,0.6676199436187744
92a07f9aa109f0f55af963f86e466c80718f9466,1,1.0,1.0,0,0.209,0,0,0.0,0.0,0,0,0.0,0.0,0,0,0.0,0.0,0.0009472370147705078,0.5718128681182861
5899f1eb7239ea26291b9e38490f5922b86158d8,1,1.0,1.0,0,0.121,0,0,0.0,0.0,0,0,0.0,0.0,0,0,0.0,0.0,0.0010633468627929688,0.9629919528961182
46a2c6bebe30989d51d59e14def38a82e8edfd78,3,0.9285714285714287,0.6666666666666666,0,0.497,0,0,0.0,0.0,0,0,0.075,0.113,0,0,0.188,0.188,0.001071929931640625,0.6751608848571777
4d5e45cdb44f61202ce439caa3d417813375f9b7,1,1.0,0.0,0,0.098,0,0,0.0,0.0,0,0,0.0,0.0,0,0,0.0,0.0,0.0010099411010742188,1.2300081253051758
4f6b009a28ab7203260330bd93384ef5c07fd062,1,1.0,1.0,0,0.11699999999999999,0,0,0.0,0.0,0,0,0.0,0.0,0,0,0.0,0.0,0.001065969467163086,0.6040709018707275
51eb5df8b27103169878575cb421e3181dcfd525,2,0.8,1.0,0,0.196,0,0,0.0,0.0,0,0,0.09,0.106,0,0,0.09,0.106,0.0009601116180419922,0.738631010055542
a768fe9aacf04cce58441ba5cbe6e0d03c2a11d8,93,0.6985968531045038,0.7956989247311828,0,84.825,0,0,1.2210000000000003,56.181,0,0,2.6380000000000003,74.26700000000001,0,0,4.574000000000001,75.82300000000001,0.001241922378540039,0.5030689239501953
9198e9498fbbb81851048d0eb71251046f16987f,1,1.0,1.0,0,0.11599999999999999,0,0,0.0,0.0,0,0,0.0,0.0,0,0,0.0,0.0,0.0009510517120361328,0.25306081771850586
56c60017199b255f38843e33beef95e8d767a10a,1,1.0,1.0,0,4.167,0,0,0.0,0.0,0,0,0.0,0.0,0,0,0.0,0.0,0.0010640621185302734,0.7053849697113037
cb66f2f8db1f0c443102f1948cfad2937e7edc6c,1,1.0,1.0,0,4.167,0,0,0.0,0.0,0,0,0.0,0.0,0,0,0.0,0.0,0.0009531974792480469,0.47382307052612305
73202a1e336eccbf9928bcfb5a780a0b97a49680,1,1.0,1.0,0,0.099,0,0,0.0,0.0,0,0,0.0,0.0,0,0,0.0,0.0,0.0010519027709960938,0.7426061630249023
27de9894f9e9102eac91fa928eb1443001a89feb,8,0.696078431372549,0.875,0,14.652,0,0,0.159,14.145999999999999,0,0,0.32999999999999996,14.315,0,0,0.5059999999999999,14.481,0.0011010169982910156,0.70076584815979
ca286ab3fba24ff27294bba50497b81978b27bad,15,0.7693548387096774,0.8,0,0.9090000000000001,0,0,0.14400000000000002,0.181,0,0,0.347,0.41,0,0,0.581,0.665,0.0010213851928710938,0.5915889739990234
bc8773df85d2db0d2d5bd99aa69d7e7c795e7aed,1,1.0,1.0,0,30.808000000000003,0,0,0.0,0.0,0,0,0.0,0.0,0,0,0.0,0.0,0.0009527206420898438,0.5558018684387207
7c6520ec7b665c28ac4ea97c02b54151c1f6fadc,22,0.7233201581027667,0.8181818181818182,0,2.045,0,0,0.265,0.53,0,0,0.613,0.8890000000000001,0,0,0.946,1.6179999999999999,0.0011370182037353516,0.896514892578125
25f3713d9280abd57a49a9979a23d4ebce27732f,1,1.0,1.0,0,2.157,0,0,0.0,0.0,0,0,0.0,0.0,0,0,0.0,0.0,0.0010590553283691406,0.5242531299591064
d654978ff5a8980c0efe10632f55218f4de4e6b3,3,1.0,0.3333333333333333,0,0.196,0,0,0.0,0.0,0,0,0.048,0.048,0,0,0.112,0.112,0.0009672641754150391,1.3757178783416748
2a31bc5fc0282cbeffe8e41c1c8c576314b4eec1,1,1.0,1.0,0,0.095,0,0,0.0,0.0,0,0,0.0,0.0,0,0,0.0,0.0,0.0010616779327392578,0.6905298233032227
4ed92759f28026d813b59a5ee66384043e3fd513,25,0.7938461538461538,0.8,0,24.578999999999997,0,0,0.337,0.9360000000000002,0,0,0.8579999999999999,2.7230000000000003,0,0,1.588,17.567,0.00098419189453125,0.5648210048675537
c4c86e2d39e3d653e2499c033b42f306593cf3e9,2,0.8,1.0,0,4.339999999999999,0,0,0.0,0.0,0,0,0.161,4.178999999999999,0,0,0.161,4.178999999999999,0.0009698867797851562,0.5935389995574951
fcca356d6a1bf190d335ed1db4cba5233f7b24d2,15,0.7733870967741936,0.8666666666666667,0,23.427000000000003,0,0,0.191,0.375,0,0,0.557,14.111999999999998,0,0,1.147,20.667,0.0010628700256347656,0.2842600345611572
14b52eb4f630f32c66122977331bd894b9474978,73,0.7120794263651407,0.7945205479452054,0,65.64299999999999,0,0,0.921,39.215999999999994,0,0,2.085,54.95599999999999,0,0,3.9210000000000003,59.803999999999995,0.0010190010070800781,0.43144798278808594
99a353be9d524c7993d2f46313317440bf04f408,5,0.8727272727272727,0.8,0,0.488,0,0,0.069,0.102,0,0,0.163,0.17099999999999999,0,0,0.262,0.27,0.0011250972747802734,0.7752170562744141
68374b282662788ffedad30e600771e6d5de321b,6,0.7362637362637363,1.0,0,13.491,0,0,0.078,10.953,0,0,0.262,11.17,0,0,0.373,11.248,0.0016849040985107422,0.447145938873291
a43d2fa2f74211881eaeb4188dfe330f905c8342,9,0.8877192982456141,0.8888888888888888,0,3.4739999999999998,0,0,0.139,0.203,0,0,0.313,0.381,0,0,0.5549999999999999,0.704,0.0009777545928955078,0.4322192668914795
e460f4f93817bea10b2fba8aaddeb892421d2668,1,1.0,1.0,0,0.14,0,0,0.0,0.0,0,0,0.0,0.0,0,0,0.0,0.0,0.001110076904296875,0.8296260833740234
3af25efa4e252240caac206899f68bdaa20e14ed,1,1.0,1.0,0,0.16699999999999998,0,0,0.0,0.0,0,0,0.0,0.0,0,0,0.0,0.0,0.0011050701141357422,0.325376033782959
958657f3c7cdf1f1d81a139b312c032020d582f0,20,0.7620209059233449,0.95,0,17.932000000000002,0,0,0.38000000000000006,0.49,0,0,0.862,12.456,0,0,1.4589999999999999,13.051000000000002,0.0011019706726074219,1.005450963973999
c40faa90f9cc73045995133714111bb6cb344ec2,3,1.0,0.6666666666666666,0,0.17,0,0,0.0,0.0,0,0,0.054000000000000006,0.054000000000000006,0,0,0.11100000000000002,0.11100000000000002,0.0010197162628173828,0.8273086547851562
2341c409ad30a83ea49d95c4b6571ae4479db887,1,1.0,1.0,0,0.092,0,0,0.0,0.0,0,0,0.0,0.0,0,0,0.0,0.0,0.0010950565338134766,0.7124831676483154
36940b6418283806ed10292776c9c4269923e1ca,1,1.0,1.0,0,0.094,0,0,0.0,0.0,0,0,0.0,0.0,0,0,0.0,0.0,0.0010709762573242188,0.4114210605621338
56f2a758983611adea7308e90ae9934c973efa72,79,0.7048901361356578,0.8481012658227848,0,46.09499999999999,0,0,0.9570000000000002,22.541,0,0,2.1730000000000005,24.086999999999996,0,0,3.9390000000000005,29.619,0.0010828971862792969,0.5734939575195312
72499caf6f7905122c97987953a313bf1c95901a,1,1.0,1.0,0,0.046,0,0,0.0,0.0,0,0,0.0,0.0,0,0,0.0,0.0,0.0010650157928466797,0.6465489864349365
bfe3c22bc3e866fc499433faf57a9239d4f6e1f2,1,1.0,1.0,0,0.127,0,0,0.0,0.0,0,0,0.0,0.0,0,0,0.0,0.0,0.00121307373046875,0.2743949890136719
5e223a403e65992d2d18b1b8cab5da2c6c1aa37d,2,1.0,1.0,0,15.338000000000001,0,0,0.0,0.0,0,0,1.111,1.111,0,0,1.111,1.111,0.0010197162628173828,0.8204736709594727
c898e483939740e706157b63b32cbe6f08a931a5,1,1.0,1.0,0,0.049,0,0,0.0,0.0,0,0,0.0,0.0,0,0,0.0,0.0,0.0010519027709960938,0.457165002822876
8d5c46f420fe3f7365579aabc8b40912a3610957,3,0.9285714285714285,1.0,0,0.159,0,0,0.0,0.0,0,0,0.048,0.048,0,0,0.10300000000000001,0.104,0.001013040542602539,0.474606990814209
5f88079956ba7fc4551a5fc51dc28d82e33dc65f,99,0.6948895995127157,0.8888888888888888,0,65.13899999999998,0,0,1.292,21.352999999999998,0,0,2.839,29.831000000000003,0,0,4.997000000000001,49.897000000000006,0.001157999038696289,0.6734981536865234
d8e8908db227ec91608b386a65b5f8559d92d8c9,19,0.797570850202429,0.8421052631578947,0,35.227,0,0,0.247,0.311,0,0,0.6749999999999999,15.506,0,0,1.3199999999999998,32.349999999999994,0.001049041748046875,0.5279600620269775
06033035f09c662020ffe0300983697c78d3039a,19,0.7493927125506072,0.8947368421052632,0,35.574,0,0,0.252,2.8810000000000002,0,0,0.689,21.581,0,0,1.376,22.072,0.0011479854583740234,0.39757490158081055
2196ff68d3f53213f3d07e38928805920089a03b,19,0.9044534412955465,0.8947368421052632,0,35.495999999999995,0,0,0.261,0.274,0,0,0.721,15.363,0,0,1.358,17.973,0.0010371208190917969,0.6166870594024658
aafa3dca40e1d0a377ce9112538091581176dd50,19,0.7846153846153845,1.0,0,35.251,0,0,0.265,0.32,0,0,0.728,17.354,0,0,1.3949999999999998,30.802,0.0009629726409912109,0.6747579574584961
65657b874c03a1b6fee23653b01a9baad6a518e8,19,0.7643724696356272,0.8421052631578947,0,35.742000000000004,0,0,0.257,2.7870000000000004,0,0,0.699,14.698,0,0,1.349,31.297999999999995,0.0010771751403808594,0.25482797622680664
5e2ace28efe0476feb6a32794fe6b5e90e71eb7e,19,0.7421052631578947,0.8947368421052632,0,35.152,0,0,0.263,4.308000000000001,0,0,0.716,18.3,0,0,1.3679999999999999,34.65299999999999,0.0011463165283203125,0.45835185050964355
6e2ac190ce379fb19acb8b5cf06c0a1b25d19059,19,0.7785425101214574,0.8947368421052632,0,35.21,0,0,0.269,4.839,0,0,0.738,5.384,0,0,1.4049999999999998,17.056,0.0010690689086914062,0.4355151653289795
b014a06d5b333a6fa30fbfde065d95bc0374d4a9,1,1.0,1.0,0,0.046,0,0,0.0,0.0,0,0,0.0,0.0,0,0,0.0,0.0,0.0009877681732177734,0.37803125381469727
dcf6e82f8610b89075e00711e186792053928c7e,1,1.0,1.0,0,0.054000000000000006,0,0,0.0,0.0,0,0,0.0,0.0,0,0,0.0,0.0,0.0010528564453125,0.5915088653564453
84a0d90783b095775b5d14b2a807497862d80db5,1,1.0,1.0,0,0.05,0,0,0.0,0.0,0,0,0.0,0.0,0,0,0.0,0.0,0.0009961128234863281,0.3056368827819824
10c8db1b1ae0fd9be8b661dbf24643c0a9012d68,1,1.0,1.0,0,0.05,0,0,0.0,0.0,0,0,0.0,0.0,0,0,0.0,0.0,0.0010290145874023438,0.3552379608154297
2bacf63927effbe494ea8888191b950037d4606f,1,1.0,1.0,0,0.068,0,0,0.0,0.0,0,0,0.0,0.0,0,0,0.0,0.0,0.0009427070617675781,0.6728529930114746
4f50c37506de036bb34094095aaa6d4d831bfbb7,1,1.0,1.0,0,0.051,0,0,0.0,0.0,0,0,0.0,0.0,0,0,0.0,0.0,0.0009968280792236328,0.4062659740447998
38b0ff19101496d89345213866e0940eb682a8bf,1,1.0,1.0,0,0.057,0,0,0.0,0.0,0,0,0.0,0.0,0,0,0.0,0.0,0.0009429454803466797,0.520745038986206
30280a9ba706b330cbf6b18e6f2f6660743c0f16,1,1.0,1.0,0,0.047,0,0,0.0,0.0,0,0,0.0,0.0,0,0,0.0,0.0,0.0009930133819580078,0.3094661235809326
9cd31226588fa303886b9daac162d5aa753e8e15,1,1.0,1.0,0,0.047,0,0,0.0,0.0,0,0,0.0,0.0,0,0,0.0,0.0,0.0009458065032958984,0.5432968139648438
c1b64e9d70875339f0f76bcc295cc0a735c1d4f3,1,1.0,1.0,0,0.05,0,0,0.0,0.0,0,0,0.0,0.0,0,0,0.0,0.0,0.0010008811950683594,0.49710893630981445
65c4a9c0ec651dd99f28b9fae40378728d071985,52,0.6875388762181218,0.9038461538461539,0,43.668000000000006,0,0,0.6640000000000001,28.009000000000004,0,0,1.488,35.023999999999994,0,0,2.785,36.31499999999999,0.0009877681732177734,0.29836535453796387
86cc77e21e15d1750d051598296c081809d15652,1,1.0,1.0,0,0.045,0,0,0.0,0.0,0,0,0.0,0.0,0,0,0.0,0.0,0.001056671142578125,0.55556321144104
d3fc1a2877c165a57949414f5737ef00ffcd867d,16,0.7807486631016044,0.625,0,20.668000000000003,0,0,0.199,14.243000000000002,0,0,0.457,17.729000000000003,0,0,0.7780000000000001,18.011000000000003,0.0015130043029785156,0.20142412185668945
d19259a7774e23ebdaac4af5ee4def8602fe2969,6,0.7582417582417582,1.0,0,0.6160000000000002,0,0,0.044000000000000004,0.111,0,0,0.14900000000000002,0.44600000000000006,0,0,0.21400000000000002,0.5000000000000001,0.0009510517120361328,0.6082179546356201
ed15b09985a073d0b17769bb9a28d3e41419a43b,2,0.8,0.5,0,0.423,0,0,0.0,0.0,0,0,0.07400000000000001,0.349,0,0,0.07400000000000001,0.349,0.0010199546813964844,0.6232352256774902
459cebc515b11fef06464b711b3b33cbc1dd8c26,1,1.0,1.0,0,0.052000000000000005,0,0,0.0,0.0,0,0,0.0,0.0,0,0,0.0,0.0,0.0012269020080566406,0.6513609886169434
72d00532aa8f0fb96371f01688ace8b9d53b17b8,19,0.8157894736842105,0.5789473684210527,0,35.071,0,0,0.197,4.195,0,0,0.523,9.013,0,0,0.9779999999999999,20.315999999999995,0.0009598731994628906,0.4233572483062744
947c01f6d8000122a174da3d668208eec877a799,19,0.6995951417004047,0.7894736842105263,0,34.732,0,0,0.20600000000000002,17.145,0,0,0.547,27.966,0,0,1.045,28.332000000000004,0.0010349750518798828,0.5234909057617188
748eef8b96068cadc45894967f58f015860afb1b,19,0.8469635627530363,0.8421052631578947,0,35.232,0,0,0.214,0.307,0,0,0.571,4.6370000000000005,0,0,1.0539999999999998,9.493,0.0009531974792480469,0.5388941764831543
27fb1044f1f244a9f8841f059392bd7e595797a3,19,0.8578947368421049,0.8421052631578947,0,34.992,0,0,0.207,0.29600000000000004,0,0,0.5619999999999999,14.690999999999999,0,0,1.0799999999999998,21.455999999999996,0.0009589195251464844,0.3379690647125244
467386105ad855e793a09632142c00cd01c5dd10,1,1.0,1.0,0,10.509,0,0,0.0,0.0,0,0,0.0,0.0,0,0,0.0,0.0,0.0010738372802734375,0.46559691429138184
9e405ca54138b63a4daff58d14d0527fef1e8e66,1,1.0,1.0,0,10.675999999999998,0,0,0.0,0.0,0,0,0.0,0.0,0,0,0.0,0.0,0.0009899139404296875,0.4535839557647705
a653a4487774f57a7aff2c9dc1fe40b9b221cb6b,19,0.9008097165991901,0.631578947368421,0,35.012,0,0,0.199,0.278,0,0,0.542,0.651,0,0,1.019,16.032999999999998,0.0010738372802734375,0.6059629917144775
0f98e790a43b17ae1bb60d264931fb4f13300762,19,0.7319838056680161,0.631578947368421,0,35.123000000000005,0,0,0.20099999999999998,4.7379999999999995,0,0,0.541,20.208,0,0,1.0679999999999998,34.746,0.0010151863098144531,0.6064209938049316
8f957f527b9048f51aad91b544bed35c48bcf3a9,19,0.8275303643724695,0.7368421052631579,0,34.824999999999996,0,0,0.212,0.34199999999999997,0,0,0.584,18.461,0,0,1.1129999999999998,20.94,0.0010409355163574219,0.5543830394744873
f03149e07dee90b23369d1cdb7f15c142df5e31d,19,0.8085020242914979,0.7894736842105263,0,35.105,0,0,0.205,11.293,0,0,0.5439999999999999,14.04,0,0,1.049,32.628,0.0010671615600585938,0.34499287605285645
8993c0060e4eb2d5bca20e3529a829a9dd90efdf,34,0.7416879795396419,0.8529411764705882,0,41.51500000000001,0,0,0.405,5.1,0,0,1.0450000000000002,8.075000000000001,0,0,1.935,26.784999999999997,0.0009589195251464844,0.355989933013916
48f7e179e4c5f4e59afdf0bfb4ec5228692e00ec,15,0.6524193548387098,0.6666666666666666,0,20.804000000000002,0,0,0.149,2.6830000000000003,0,0,0.40900000000000003,17.189,0,0,0.7499999999999999,20.582,0.0009930133819580078,0.6026601791381836
c329443d7d50b4d891bc8229988b838642a132cf,1,1.0,1.0,0,0.036000000000000004,0,0,0.0,0.0,0,0,0.0,0.0,0,0,0.0,0.0,0.0010590553283691406,0.922551155090332
91a94d9f47b2bc928eaaf83d7c9dd06c235a2824,1,1.0,1.0,0,0.055,0,0,0.0,0.0,0,0,0.0,0.0,0,0,0.0,0.0,0.0010650157928466797,1.2580327987670898
68a73b54d6fd08ea2951ea1911e035a2390119bc,15,0.7,0.8,0,21.265000000000004,0,0,0.158,2.353,0,0,0.42000000000000004,2.6340000000000003,0,0,0.799,19.331000000000003,0.0010077953338623047,0.53489089012146
b498cda5bc8d834ab311a6a3415e990100d8a81a,3,0.7857142857142856,0.6666666666666666,0,0.364,0,0,0.0,0.0,0,0,0.078,0.092,0,0,0.16999999999999998,0.286,0.0011928081512451172,0.5945208072662354
276b2825778c0f6286ead1dac0dfe5fca307e77a,3,0.9285714285714285,1.0,0,0.414,0,0,0.0,0.0,0,0,0.068,0.068,0,0,0.19,0.292,0.0010280609130859375,0.7467279434204102
90b2e46494eea8461523c55fd9cf3fe3d1bf00ce,19,0.9218623481781377,0.8947368421052632,0,35.021,0,0,0.21300000000000002,0.272,0,0,0.5930000000000001,3.025,0,0,1.151,7.511999999999999,0.0009531974792480469,0.4219167232513428
e4e03ef4c091f5a35da0d97a6a35224197b8be02,19,0.748987854251012,0.6842105263157895,0,34.839,0,0,0.213,13.704,0,0,0.5579999999999999,18.046,0,0,1.0719999999999998,18.358,0.0012328624725341797,0.49355530738830566
d24dd1a3abc4624be55c0772ae4432686ee18792,19,0.7886639676113361,0.8947368421052632,0,35.028999999999996,0,0,0.198,25.482,0,0,0.55,25.841,0,0,1.032,30.201000000000004,0.0009517669677734375,0.49738311767578125
71fc2c4c817a8c9bb41650d5b27a89e207a68c39,20,0.8299651567944251,0.8,0,39.882000000000005,0,0,0.33,2.766,0,0,0.728,13.3,0,0,4.1,24.414,0.001013040542602539,0.30065369606018066
f0751b65cf680456557aa1bf5c56b12f5c1a0fe0,20,0.8442508710801395,0.8,0,40.821000000000005,0,0,0.334,0.37300000000000005,0,0,0.759,8.654,0,0,4.8549999999999995,27.362000000000002,0.0010190010070800781,0.48021912574768066
d08dbbfdbc41cfafa122abf06d39ed543b473464,1,1.0,1.0,0,0.04,0,0,0.0,0.0,0,0,0.0,0.0,0,0,0.0,0.0,0.0009992122650146484,0.5261533260345459
a4705cc3c310ffb422336b319891f63eef021f1c,1,1.0,1.0,0,1.008,0,0,0.0,0.0,0,0,0.0,0.0,0,0,0.0,0.0,0.0009381771087646484,0.5651509761810303
bc10af423f2eaef8cfffe1c3ff06956afa3dd371,20,0.8379790940766549,0.75,0,40.089999999999996,0,0,0.35000000000000003,2.4560000000000004,0,0,0.7679999999999999,9.227,0,0,4.159,13.731000000000002,0.0010809898376464844,0.5161130428314209
2736b6fe0b3fa22ec8e2b4184897ecadb021fc78,19,0.8125506072874491,0.8421052631578947,0,35.104000000000006,0,0,0.223,11.447,0,0,0.592,14.233000000000002,0,0,1.095,30.688000000000006,0.0010678768157958984,0.4899940490722656
71639e041876e4dca28785ac3e61d80ecc33db44,19,0.9012145748987853,0.7368421052631579,0,34.967999999999996,0,0,0.222,0.274,0,0,0.558,0.601,0,0,1.059,18.519,0.0009558200836181641,0.3892991542816162
e996235aeb7908c74e85fdcdf1369a5e46672169,1,1.0,1.0,0,0.102,0,0,0.0,0.0,0,0,0.0,0.0,0,0,0.0,0.0,0.0009891986846923828,0.5339798927307129
0aeeb46737c5e4a5d8c21c26e6793956b0296cda,19,0.6939271255060727,0.7368421052631579,0,34.947,0,0,0.201,20.958,0,0,0.538,21.354,0,0,1.0419999999999998,34.565,0.0009517669677734375,0.504021167755127
fe38f8892a2e99cfb6b941c48a57e1415d7ab223,19,0.8542510121457488,0.7368421052631579,0,35.306000000000004,0,0,0.205,0.243,0,0,0.5439999999999999,6.639,0,0,1.019,9.447,0.0010380744934082031,0.4450798034667969
9e801d916c3d163a4cfcc822e50dd75ac7cefcc5,1,1.0,1.0,0,0.036000000000000004,0,0,0.0,0.0,0,0,0.0,0.0,0,0,0.0,0.0,0.0010650157928466797,0.49907994270324707
0cbb22ddd4cd4bd356dad0e8dca8dfe1080aae0f,1,1.0,1.0,0,0.08,0,0,0.0,0.0,0,0,0.0,0.0,0,0,0.0,0.0,0.0009381771087646484,0.06660223007202148
ef0fb794d49e9184913581f561c87ba8c62d5e4e,1,1.0,1.0,0,0.048,0,0,0.0,0.0,0,0,0.0,0.0,0,0,0.0,0.0,0.0009999275207519531,0.9621257781982422
e5f5eac9e65620e4697b922e0f49b7bbdb90695e,1,1.0,0.0,0,0.057999999999999996,0,0,0.0,0.0,0,0,0.0,0.0,0,0,0.0,0.0,0.0009889602661132812,0.05312490463256836
0298305934801cf65136ce20c59dd133d8ee4d17,19,0.7870445344129554,0.631578947368421,0,35.195,0,0,0.202,2.3800000000000003,0,0,0.554,9.154000000000002,0,0,1.066,20.479,0.0010037422180175781,0.676102876663208
9ba69d7b9af1ab71e0ca2d0044f464261ae6a199,19,0.7902834008097167,0.9473684210526315,0,34.70400000000001,0,0,0.212,14.384,0,0,0.564,29.407999999999998,0,0,1.093,29.776999999999997,0.0010020732879638672,0.35800790786743164
4597f38c3608cfe8ef872144ed4bfe393a05dc84,7,0.7142857142857143,0.8571428571428571,0,1.6610000000000003,0,0,0.042,0.307,0,0,0.147,0.474,0,0,0.325,1.5630000000000002,0.0010590553283691406,0.3620140552520752
c6b8a383de96cd0a8e94037a04510f162e4bbc68,21,0.8160676532769557,0.7619047619047619,0,40.629000000000005,0,0,0.35500000000000004,6.767,0,0,0.786,21.41,0,0,2.01,33.81700000000001,0.0009622573852539062,0.32419610023498535
44c5c5618d924a06fb9adae7856f31e75228d987,27,0.8422799422799423,0.7777777777777778,0,40.225,0,0,0.337,14.646999999999998,0,0,0.8559999999999999,15.203000000000003,0,0,1.588,20.442000000000004,0.0011591911315917969,0.44719696044921875
c97e637951ba8bedf74725a62644d7578ce1aaa6,27,0.7454545454545456,0.7777777777777778,0,35.958999999999996,0,0,0.254,6.579,0,0,0.698,7.027999999999999,0,0,1.2860000000000003,24.309000000000005,0.0009598731994628906,0.3727071285247803
41059e4a4827e882b7c77667ff62c9b0567e5e21,1,1.0,1.0,0,10.741,0,0,0.0,0.0,0,0,0.0,0.0,0,0,0.0,0.0,0.0009968280792236328,0.589076042175293
078af456fd74c3726438bfe853492286d7006c06,1,1.0,1.0,0,11.0,0,0,0.0,0.0,0,0,0.0,0.0,0,0,0.0,0.0,0.0010647773742675781,0.3755049705505371
7b813b674adc6c94a6c9a19524913c07b7d8bc9c,2,0.8,1.0,0,0.092,0,0,0.0,0.0,0,0,0.04,0.052000000000000005,0,0,0.04,0.052000000000000005,0.0010480880737304688,0.3795456886291504
cc1a99482b14b38bd2ab2319f0b1096c0db225ff,1,1.0,1.0,0,0.125,0,0,0.0,0.0,0,0,0.0,0.0,0,0,0.0,0.0,0.0009429454803466797,0.32082295417785645
1f925d7ad6d9da7ec75ba29e8668dd3267f104c1,3,0.7142857142857142,1.0,0,0.156,0,0,0.0,0.0,0,0,0.040999999999999995,0.063,0,0,0.093,0.115,0.0010559558868408203,0.4593348503112793
16c983693a235bdc45c6286a1e7b01d8ef58907e,2,0.8,1.0,0,2.823,0,0,0.0,0.0,0,0,0.281,2.542,0,0,0.281,2.542,0.0009400844573974609,0.4869110584259033
3ad22fe3d689781a76a92908d0bbc119b2c68892,1,1.0,1.0,0,0.043,0,0,0.0,0.0,0,0,0.0,0.0,0,0,0.0,0.0,0.0010440349578857422,0.4160940647125244
b487c9e8bc8410c7c0ca94f9494bcff90613946a,1,1.0,1.0,0,0.043,0,0,0.0,0.0,0,0,0.0,0.0,0,0,0.0,0.0,0.0009331703186035156,0.043737173080444336
a265435033b6df7f204c58776e0fc8be997ac54a,1,1.0,0.0,0,0.04,0,0,0.0,0.0,0,0,0.0,0.0,0,0,0.0,0.0,0.000946044921875,0.49817967414855957
b3f320fe5a91eeb42b330621c19e1c8046658ea7,47,0.77989921612542,0.8723404255319149,0,36.65700000000001,0,0,0.4469999999999999,16.447000000000003,0,0,1.0140000000000002,30.493000000000002,0,0,1.9440000000000002,31.799000000000003,0.0010461807250976562,0.9144251346588135
5392c441786322b6358b42bab0f0bc7018e06aad,47,0.6393057110862261,0.9148936170212766,0,36.88999999999999,0,0,0.4729999999999999,5.404,0,0,1.0800000000000003,33.141999999999996,0,0,2.071,36.193,0.0010879039764404297,0.4473259449005127
d403c703ab8b8c015febdb887e9756caf67eb8b9,47,0.7473404255319148,0.8936170212765957,0,38.75000000000001,0,0,0.45299999999999996,17.59,0,0,1.0430000000000001,20.428,0,0,1.982,32.153999999999996,0.0010061264038085938,0.5515341758728027
4daab02fb7d967a39eb15fe33f0d5350fc548a98,47,0.7396136618141098,0.9148936170212766,0,38.047000000000004,0,0,0.4659999999999999,12.113000000000001,0,0,1.08,13.454,0,0,2.0780000000000003,14.732,0.000978231430053711,0.4957621097564697
b5990be69139f0b04919bc097144a105051aafcc,1,1.0,0.0,1,0.11,0,0,0.0,0.0,0,0,0.0,0.0,0,0,0.0,0.0,0.0010900497436523438,0.4105679988861084
30f81c47f7ea0e9f743e08e73f48c0cfcfb746ff,3,0.9285714285714287,0.6666666666666666,0,2.6239999999999997,0,0,0.0,0.0,0,0,0.067,0.08,0,0,0.14700000000000002,0.14700000000000002,0.0012350082397460938,0.6966688632965088
f15433d69c96aec08c9a0c3c15a69edd8250ae2b,6,0.7802197802197802,0.8333333333333334,0,3.5679999999999996,0,0,0.057999999999999996,2.445,0,0,0.181,2.5649999999999995,0,0,0.258,2.6419999999999995,0.0009660720825195312,0.6446290016174316
94aaf0649da33ad07a35c4dab29363227febce56,21,0.8420416792509817,0.7142857142857143,0,40.795,0,0,0.35700000000000004,12.709999999999999,0,0,0.7769999999999999,15.231000000000002,0,0,2.298,29.694000000000003,0.0009748935699462891,0.6965901851654053
62eef61f85e15fddcb54e95a68f270fe3614684b,1,1.0,0.0,1,2.167,0,0,0.0,0.0,0,0,0.0,0.0,0,0,0.0,0.0,0.0009458065032958984,0.44400882720947266
533944f431e31fe281aea99a36404634111adce6,31,0.6730030721966206,0.7419354838709677,1,42.392999999999994,1,1,2.425,24.241000000000003,1,1,2.9959999999999996,29.003000000000004,1,1,3.8540000000000005,41.612999999999985,0.0009930133819580078,0.49068713188171387
a931b223435e0ad2cd65d50153cdc071895ea958,1,1.0,0.0,0,0.085,0,0,0.0,0.0,0,0,0.0,0.0,0,0,0.0,0.0,0.0009527206420898438,0.5719642639160156
ec3f268c041eb980eb9959d62616e0ab84243a4d,1,1.0,0.0,0,0.048,0,0,0.0,0.0,0,0,0.0,0.0,0,0,0.0,0.0,0.001004934310913086,0.42089319229125977
290ced5f70db2d51fb282f49a1f7f0d8e272cae3,1,1.0,1.0,0,0.348,0,0,0.0,0.0,0,0,0.0,0.0,0,0,0.0,0.0,0.0009458065032958984,0.6099772453308105
a14aa925ecba88855c66b7e38b6dcf30c5b99ffe,15,0.7516129032258063,0.8666666666666667,0,27.67,0,0,0.12,0.831,0,0,0.30599999999999994,12.219999999999999,0,0,0.772,26.902,0.0010972023010253906,0.33046388626098633
085226e8473cae1c8ddf216fad002151465bfaa3,17,0.7277310924369749,0.9411764705882353,0,17.915,0,0,0.15600000000000003,14.347000000000001,0,0,0.35100000000000003,14.55,0,0,0.611,17.653,0.0010249614715576172,1.0714020729064941
41c73e390abb85f0c8bc4f3097056ddda246540b,1,1.0,1.0,0,0.078,0,0,0.0,0.0,0,0,0.0,0.0,0,0,0.0,0.0,0.0012171268463134766,0.40507006645202637
8b38e21a880e3738c037322b11593921ff71b57f,2,0.8,1.0,0,0.191,0,0,0.0,0.0,0,0,0.055,0.136,0,0,0.055,0.136,0.000949859619140625,0.6528809070587158
9bb3481aec6468da930fa2cae9b0710f33b1c5dc,22,0.7723320158102766,0.7272727272727273,0,41.111999999999995,0,0,0.335,16.108999999999998,0,0,0.8059999999999999,20.688,0,0,2.5700000000000003,35.370999999999995,0.0011048316955566406,0.5615537166595459
a9e8244e42a3c746c27db06544d027fb897fe17e,2,0.8,1.0,0,0.173,0,0,0.0,0.0,0,0,0.048,0.125,0,0,0.048,0.125,0.0014209747314453125,0.3420882225036621
5799ec50d7b220bc25f86828ce388a358aa2d9b4,1,1.0,1.0,0,0.043,0,0,0.0,0.0,0,0,0.0,0.0,0,0,0.0,0.0,0.0011250972747802734,0.5099573135375977
e921bc6a8c63dc6b33e8e220aa28084bb2434222,2,1.0,1.0,0,4.612,0,0,0.0,0.0,0,0,2.19,2.19,0,0,2.19,2.19,0.0014567375183105469,0.6625728607177734
95c310904e83b70e534719249ff017cf6ac1a29e,3,0.9285714285714285,0.6666666666666666,0,0.573,0,0,0.0,0.0,0,0,0.08,0.08,0,0,0.278,0.375,0.001009225845336914,0.6730122566223145
25c09bc20b639bde3879745325c89299f44a4d20,3,0.9285714285714287,1.0,0,2.6189999999999998,0,0,0.0,0.0,0,0,0.065,0.068,0,0,0.133,0.133,0.0010082721710205078,0.41593289375305176
05611c9fc584e0201bc31434a559a4097e6b200f,42,0.6320891147156538,0.8809523809523809,0,38.959999999999994,0,0,0.40499999999999997,8.334,0,0,1.0490000000000002,35.557,0,0,2.0500000000000003,38.165,0.0010001659393310547,0.624701976776123
0223d8df279f48982a55cce0b34b93379ffc3419,22,0.704874835309618,0.6818181818181818,1,40.224000000000004,1,0,11.350999999999997,6.834000000000001,1,0,11.803999999999997,23.453999999999997,1,0,12.306999999999999,28.741,0.0010118484497070312,0.563060998916626
645f4ef4971ac1517df922808e33fce6b577fa2c,22,0.7918313570487484,0.8636363636363636,0,40.024,0,0,0.327,16.695,0,0,0.7949999999999999,17.188000000000002,0,0,2.151,20.835,0.0009851455688476562,1.2184252738952637
a467b03e1b481a288ad9271aca2942d4504dba7f,17,0.8156862745098039,0.7058823529411765,0,35.35099999999999,0,0,0.228,14.269,0,0,0.549,26.171999999999997,0,0,1.553,30.912999999999993,0.0010590553283691406,0.5127589702606201
41857bd10054e20d000981b90b2e9b6972837668,2,0.8,1.0,0,15.406,0,0,0.0,0.0,0,0,1.034,14.372,0,0,1.034,14.372,0.0009570121765136719,0.8406968116760254
a55a369b92c0264134e9ac8e0debafb18497af07,29,0.7964932787843367,0.896551724137931,0,36.033,0,0,0.364,13.121,0,0,0.8150000000000002,13.609999999999998,0,0,1.358,29.114999999999995,0.0009870529174804688,0.6027131080627441
074cd6d15154184147f754f53765ccddd3a1f332,1,1.0,1.0,0,0.037000000000000005,0,0,0.0,0.0,0,0,0.0,0.0,0,0,0.0,0.0,0.0010647773742675781,0.7310099601745605
d9e154a5d7fb86c686ecbe0b1f2e1d72e65f0993,22,0.8187088274044796,0.8181818181818182,0,40.472,0,0,0.343,8.452000000000002,0,0,0.821,9.024000000000001,0,0,2.386,21.278000000000002,0.0012333393096923828,0.43636202812194824
a344177ef1ba9810c07f33ba1589000911e822ca,2,1.0,1.0,0,14.813,0,0,0.0,0.0,0,0,0.696,0.696,0,0,0.696,0.696,0.0009667873382568359,0.6724350452423096
